mora,token_id,start_sec,end_sec
さ,43,1.1040404040404042,1.1240909090909093
か,14,1.3446464646464646,1.3646969696969697
な,13,1.5451515151515154,1.5652020202020203
