mora,token_id,start_sec,end_sec
た,23,0.8867647058823529,0.9068627450980391
か,14,1.1078431372549018,1.127941176470588
な,13,1.3490196078431371,1.3691176470588233
