mora,token_id,start_sec,end_sec
た,23,0.8867647058823529,1.1078431372549018
か,14,1.1078431372549018,1.3490196078431371
な,13,1.3490196078431371,3.5999999999999996
