mora,token_id,start_sec,end_sec
さ,43,1.4304918032786884,1.4506010928961748
か,14,1.6315846994535521,1.6516939890710383
な,13,1.9131147540983608,1.933224043715847
