path,pred_label,proba_sa,proba_sha,proba_ta,proba_tha,proba_tya
_predict_images\cleaned_audio_sa.png,tha,0.000126641258248128,2.2315437036013464e-06,0.0018147471128031611,0.9667420387268066,0.03131438419222832
