path,pred_label,proba_sa,proba_sha,proba_ta,proba_tha,proba_tya
_predict_images\ta_test_seg01.png,tha,0.2558780837931055,0.00015554828804261367,7.713904804601901e-05,0.7438614711904511,2.775768035460237e-05
