path,pred_label,proba_sa,proba_sha,proba_ta,proba_tha,proba_tya
_predict_images\cleaned_audio_ta.png,ta,1.9246632291469723e-05,1.275912264731005e-08,0.8361704349517822,0.05357153341174126,0.11023884266614914
