{
	"class_name" : "PinholeCameraParameters",
	"extrinsic" : 
	[
		-0.99203181203975821,
		-0.030088725180492513,
		-0.12234194913490118,
		0.0,
		0.052846753246162316,
		-0.98088414611050134,
		-0.18727923691752893,
		0.0,
		-0.11436828481905806,
		-0.19225233555430607,
		0.97465836830217667,
		0.0,
		0.05400240172003936,
		0.087597781761908466,
		0.064957312318053656,
		1.0
	],
	"intrinsic" : 
	{
		"height" : 1061,
		"intrinsic_matrix" : 
		[
			918.85295341528945,
			0.0,
			0.0,
			0.0,
			918.85295341528945,
			0.0,
			959.5,
			530.0,
			1.0
		],
		"width" : 1920
	},
	"version_major" : 1,
	"version_minor" : 0
}