{
	"class_name" : "PinholeCameraParameters",
	"extrinsic" : 
	[
		0.79916723733973549,
		0.036292437115963111,
		-0.60001215468601876,
		0.0,
		-0.01750033465399535,
		0.99915733739101631,
		0.037126182468618853,
		0.0,
		0.60085394652092727,
		-0.019169615172946894,
		0.79912893878544278,
		0.0,
		-0.22199300106281325,
		-0.01122328502079422,
		0.044030949865111746,
		1.0
	],
	"intrinsic" : 
	{
		"height" : 1061,
		"intrinsic_matrix" : 
		[
			918.85295341528945,
			0.0,
			0.0,
			0.0,
			918.85295341528945,
			0.0,
			959.5,
			530.0,
			1.0
		],
		"width" : 1920
	},
	"version_major" : 1,
	"version_minor" : 0
}