{
	"class_name" : "PinholeCameraParameters",
	"extrinsic" : 
	[
		0.98546941096709806,
		-0.016167837416653615,
		-0.16908175857090418,
		0.0,
		-0.027855675433774076,
		-0.99736516875418546,
		-0.066983441999224472,
		0.0,
		-0.167553279270473,
		0.070720019720047364,
		-0.98332323140283184,
		0.0,
		0.079656862926833438,
		-0.056379319267446645,
		0.15731056488352327,
		1.0
	],
	"intrinsic" : 
	{
		"height" : 1055,
		"intrinsic_matrix" : 
		[
			913.65680099258282,
			0.0,
			0.0,
			0.0,
			913.65680099258282,
			0.0,
			959.5,
			527.0,
			1.0
		],
		"width" : 1920
	},
	"version_major" : 1,
	"version_minor" : 0
}