{
	"class_name" : "PinholeCameraParameters",
	"extrinsic" : 
	[
		-0.86162499588987707,
		-0.01700263288489889,
		0.50726056118404372,
		0.0,
		-0.041965445691415602,
		-0.99362995361580975,
		-0.10458688562800174,
		0.0,
		0.50580754030133879,
		-0.111402090431128,
		0.85542288163333846,
		0.0,
		-0.12890410842215905,
		-0.0042521326815132664,
		0.10709749883824568,
		1.0
	],
	"intrinsic" : 
	{
		"height" : 1061,
		"intrinsic_matrix" : 
		[
			918.85295341528945,
			0.0,
			0.0,
			0.0,
			918.85295341528945,
			0.0,
			959.5,
			530.0,
			1.0
		],
		"width" : 1920
	},
	"version_major" : 1,
	"version_minor" : 0
}