{
	"class_name" : "PinholeCameraParameters",
	"extrinsic" : 
	[
		-0.93116546285481805,
		-0.052784292861177778,
		0.36075573344510842,
		0.0,
		0.068885263053072215,
		-0.99711413111185276,
		0.031909717503670942,
		0.0,
		0.35803030782390721,
		0.054563980465142534,
		0.93211430131466066,
		0.0,
		-0.22402154232165961,
		-0.10342424290364555,
		-0.29029460465155754,
		1.0
	],
	"intrinsic" : 
	{
		"height" : 1061,
		"intrinsic_matrix" : 
		[
			918.85295341528945,
			0.0,
			0.0,
			0.0,
			918.85295341528945,
			0.0,
			959.5,
			530.0,
			1.0
		],
		"width" : 1920
	},
	"version_major" : 1,
	"version_minor" : 0
}