{
	"class_name" : "PinholeCameraParameters",
	"extrinsic" : 
	[
		-0.99933311179388429,
		0.013244082178475421,
		-0.034028311148246858,
		0.0,
		-0.0085810522206667753,
		-0.99098557393749864,
		-0.13369352187205141,
		0.0,
		-0.035492213443772451,
		-0.13331236452413667,
		0.99043834550659715,
		0.0,
		0.0025290661864458808,
		0.051250387361050802,
		-0.05527187116753348,
		1.0
	],
	"intrinsic" : 
	{
		"height" : 1061,
		"intrinsic_matrix" : 
		[
			918.85295341528945,
			0.0,
			0.0,
			0.0,
			918.85295341528945,
			0.0,
			959.5,
			530.0,
			1.0
		],
		"width" : 1920
	},
	"version_major" : 1,
	"version_minor" : 0
}