{
	"class_name" : "PinholeCameraParameters",
	"extrinsic" : 
	[
		0.96372659534759386,
		-0.0074149724065198175,
		0.26678843229035604,
		0.0,
		-0.013416090888504617,
		0.99700431772917864,
		0.07617347920796648,
		0.0,
		-0.26655404316011921,
		-0.076989665628483334,
		0.96074009672825034,
		0.0,
		0.059419074187224238,
		0.028154786348282286,
		-0.031281460313332309,
		1.0
	],
	"intrinsic" : 
	{
		"height" : 1061,
		"intrinsic_matrix" : 
		[
			918.85295341528945,
			0.0,
			0.0,
			0.0,
			918.85295341528945,
			0.0,
			959.5,
			530.0,
			1.0
		],
		"width" : 1920
	},
	"version_major" : 1,
	"version_minor" : 0
}