{
	"class_name" : "PinholeCameraParameters",
	"extrinsic" : 
	[
		-0.772900547982033,
		-0.024145445043471821,
		0.63406761501651066,
		0.0,
		-0.046228964005114559,
		-0.99447739252198708,
		-0.094221009598091307,
		0.0,
		0.63284091667344566,
		-0.10213575890119225,
		0.76751590272618497,
		0.0,
		-0.3845068942950316,
		-0.0171724734065987,
		-0.21545482922725565,
		1.0
	],
	"intrinsic" : 
	{
		"height" : 1061,
		"intrinsic_matrix" : 
		[
			918.85295341528945,
			0.0,
			0.0,
			0.0,
			918.85295341528945,
			0.0,
			959.5,
			530.0,
			1.0
		],
		"width" : 1920
	},
	"version_major" : 1,
	"version_minor" : 0
}