{
	"class_name" : "PinholeCameraParameters",
	"extrinsic" : 
	[
		0.99885262215374271,
		-0.046342095611914463,
		0.012076812116148541,
		0.0,
		0.043365742250697316,
		0.98225374759866002,
		0.18247462214629781,
		0.0,
		-0.020318750346383509,
		-0.181741534885904,
		0.98313639078292547,
		0.0,
		0.029947684707087814,
		0.074240631695737316,
		-0.016652850549208023,
		1.0
	],
	"intrinsic" : 
	{
		"height" : 1061,
		"intrinsic_matrix" : 
		[
			918.85295341528945,
			0.0,
			0.0,
			0.0,
			918.85295341528945,
			0.0,
			959.5,
			530.0,
			1.0
		],
		"width" : 1920
	},
	"version_major" : 1,
	"version_minor" : 0
}