{
	"class_name" : "PinholeCameraParameters",
	"extrinsic" : 
	[
		-0.99544068475350833,
		-0.095014539010475574,
		-0.0083714105199424529,
		0.0,
		0.094390119019347019,
		-0.96865314542361014,
		-0.22978596408932364,
		0.0,
		0.013724014317250222,
		-0.22952847587515857,
		0.97320518401488532,
		0.0,
		-0.0041121407719652446,
		0.054725247924059174,
		-0.30699470815860691,
		1.0
	],
	"intrinsic" : 
	{
		"height" : 1061,
		"intrinsic_matrix" : 
		[
			918.85295341528945,
			0.0,
			0.0,
			0.0,
			918.85295341528945,
			0.0,
			959.5,
			530.0,
			1.0
		],
		"width" : 1920
	},
	"version_major" : 1,
	"version_minor" : 0
}