feat_000,feat_001,feat_002,feat_003,feat_004,feat_005,feat_006,feat_007,feat_008,feat_009,feat_010,feat_011,feat_012,feat_013,feat_014,feat_015,feat_016,feat_017,feat_018,feat_019,feat_020,feat_021,feat_022,feat_023,feat_024,feat_025,feat_026,feat_027,feat_028,feat_029,feat_030,feat_031,feat_032,feat_033,feat_034,feat_035,feat_036,feat_037,feat_038,feat_039,feat_040,feat_041,feat_042,feat_043,feat_044,feat_045,feat_046,feat_047,feat_048,feat_049,feat_050,feat_051,feat_052,feat_053,feat_054,feat_055,feat_056,feat_057,feat_058,feat_059,feat_060,feat_061,feat_062,feat_063,feat_064,feat_065,feat_066,feat_067,feat_068,feat_069,feat_070,feat_071,feat_072,feat_073,feat_074,feat_075,feat_076,feat_077,feat_078,feat_079,feat_080,feat_081,feat_082,feat_083,feat_084,feat_085,feat_086,feat_087,feat_088,feat_089,feat_090,feat_091,feat_092,feat_093,feat_094,feat_095,feat_096,feat_097,feat_098,feat_099,label
2.554836035,2.355104923,2.668278217,3.585579872,3.808105946,2.831164598,2.491705418,4.136409283,4.290970802,2.299311876,2.408855438,3.485494137,2.446816206,2.381340742,2.988891602,3.65763545,3.550797462,3.818317652,4.216105938,3.418918371,3.203215122,4.765061378,4.384520054,3.749875546,3.666648388,4.466645718,4.629633904,2.990872145,2.931509495,3.42216301,2.678431749,2.211889744,3.028299093,3.541558743,3.43603301,2.650551558,3.734270096,3.973648787,3.634215832,3.48698473,4.242961884,4.645061493,4.432611465,4.170187473,4.240954876,3.669578552,3.530877829,3.572822332,2.87937665,2.857118845,2.950969458,2.978123426,2.760956764,2.427066803,1.893546939,2.432658911,2.108095407,1.901911616,2.149501562,2.269592762,2.26319313,2.13890934,2.161188126,2.405348301,2.42766881,2.174091578,2.268904448,2.084764481,1.84352839,1.855440378,1.677448988,2.093271494,2.002604485,2.158305168,2.098307371,2.155435562,2.223155975,1.891678452,2.255484819,2.809794426,2.347365141,2.145210981,1.470052838,1.332360625,1.630858064,1.325430512,1.668027401,0.9148996472,1.040421486,0.9634379148,1.009618998,0.5747952461,0.4091274142,0.2972225547,0.3858036399,0.318782866,0.3396753073,0.402256608,0.6119710207,0.4997415245,sakana
1.202328086,1.49812758,1.897685051,3.228193045,2.654148579,1.155368328,2.257978916,4.254256725,3.431200743,1.325934649,2.512720346,2.8661201,2.132101774,1.295438409,2.123566866,3.434685946,3.67726326,3.066481113,2.219760418,2.347023726,3.566701651,3.423903227,1.851539731,2.946802616,4.650807858,2.968449593,1.897070289,2.461549044,3.050494671,2.044135332,1.062211037,2.440243244,2.900504112,2.051456213,2.169978619,2.686036587,3.567893267,3.052271366,2.553538799,2.677979708,3.817785263,3.722219944,3.274483204,3.269379377,4.498636723,2.792300701,2.216955662,2.56619215,2.559043646,2.239199162,2.03853178,2.568246126,2.903877974,1.463735104,0.9511804581,1.324144483,2.029898882,1.270321131,1.132687092,1.226555228,1.714774251,1.554971933,1.201819062,1.052340865,1.966442943,1.796313643,1.215348244,1.092748284,1.137330294,1.478407145,0.9904530048,0.8898535967,1.503179908,1.715906739,0.9523035884,0.9272545576,0.9515035152,1.449745655,1.101371288,1.224778056,1.56887126,1.784727812,0.711702466,0.8746417165,1.158776045,1.536378026,1.146754503,0.6836026311,0.587197125,0.4531427324,0.4615018666,0.2257751524,0.2147020847,0.3388544023,0.1998886019,0.1345050931,0.261962682,0.5527111888,0.469712764,0.2383798361,sakana
0.7580835223,0.7782356739,1.035835624,2.135493279,2.051767349,1.084288359,1.55995059,3.522936106,2.948930502,0.9558116794,1.442593813,1.999220729,1.530397177,0.6553952694,1.991757751,2.392683506,2.724848509,2.619726658,2.380546093,2.085263014,2.906703472,3.978117943,2.244452715,2.967185259,4.44455719,3.751111984,2.420052528,2.167193174,2.979690552,2.682346821,1.728066921,2.449334621,2.737119436,2.542627096,2.511652946,2.655405521,3.014815092,3.186395168,3.432206392,3.317547083,3.204198122,3.714538813,4.074353695,3.636156559,4.177326679,3.6347754,2.770936966,2.295589924,1.921922803,2.492967129,2.087842226,2.413095713,2.227220058,1.810972929,1.404567361,1.31399107,1.302547216,1.407893777,1.290239215,1.353682756,1.57707119,1.710411549,1.65460062,1.59553659,1.623546004,1.969279528,1.831445694,1.502292395,1.165232778,1.434105873,1.430903912,1.093440652,1.053009868,1.289113283,1.542126775,0.9975754619,0.9161940217,0.8824862242,1.577243328,0.8057776093,0.7392929792,1.230804205,0.6426113844,0.5761806965,0.7957705259,1.027384281,1.053688526,0.7763699293,1.166878939,1.029835105,1.429767251,0.8480200171,0.6251835227,0.4472142458,0.5166412592,0.3937431276,0.3492715955,0.8138020635,1.012554526,0.5900038481,sakana
1.842598796,1.226400733,1.590387106,3.016922235,2.095268488,1.254463196,2.054688215,3.765195847,2.885953903,0.9962272644,1.969479561,2.535168648,1.859962344,0.8903623819,1.796807647,2.406087399,2.507741451,2.075088739,1.716057301,2.141579866,2.708772659,3.354649067,1.830175281,3.131640911,3.973145247,3.418910265,2.813427925,2.373874903,2.349256754,2.509370804,1.659172893,2.282660961,2.48129034,2.499585629,2.551821947,2.512345791,2.905322075,3.090396881,3.398319244,3.119405746,3.364563704,3.727170944,4.01645422,3.844006777,3.925682545,3.225151777,2.848020554,2.121114969,2.027965307,2.124926567,2.422976732,2.162680864,2.011843204,1.428639054,1.515010238,1.492562413,1.354648113,1.111776829,1.437065125,1.557333112,1.582715154,1.371943951,1.703858614,1.914640307,1.932273865,1.723206282,1.965808153,1.725511312,1.370404959,0.9516049623,1.252095819,1.067625403,0.7527214289,0.9367356896,0.7680628896,0.571944654,0.5128448606,0.4873657823,0.4700659215,0.4727149904,0.623116672,0.4904795885,0.2269407958,0.3317272067,0.8139458895,0.6266614795,0.6167865396,0.5632086992,1.234810114,0.5837973952,0.8679645658,0.7995340228,0.3872011006,0.3015273511,0.2910418808,0.2873548567,0.5199770927,0.6626777053,0.8317910433,0.8111575246,sakana
0.7889578342,0.9900650382,1.006801128,2.712646961,1.635287285,1.032023907,2.175673246,3.642144918,2.149242878,1.409229636,1.956942439,2.419173241,1.172402143,1.164840937,1.443405747,2.019714355,1.972088456,1.939069271,1.838827252,2.202204943,2.565184832,2.591884136,2.052851677,3.447091579,3.760079622,3.005397558,1.987148643,2.455156565,1.849687576,1.968002796,1.64433825,2.436761618,2.580302,2.239070177,2.638321877,2.605039597,2.844839096,3.214977264,3.076571465,3.015026808,3.37705636,3.482069969,3.606417179,3.667038202,3.587898254,2.724767685,2.341868401,1.726179004,1.778538346,1.199907899,1.943573475,1.948767781,1.78564024,1.501120448,1.411361456,1.285955071,0.9622156024,0.959747076,1.296335101,1.497811675,1.364411831,1.481720567,1.540974617,1.660200477,1.607486248,1.524970531,1.41769588,1.304878831,1.04493916,0.9923657179,0.6930797696,0.7750486135,0.549055934,0.5835334063,0.6286015511,0.5055938363,0.4798749983,0.3605640531,0.6538780332,0.7251855135,0.5666155219,0.8953098655,0.5152181983,0.7733038664,0.7720990777,1.016212463,0.9642056823,0.876809895,0.7675318122,0.8518642783,1.028806448,0.5886559486,0.2181118578,0.2202761024,0.4023319483,0.2684320509,0.3792026639,0.7525969744,0.7387942076,0.4892772436,sakana
0.992552042,0.8909403086,1.258977771,2.865808487,1.830132365,1.052117825,2.299442053,3.906002522,2.700507164,1.401551604,2.474982738,2.808598995,1.792152047,1.116714954,2.089075804,2.704175949,2.489341021,2.329200029,1.983314753,2.258447886,2.668684959,2.716217518,1.666826367,3.211817026,3.72863102,2.937716246,1.541676641,2.364593506,1.668614626,1.894773245,1.433676004,2.345292807,2.460671425,2.106565475,2.388866186,2.432574511,2.53881979,2.744935513,2.895069361,2.86379385,3.119934797,3.466196537,3.712444067,3.716524124,3.593356609,2.952952862,2.623499393,2.619994164,2.517034054,1.826538801,2.065992355,2.377906561,1.813930035,1.602738142,1.471670389,1.513531089,1.292794824,1.046402693,1.502617836,1.714327097,1.494260192,1.499723196,1.733466625,1.78638649,1.762117624,1.604835749,1.705856442,1.377355576,1.133923531,1.11905849,1.195841908,0.9022731185,0.7371582985,0.8316147327,1.108699799,0.5699440837,0.68426162,0.4927412271,0.9293782115,0.9258200526,0.6485027075,0.7025535703,0.6459440589,0.6960455179,0.9145941734,1.16063869,1.389873862,1.029808164,1.294895291,1.125904083,1.443982124,0.6595431566,0.5997996926,0.2633070648,0.6153095961,0.3681803346,0.5385901928,0.9545595646,1.042115927,0.6420877576,sakana
0.6252987981,0.8463333249,1.431751251,2.696851969,1.311529636,0.9220040441,2.175187349,3.562472343,1.964204073,1.238812804,1.963582754,2.448103666,1.183588147,0.8480761051,1.92895925,2.791251898,2.055872679,1.679397106,2.092582464,2.488955736,2.589179754,2.67065239,2.211451054,3.595923662,3.757580519,2.87008667,2.936234474,2.143866777,1.781128526,2.060612917,1.496623516,2.48325181,2.587705851,2.843002558,2.148582458,2.39754343,3.059488297,3.137094736,2.894752741,3.205499649,3.570214272,3.608288288,3.648127317,3.7558074,3.453959703,3.043474674,2.425168514,2.208603382,1.939402103,1.842844009,1.958739281,2.031621456,1.824092627,1.678268909,1.259810925,1.259864688,0.965266645,1.075636744,1.257322431,1.369343519,1.320823312,1.48888278,1.37601757,1.68475771,1.516533375,1.582381845,1.638418674,1.460890055,1.110287905,1.137164831,1.203657866,1.091567039,0.8851153255,0.82627666,0.6940162182,0.5798971057,0.631185174,0.5731965303,0.5428267717,0.7230955958,0.692011416,0.4833897352,0.4051553011,0.4796098173,0.9695322514,0.6306405663,0.9552813172,0.9616652131,1.342499733,0.6545358896,1.019803643,1.028613925,0.3758656681,0.2656851113,0.3868619502,0.3908013403,0.4053393304,0.654534936,0.919270575,0.6796206832,sakana
0.9983978868,1.00718987,1.433992863,3.224508047,1.970217109,1.403841019,2.799604416,3.844535828,2.451000214,1.60918045,2.338111877,2.807975054,1.480637908,1.302822828,2.16814518,2.839986801,2.328009129,1.964889169,2.139438868,2.771152258,2.493976116,2.260955572,2.478628397,3.667238712,3.672507048,2.623160839,3.080113888,2.014344454,1.714171767,2.252095699,1.511010051,2.461634398,2.670875311,2.317972183,2.369481325,2.38751483,3.090884209,2.787870407,2.67508626,2.982504606,3.21915555,3.358280897,3.570510149,3.457098484,3.373847246,2.841412544,2.342673779,2.37911725,2.214568377,1.993710518,2.007194996,1.871480107,1.825369954,1.673756719,1.346529484,1.423653841,1.30686307,1.084127903,1.22344923,1.369201899,1.489654183,1.59115684,1.460206151,1.568703771,1.743531823,1.533969522,1.443758488,1.097183824,1.115213513,1.145948291,0.9007727504,0.8421311378,0.8525648117,0.8425758481,0.6696357131,0.4512031674,0.5761514902,0.58988446,0.7304113507,0.8546805382,0.9091558456,0.6773865223,0.58196944,0.4312886298,1.29718554,1.011586666,1.150321245,0.7560258508,1.690668702,0.9830695391,1.120652914,0.8907340169,0.5436083674,0.3023650348,0.5623368025,0.3640531301,0.5875195265,0.8901587129,0.8469073176,0.5549528003,sakana
1.357259274,1.736798406,1.799086452,3.422463179,2.1089046,0.7938682437,3.035458326,4.030905247,2.447822809,2.280206442,2.781589031,3.013113022,1.37762773,1.304225802,2.313178062,3.276908159,2.505573034,2.270170212,2.535878658,3.021319151,2.539511204,3.083394289,2.989064217,3.76880312,3.868809223,3.559435129,2.903553486,2.01168561,2.203653336,2.192474365,1.945835114,2.729668617,2.970430136,2.504226923,2.725969076,2.814737797,2.869884491,2.773727655,3.317047834,3.117760181,3.261078119,3.427975893,3.908231974,3.590564251,3.496561289,2.699806452,2.622717619,2.503731012,2.344583273,2.07848525,2.199166298,2.02515626,1.807855129,1.672954798,1.768670082,1.733938098,1.328389287,1.313919544,1.511592269,1.524951816,1.36954546,1.573290706,1.811805725,1.761748791,1.47010684,1.355467439,1.334633589,1.071316242,0.7188572884,0.8136706352,0.7664613128,0.7593789697,0.5957766175,0.806629777,0.6100964546,0.492641747,0.6271682978,0.7571601272,0.7042319179,1.002119422,0.8359324932,0.7730528712,0.6827606559,0.9016763568,1.311960936,0.946033597,1.55042851,1.199056983,1.738227963,1.066706419,1.794263124,0.8031117916,0.5470740795,0.2252698392,0.6422056556,0.3435409367,0.4603588581,0.5067209005,0.970600009,0.3367185295,sakana
1.457270384,1.351666689,1.215020537,3.238125086,2.018694162,1.419194937,3.023046732,3.953009844,2.402734756,1.868265152,2.310796499,2.947314501,1.361069798,0.7484386563,2.323861361,3.212418556,2.120440722,2.173142672,2.732848167,2.752025604,2.444732666,2.77369523,2.976743937,3.90192008,4.115432739,3.146565437,1.711858034,2.087841272,2.585109711,1.731461167,1.350695133,2.863749266,3.019376993,2.225536346,2.404341936,2.867041349,3.255063295,3.07017684,2.646287441,3.144441605,3.585829973,3.528093815,3.742547035,3.769265413,3.847377539,3.141176462,3.114706516,2.952305794,2.309648991,2.020147562,2.377977848,2.564068079,2.382251024,1.824052215,1.062408805,1.520628691,1.422369123,1.181784868,1.465399027,1.768070579,1.693279624,1.49987483,1.360545397,1.693841577,1.834360361,1.511790991,1.50759542,1.406647444,1.327267528,0.9763847589,0.8185213208,0.7891656756,0.8255529404,0.7499943972,0.8100924492,0.9016157389,0.6530364156,0.5361199975,1.114871502,0.8276967406,0.6209098101,0.9030139446,0.4252937138,0.6170356274,0.8926635385,0.753788054,0.9400652051,0.7833912969,1.098495007,0.7015501857,0.822894156,0.5858125091,0.2964776754,0.2341504842,0.2138046324,0.1779233068,0.2702091932,0.5821527243,0.3087579906,0.3255982399,sakana
0.7304104567,0.8044365644,0.8051499724,2.808537006,2.204493999,1.266565442,1.945893764,3.903365135,2.379072905,1.015048146,1.961299419,2.568434715,1.597694159,0.741174221,2.652249336,3.243140697,2.50887394,2.614576817,2.977866411,3.211817503,3.062124729,3.950548649,3.2222507,4.132687569,4.425355911,3.66272378,2.936284065,2.791042805,2.901660919,3.069502592,1.781349778,1.277628422,2.13651824,2.259749651,2.603941441,2.911866426,3.876986504,2.655360937,2.7982831,3.459903955,3.55601263,2.937403917,3.357490301,3.745084286,3.90250802,2.543015242,2.495831251,2.237351656,2.691518545,2.075770617,2.218330383,2.105963469,1.810685039,1.556428313,2.049346685,1.809619308,1.876260281,1.897892118,1.870654821,1.712498903,1.605900645,1.945311546,1.864087105,1.764946699,1.735198021,1.83964324,1.813116431,1.409509659,1.430319548,1.40421772,1.497662425,1.441685796,1.427685261,1.643028021,1.774713159,1.403070688,1.586860776,1.39919436,1.109163404,1.441001058,1.534861565,2.239214659,1.63395822,1.605788231,1.659316063,1.164871573,0.9219347239,0.5519526601,0.6899399161,1.632903934,1.156992197,1.17426157,0.9497511387,1.719363213,1.445411801,1.182758331,1.193163037,1.685022473,1.23616302,1.334460855,sakana
1.11727488,0.8334713578,1.565649033,2.929021597,3.133989334,1.675751448,1.590512276,3.590252638,3.737368107,1.532201886,1.792749882,2.743609667,2.409187078,1.330220222,2.841783285,2.717863321,3.59480691,2.576862097,2.89100337,2.465189219,3.780993462,3.482899427,3.91872406,3.572381735,4.82001543,4.117934704,3.797996759,2.15579772,2.974630117,3.394207716,2.509230852,1.491143942,1.984615564,3.090371132,2.324197054,1.887717724,3.094718933,3.708911657,2.534233332,2.17002511,2.931927443,4.133057117,3.105095863,2.816077709,3.745936394,4.34050703,2.575217485,2.084940434,2.565695524,2.650861263,2.164469004,2.368435144,2.444370985,2.788683176,2.120523453,1.468113422,1.932983279,2.455789328,2.3133564,1.695002794,2.026311874,2.392195463,2.499348164,1.418619871,1.824377537,2.032409191,2.451774836,1.400154352,1.556907535,1.275463462,1.840630531,1.429561138,1.624182701,1.714271307,1.902975798,1.899084687,1.819401264,1.231281638,1.193676353,1.587531209,1.656253815,1.672086716,1.765126348,1.518359184,1.083457947,0.7920194864,1.075481057,0.6891921759,0.5825241804,1.179711699,1.159850717,1.60796833,0.867239058,0.9292968512,1.216401696,1.705451369,1.138359308,1.146914601,1.275891662,1.826125622,sakana
0.610262394,0.6662054062,0.6027825475,2.476174355,2.185371637,0.7572042942,1.382286787,3.375970602,2.793551207,1.091277361,1.548393607,2.19606638,1.834238887,0.8418300152,1.913381457,2.35960412,2.789778709,2.179816484,1.897360206,1.944619298,3.057155132,3.197622299,2.434828758,2.969442129,4.593912125,3.090021849,2.44349575,1.831376076,2.795593262,2.170344353,1.23569262,1.064511538,2.03081131,2.256192207,1.539631486,2.189550877,3.012565851,2.512230635,1.924759269,2.653485298,2.656226158,2.985982656,2.699239016,2.896306753,3.665825129,3.368462801,2.504898548,2.859940767,3.226683378,2.959904671,1.31361866,1.963644624,2.520961523,2.381328106,1.189725399,1.530095696,1.798209667,2.250533104,1.398531556,1.800443172,2.126090765,2.315598726,1.486111045,1.82403791,1.782309651,2.143619299,1.600122333,1.412429571,1.462943554,1.737840056,1.430368304,1.14347446,1.155973792,1.463319182,1.533527255,1.06859827,1.386130571,1.133544683,0.9193004966,1.018514991,1.076709032,1.624557257,1.307158828,1.017955542,0.9911583066,0.5883116126,0.8754625916,0.5009119511,0.8093662262,1.128529549,0.9684041739,0.7271873355,0.7250030041,1.230860353,1.518928647,0.9575268626,1.056592584,1.341990829,1.449812055,1.112456203,sakana
0.2605885565,0.4966086745,0.6217041016,1.74456501,1.433420777,0.8360770941,0.8401182294,2.67147851,1.657800794,0.6037852168,0.9694355726,1.33502984,0.9238818288,0.3938655555,1.381274581,1.999469042,2.048247814,2.00077939,2.152791023,2.292403698,2.761449575,3.269842625,2.74608469,3.302813768,4.428611279,3.139956951,2.554699898,2.063974142,2.850667,1.996506214,1.276569128,1.269462228,1.908687115,1.683518171,1.423318028,2.378072739,3.113239527,2.009048462,2.291542053,2.962346792,2.786801338,2.696833134,2.976094723,3.062125921,3.881305933,2.40564847,2.144752741,2.849021196,3.115027905,1.974190593,1.096432328,2.213938713,2.410706758,1.467712879,1.192616463,1.588715196,2.25839591,1.400308013,1.053644419,1.601525307,1.871801019,1.439228058,1.138445377,1.788715482,1.945116758,1.323034167,1.176577806,1.409623623,1.462663412,1.133500338,1.317174315,1.295917511,1.457312703,1.225441933,1.607573509,1.399032474,1.611533761,1.103384972,0.9521588087,1.063603401,1.144974589,1.763920665,1.119531989,0.8384233713,0.9977904558,0.5913705826,0.4265655279,0.4725075364,0.7923899889,1.24907279,0.7601622343,1.339805961,1.111659288,1.450613618,0.9471392632,1.199193358,1.470603347,1.59005475,1.197253108,1.411141992,sakana
0.2775360942,0.3511739373,0.4565744996,1.477773786,1.295132875,0.6209146976,0.7380347848,2.274580717,1.724238396,0.562687695,0.7689037323,1.157319307,0.9592086077,0.3068989217,1.324061751,1.724468231,2.01978159,1.639805913,2.033501387,2.107728481,2.616313934,2.989219189,2.516189337,2.754850626,4.201102734,2.999434471,2.12157321,1.652653098,2.508229017,2.13677597,1.156965971,1.04289937,1.812240124,1.97995472,1.545695186,2.473323345,2.891250849,2.411571264,2.083101511,2.859647989,2.684940338,3.020199537,2.673729897,2.794885159,3.849776745,3.264481544,2.460182667,2.135394573,2.811233521,2.46873188,1.739250541,1.739520311,2.278827667,1.708226442,1.331845045,1.23028636,2.224737406,1.83646059,1.21039021,1.374614596,1.789593816,1.629507422,1.264566541,1.380431771,1.954943538,1.762759447,1.330313563,1.111480355,1.173864365,1.122749925,1.168034554,1.169066906,1.150879145,1.090287089,1.219378233,1.41030252,1.312651038,0.8274348974,0.7607898712,0.8597068787,0.8118651509,1.050543904,1.16771245,0.886715889,0.9211187363,0.4983832538,0.6655156612,0.4231675565,1.005440116,1.457198024,0.9035456181,0.9883435369,0.948302865,1.540949345,1.252623081,0.909609735,1.426131248,1.570049763,1.087855101,0.941192627,sakana
0.3872312605,0.3597203195,0.6756014228,1.974735141,2.044428825,0.9693492055,1.179669619,3.102099895,2.815176487,0.9932470918,1.23396039,1.472458005,1.653752685,0.6758794785,1.821226835,2.082744837,2.760319233,2.07378602,1.897516251,2.352909803,3.17789197,3.462608099,2.60504508,3.04207015,4.262080669,3.74683547,2.354233027,1.87626946,2.662078381,3.104623079,1.530079842,1.040924788,1.64477396,2.66681385,2.270674706,2.443100452,2.909801483,3.162197828,3.035152674,2.985594273,2.873393536,3.640516758,3.941973686,2.985776901,3.922635555,3.838731527,3.219244719,2.13896203,1.936065316,2.415323734,2.408527136,1.92221427,2.108298063,1.833465934,1.787380457,1.447578907,1.879366755,2.065834045,1.864792347,1.589752793,1.65038991,1.704379439,1.663135171,1.602289438,1.717973828,1.686162829,1.639505029,1.21407187,1.175700307,0.977782011,1.232944846,1.294127107,1.07032311,0.872196734,1.285105348,1.136842847,1.207906842,0.7028441429,0.8429644704,1.129287481,1.118825555,1.102127433,1.237465978,1.265410066,1.377223134,0.7691492438,0.8352789879,0.6685709357,0.9859957099,1.80309093,1.466838837,1.757585049,1.330139875,1.407438517,1.3924824,1.132647753,1.526368618,1.527296185,1.422935843,1.578087807,sakana
0.5217018723,0.5627456903,0.6806436181,2.127176523,1.474288702,0.6667015553,1.185611486,3.29203248,1.789178491,0.7272984385,1.445167661,2.270768166,1.032178402,0.535490334,2.10645318,2.712121725,1.764308572,2.071454525,2.012010574,3.109931469,2.624847412,3.160476208,3.072784901,4.560062885,3.97628355,2.785365582,2.746868372,3.099617481,2.695647955,1.915759206,1.717224836,1.766929984,1.59185195,1.508881688,2.961408615,3.142376423,3.102702141,2.285393715,3.162053347,3.448051691,2.884594202,2.772716284,3.881160736,3.697799921,3.29131937,2.132714987,2.391510487,2.624735832,2.168639898,2.188028097,2.36930728,1.466458321,1.466071367,1.356790066,2.098678589,1.623625755,1.580637813,1.513821006,1.601318955,1.430625916,1.214156628,1.633201003,1.786756158,1.546132565,1.375450611,1.367560744,1.32253468,1.068757534,0.8305779099,0.9414015412,0.9619148374,0.8780462146,0.9083567262,1.051639795,1.014454961,1.022909522,1.193492651,1.026368737,0.7231019139,0.8907155991,1.175525427,1.557629347,1.13957417,1.057428002,1.249839664,0.7366451025,0.5687857866,0.4462423921,1.242428422,1.646198511,1.152053714,1.380378962,1.403080463,1.473205328,1.394240141,1.273005009,1.602503419,1.434479594,1.305577397,1.225324988,sakana
0.3426749408,0.3038673103,0.5191016793,1.610896111,1.599197507,1.020638466,0.9018170834,2.146699429,2.266141653,0.8851212859,0.9042655826,1.129719377,1.370614648,0.6504135132,1.530339718,1.658002496,2.436939001,1.675729275,2.298151731,1.959679842,2.941612959,3.178316355,2.71304965,2.961181402,4.507930756,3.421171665,2.252327204,1.893570781,2.649359703,2.681852818,1.119888186,0.8483138084,1.806691408,2.510427475,1.519353032,2.597602844,3.007374763,3.126352072,2.233843327,3.063399076,3.138420343,3.794150591,2.912194014,2.950717688,4.004292011,3.463794231,2.520172119,1.844811678,1.699866176,2.355592251,1.777872205,1.18031311,1.567508936,1.566998363,1.476366162,0.900906384,1.372849345,1.430768967,1.14741683,0.8588813543,1.13595736,1.25634551,1.072482824,0.8959046602,1.183312535,1.173083425,1.046487689,0.8833706379,0.5766531825,0.7453358769,0.8547634482,1.041153669,0.823168993,0.8982285261,0.8634835482,1.140348315,0.9920954108,0.6944295764,0.5471761823,0.7214583158,0.8242415786,1.064926505,0.9605771303,0.8392981887,0.9479390979,0.5987093449,0.6906968951,0.5792379379,1.029478788,1.570711613,1.306601405,1.352275014,0.9890031815,1.431665301,1.615878224,1.214292169,1.356493592,1.353857756,1.602293372,1.434206009,sakana
0.8715010285,0.7470217347,0.8451277614,2.400758028,2.489511013,1.088870287,0.9937559366,2.848932743,2.773113728,1.025424242,1.1274544,1.790335059,1.534615517,0.7750406861,2.195897579,2.568074942,2.749865532,1.987195492,2.443829536,2.548528671,3.422461271,3.595837116,2.680099964,3.234483004,4.708838463,3.562374353,2.424849272,2.078815937,2.616729021,3.067895412,1.793699145,1.657093525,2.321000338,2.85428834,2.16931057,2.437245131,3.759374142,3.419115305,2.512370348,2.817005157,3.436073303,3.918030739,2.782496929,2.897411823,3.525324821,3.24896431,2.121412277,2.363782167,2.712699175,2.479044437,1.153324723,1.331771255,1.807924867,1.845505118,1.611512423,1.508053064,1.836156845,1.845930338,1.318617105,1.326130986,1.672392488,1.779932141,1.501358032,1.423259616,1.485105515,1.577742457,1.379083514,0.8640086651,1.098278284,1.071301341,0.9077951312,0.880947113,0.7128059864,1.037740469,0.8692284822,1.093490005,0.982753396,0.9450352788,0.4811640084,0.883253336,1.035684705,1.227805614,1.008517027,1.087226272,0.7617529035,0.3477673531,0.5218690038,0.3666461408,0.5428329706,0.8500041366,0.9716832638,1.604122281,0.963185966,1.290320396,1.30651319,1.059794784,0.9788390994,1.244983435,1.32649672,1.241208434,sakana
0.9702025056,1.053596973,1.251849532,2.810657501,2.131512642,1.275466323,1.673652291,3.652911663,1.804235935,1.159786701,1.56317842,2.367932081,1.131309271,1.06973505,2.115589142,2.970282316,1.946400523,2.071365356,2.808737993,3.212920904,2.369332075,3.468676567,3.088867188,4.57383585,2.875989199,3.473591805,2.765044928,3.064348936,1.99907434,3.106269121,1.837047458,1.691760302,1.80735755,2.09375,2.348856449,3.029364586,3.577462196,2.512995481,2.853569031,3.720135689,3.152294397,3.349871397,3.654715776,4.102172375,2.435514688,2.027929306,2.928076029,3.329656124,1.770006299,1.906247735,2.280866385,2.174432039,1.008286953,1.201071143,2.167818069,2.248762846,1.216810703,1.110198259,2.297258615,1.887851596,0.8183701038,1.349633694,2.29513669,1.849776268,0.8604880571,1.474520683,2.059562922,1.42459321,0.759362936,0.9481044412,1.764532685,1.238981605,0.8965554237,1.196643472,1.622000933,1.162011027,1.080435276,1.103793144,1.120522141,0.8317771554,1.353398323,1.434013724,1.719122648,1.036343336,0.8869810104,0.7441099882,1.165528655,0.6899947524,0.580227077,1.535847902,1.85599947,1.508355379,0.8914318681,1.413126349,2.067338943,0.7754017115,0.9733523726,1.612854481,2.041833878,0.9009746313,sakana
0.6385000944,1.077146173,0.9067927599,2.13295269,2.598522425,1.489629626,1.06066072,2.572174072,3.289601326,1.439385414,1.37139535,1.94491291,1.218989253,0.7627319694,1.686053872,2.010893583,2.838363409,2.731968403,2.733267307,2.387676477,3.180812836,3.971845627,3.178050518,2.85025692,3.474842787,3.882659674,2.988626957,1.554562926,1.832507133,2.601353168,1.219101548,1.427377105,2.382515192,3.085671425,2.76572156,1.743670583,2.674854755,2.937071323,3.241397142,2.320706606,3.21211791,3.354619741,3.56779933,2.893032789,3.397313595,3.302592278,3.066582918,2.590446234,2.145647526,2.05142808,1.382800221,1.939957857,0.8856208324,1.574192286,1.799923778,1.723487139,1.573456883,1.464006543,1.529649496,1.592319727,1.016961098,1.347871065,1.616902232,1.427146196,1.417703271,1.178544283,1.234651566,1.017655492,0.7761341333,0.8456352353,1.077244759,0.918058455,1.04044807,1.369372487,1.010047793,1.455886722,1.016102195,1.316537619,0.9524627924,0.8814297915,0.7308164239,1.376087546,0.7360792756,0.5124886036,0.8558617234,0.5337246656,0.5709488988,0.6118979454,1.166092396,0.9057958722,1.315843821,1.319227457,1.441111684,1.155250192,1.292944312,1.021985531,0.9382950664,1.277724981,1.311542392,1.073364973,sakana
0.6456829309,0.8947930336,1.486306548,2.96117878,2.559280634,1.268217921,1.879159451,4.063238144,2.98015976,2.018639326,2.511725187,2.565225601,1.66345489,1.046664715,1.668259263,3.189208746,2.905038595,2.899692059,2.503546,2.899507761,3.640772581,3.709389687,2.621516705,3.624314308,4.302902699,3.419896364,2.400623083,2.748692036,3.044961214,2.163272142,1.460457563,2.812417984,2.927958012,2.710363388,2.261899233,3.233875275,3.245945454,2.986597776,3.104324341,3.133424997,3.296897888,3.601077318,3.398416042,3.685493231,3.868052721,3.409038782,3.263529778,3.514127731,3.056067705,2.502361298,1.351537228,2.340532064,2.036289454,1.898553848,1.86713326,1.758547902,2.360491037,1.638052702,1.753594875,1.68364501,1.806976318,1.670809269,1.366279006,1.805565476,1.92104423,1.496602893,1.353377938,1.254442811,1.257994175,1.034464121,1.169089675,1.176603675,1.501379848,1.39167273,1.414794922,1.584486604,1.58232677,1.242386937,1.324023843,1.175745487,1.405910373,1.310777068,1.220016718,1.111032367,1.331363201,0.8344233036,1.10689187,0.9846164584,1.811776042,1.658450842,1.699841261,1.460464597,1.703541279,1.757774472,1.06896925,1.533986211,1.80551827,2.033536196,1.484166145,1.421117067,sakana
0.8253778219,0.7314141393,1.14917767,2.809358835,2.369484186,1.372262359,2.052987099,4.058974266,3.180939674,1.594353199,2.342054844,2.347625732,1.438572884,1.254244447,2.07875514,2.049319267,2.580137014,2.698501825,2.545415163,2.542056561,3.660038948,3.599385023,2.940290451,2.975384712,4.189998627,2.922725201,2.504276276,2.760170698,3.02456069,2.362620115,1.381394863,2.377019644,3.281498432,2.412169456,2.358397245,3.262937069,3.698205948,2.891307592,2.723507881,3.346729994,3.635504484,3.216190338,2.905070066,3.420500278,4.185764313,2.569323301,2.067248583,2.79699111,2.829834461,2.262553692,0.944974184,1.932232261,2.3990345,1.818021536,1.483357191,1.693704247,2.31140542,1.591931224,1.289782286,1.544435263,1.804636955,1.492812753,1.441372275,1.624372959,1.720739365,1.205673814,1.078692079,1.306217194,1.315497279,1.034764409,1.281069636,1.056892753,1.323559165,1.244946122,1.211816907,1.19773066,1.238294721,1.081478,0.9519520402,1.018555641,1.341883302,1.166226864,0.8499144912,0.9023148417,1.275815248,0.7167935967,0.8891335726,0.8259027004,1.795120716,1.053952336,1.194120765,0.701572299,1.38779974,1.115651369,1.087574363,0.9766051173,1.342562318,0.9435347319,0.9131249189,0.6597872972,sakana
0.7478209138,1.044177055,1.144290686,2.884841204,2.84805274,1.181787848,1.783280134,3.757295132,3.652119398,1.364787459,1.418885708,2.067665815,1.740149975,1.043845415,1.658494353,2.624240637,3.009396076,2.467585802,2.283112764,2.304645061,4.013082027,3.565998554,2.467663527,2.853597879,4.183272362,3.412044287,2.211356878,2.116262674,3.398562431,2.838883877,0.9472514987,1.706608653,3.248558283,3.379146576,2.108880281,2.580533743,3.697143078,3.63873291,2.528926134,2.901825905,3.81211257,4.541097641,3.288049459,3.015044212,3.932942152,3.852266312,2.219206572,1.786871195,2.731282711,3.090383768,1.501312733,1.08757937,1.443062067,2.078779221,1.663736343,1.325079441,2.04050374,2.114336491,1.792723656,1.319713473,1.26792717,1.878263593,1.722552538,1.245854259,1.690375209,1.597548723,1.283224225,0.7615090013,1.162003994,1.032622695,1.035935879,0.631356895,0.9022725821,0.9133886099,0.6884205341,0.7377005219,0.7411100268,0.8679550886,0.6294374466,0.4157597423,0.9058638215,1.12063241,0.9898090363,0.5861922503,1.010984421,0.7393844128,1.148667693,0.5798289776,1.47159934,1.411517978,1.718426704,1.138505697,1.181552291,1.447177172,1.448116302,1.315855861,1.202978253,1.499953985,1.893707871,1.260619283,sakana
0.7254309058,1.191072941,1.092728615,2.881758213,2.283222675,0.9983891845,1.570642233,4.040538788,2.877438068,1.222024918,2.227236986,2.534708738,1.427579761,0.6304351687,2.204475403,3.028225422,2.260422468,2.468333483,2.612775087,3.337288141,3.161920786,3.702498674,2.547245264,4.129039764,3.855571747,3.184679508,2.211831093,3.187010288,2.938812971,2.140574217,1.166833162,2.404031992,2.751753092,2.12505722,2.311494827,3.279093027,3.33803606,2.17224884,2.658904314,3.482328892,2.962273598,2.721662045,2.914165258,4.278683662,3.735855818,2.502804041,3.066041231,3.36429143,2.070942163,1.41736269,1.32214582,2.684226751,1.764959216,1.40409863,1.902934551,2.138696194,1.843127966,1.467968225,1.906966805,2.062047005,1.531583786,1.399636507,1.830048084,1.734002471,1.28790915,1.431897044,1.521639466,1.152626634,0.9325156212,0.7819359899,1.507029414,1.071770906,0.9003273845,1.018140197,1.363991141,1.414443731,0.9209834337,0.9758870602,1.317134261,1.269906163,0.7752326131,1.142623425,1.607725382,1.266395926,0.766366899,0.8844021559,1.546567082,1.061279416,1.222948194,1.408042908,1.793016553,1.499851823,1.217078447,1.566138864,1.747028828,1.506406546,1.259370089,1.627148986,1.699542999,1.35013628,sakana
0.6746837497,0.5182343125,0.9636974931,2.381852865,1.934992909,0.7795642018,1.7292068,3.682278872,2.543988943,1.520181298,1.858449101,2.196189642,1.279751658,0.615329504,2.16324234,2.647950888,2.419264555,2.42045784,2.004914999,3.145519257,3.596917391,3.444826126,2.451886892,3.629121304,4.109770298,2.642454624,1.866360426,3.261543512,2.997699738,1.785465837,1.031572819,2.363764048,2.993220329,2.083328247,2.244787931,3.275551319,3.676950216,2.68833828,2.791982174,3.875918627,3.860970736,3.392133951,2.991820335,4.215517998,3.566169977,2.009596348,2.161805153,3.03123641,2.734539509,1.746608853,0.8587722182,1.6109761,1.662677765,1.309586287,1.432562709,1.921805978,1.879760027,1.30965066,1.201978922,1.731154561,1.459866881,0.755921185,1.022187352,1.295458317,0.9987871647,0.8575857878,0.8538820744,0.9463784099,0.7084088326,0.468146652,0.7266894579,0.8624819517,0.7990939617,0.4977164865,0.8364816904,1.249935031,0.6345326304,0.5632959604,0.689911902,0.554812789,0.5416671038,0.4064066708,0.6552177668,0.6815547943,0.5292553902,0.4235054255,0.6633807421,0.679452002,1.170801163,0.8064906597,1.01418519,0.925581336,0.9642779827,0.9802668691,1.033030391,1.052391291,1.03878665,1.035364509,1.1121912,0.9255707264,sakana
0.6978859305,1.221434832,0.7885147929,2.345672369,2.18670845,0.8709238768,1.075291514,3.250999212,2.912789345,0.801453948,1.575541973,1.582334042,1.4714185,0.5127959251,1.657262444,2.343977928,2.759263515,2.143992662,2.343550682,2.273513317,3.612555504,3.506817818,2.304766655,2.989403248,4.407881737,3.184087515,2.045392752,2.134960175,3.146070242,2.219998598,0.9639080763,1.89392972,3.025773764,2.676319599,1.787511587,2.708194971,3.595086336,3.222390413,2.371699095,3.203588963,3.285511971,3.792081594,2.6813941,3.170443058,4.317990303,3.399431944,1.93375349,2.310293198,1.957777023,2.624691248,1.129921675,1.753303289,2.168869972,1.666915298,1.153817892,0.9157911539,1.78892982,1.795315862,1.037640095,1.20539403,1.341374755,1.001645446,0.8833988309,0.7643135786,1.273935199,1.333455324,0.7729449272,0.884878695,1.050724149,0.8905391693,0.786904335,0.6212998033,0.9977474213,0.9673814178,0.8532284498,1.149334908,1.060463548,0.7786602378,0.7503060102,0.8739864826,0.9582537413,1.115867853,1.045879364,0.8933294415,0.8770751357,0.8003714085,1.007565618,0.5530521274,1.541930079,1.461494565,1.356160402,0.8983696103,0.8698060513,1.372104049,1.414960384,1.114860535,1.280539036,1.407111406,1.41596055,1.126721025,sakana
0.7087758183,0.8949255347,0.9069273472,2.498179674,2.678588152,1.057629228,1.710274696,3.486329079,3.617823601,1.592574358,2.015699387,1.910075307,1.569587827,0.7781143188,1.691224694,2.844329357,3.045461893,2.3266747,2.72813344,2.571059227,4.085633755,3.978514194,2.829764605,3.016725063,4.428678513,3.550412655,2.009203196,2.691198349,3.388108253,3.150192976,1.128521562,2.168130636,3.158601999,3.762006283,2.220755577,2.747702837,3.679145098,4.073673725,2.675961733,3.350625753,3.77760148,4.638036251,3.12969923,3.224384546,3.877420425,3.588158369,2.296047926,2.389897585,2.703954935,2.995272875,2.037043333,1.144216776,1.136089206,1.87074852,2.031931639,1.117738724,1.573448777,1.657552242,1.746180296,1.018423796,1.050914645,1.365354538,1.515282154,1.069424152,1.141505718,1.382362127,1.176085234,0.7308447957,0.7385991812,0.8884018064,0.9843678474,0.5608761311,1.012879133,0.9015471339,0.8563418984,0.8638449311,1.228649855,0.891200304,0.8790932298,1.121014118,0.8932733536,1.069984436,1.129410386,1.066093445,0.8849879503,0.8118015528,0.7532596588,0.7723314166,1.304950237,0.9749583006,1.315454364,1.124234319,1.001905322,1.105721474,1.070515275,1.489137411,1.279554844,1.157897353,1.309876323,1.349092364,sakana
0.9061092734,1.025084853,1.040613055,3.018906355,2.492235184,1.228384137,1.908394337,4.098967075,3.194590092,1.515434146,2.374495983,2.438815117,1.860347509,1.156861544,1.734425783,3.159698009,3.024310827,2.642597437,2.4151299,2.986943245,3.938764095,3.424949169,2.574830294,3.423599482,4.408811569,2.543600082,1.894778848,3.069052696,3.319815874,2.017202616,0.9321690202,2.445180655,3.352199316,2.43228364,2.139562607,3.145711422,3.839675188,2.801303864,2.888601542,3.330742598,4.139988422,3.514055729,3.076003075,4.161821365,4.30968523,2.714593172,1.799940586,2.656533718,2.986702204,2.371810198,1.403107405,2.30912447,2.156319618,1.85960412,1.772380829,2.099482775,2.475347996,1.762657166,0.9251425862,1.628720641,1.468051434,1.481439948,1.377563,1.813792825,1.662591219,1.328828216,0.9870666265,1.265464187,1.095747471,0.8797574043,1.035109758,1.086751342,1.125604749,1.173663616,0.9418813586,1.295712233,1.073015451,1.069279075,0.8496688604,1.087119222,1.100799322,1.041010857,0.9007638097,1.165103674,1.113517404,0.8301153183,0.6409685016,0.9751845002,1.75111711,1.731439114,1.626384258,1.652073026,1.493263841,1.801114559,1.610022783,1.516380548,1.550848246,2.014667749,1.78026557,1.436586499,sakana
1.232944369,1.50898993,1.102256536,3.249229908,2.306586266,1.504077435,2.36381197,4.575589657,2.751649618,2.005537748,2.883038044,3.099850416,1.630596399,1.747491121,2.242662668,3.425641298,2.849887609,3.048102379,2.9865973,3.674689531,3.42535305,3.908473253,2.764567375,4.297756672,4.385139465,2.729091167,2.728026628,3.549412489,3.121467829,1.69626677,1.477309585,2.779121876,3.042826176,2.47828126,3.118436337,3.455915451,3.562298775,2.727472782,3.426220417,3.596766472,3.445808887,3.593076944,3.850880623,4.403737068,3.862528563,2.612517834,2.727844,3.291683912,2.668964863,2.151040792,1.673169374,2.356254101,1.902643561,1.969251752,2.441250801,2.404886723,2.191079378,1.525008559,1.719636917,1.913318634,1.655152321,1.586649299,1.929091334,1.910666466,1.772290349,1.522042274,1.506757498,1.27995646,1.217408657,1.024468422,1.494612575,1.197221518,1.274698496,1.348030686,1.534161806,1.55829215,1.397786379,1.125065327,1.459466577,1.452981472,1.510890722,1.393321276,1.891442776,1.587304115,1.592875004,0.9192460775,1.494815946,1.244347095,1.993752241,1.719528675,1.997751355,1.446016312,1.833042145,1.584234357,1.739626884,1.523235083,1.847657204,1.844686508,1.808266997,1.475096822,sakana
2.075936794,2.064888716,2.433610678,3.70174861,3.872105122,3.10403347,2.847297192,4.386601925,4.500616074,2.903694391,2.707257032,3.774310589,2.691674471,2.133915424,2.750651598,4.385875702,3.827435493,4.049853802,3.719471693,4.03342247,3.567606926,4.922652721,4.460690498,4.980259895,4.519240856,4.76713562,4.64307642,3.696807623,2.993803263,3.605577946,4.135206223,3.152575731,3.085885763,2.948327065,3.465409279,2.86392808,2.466762304,2.821195602,3.501016378,4.217782497,3.388902903,3.374971151,4.711664677,4.09230566,3.148049831,3.173628092,3.629317284,3.427022219,2.586916447,1.995365739,1.845379353,1.781089425,2.484702587,2.338913918,2.323966742,2.603917122,2.342415571,2.48819685,2.084162235,2.60345006,2.432443857,2.511683702,2.429540396,2.532697678,2.748417616,2.371219635,2.274045467,2.157719851,2.497830153,2.376565933,2.311139345,2.185080051,2.756050587,2.35117054,2.368554831,2.683166504,2.646609545,2.238295555,2.112171173,2.296816587,2.521801949,2.50395751,2.245479345,2.327077389,2.067809343,2.680038691,2.180849552,2.170362473,1.888641953,1.353420258,1.336884975,1.236374617,1.196735501,1.309974551,1.68841362,1.024596214,0.7990653515,1.158587456,1.291826487,1.295274377,sakana
0.4057373106,0.4927071333,0.5872362256,1.204566717,2.168133259,1.147899508,0.8966162205,2.192046404,3.029639244,1.247727752,1.084827423,1.316769242,1.047607064,1.377426863,1.652215242,2.294524193,2.059037685,3.397640705,1.847678065,1.678056955,2.086079121,4.098329067,3.639287472,3.10705328,3.184472084,3.265934467,4.077707291,1.908444166,1.40519917,2.012301683,3.306287289,1.989594936,1.5607512,1.969249249,2.404920816,2.510025263,1.317579031,2.214158773,2.516097784,3.621756792,2.276245594,2.675848484,3.19723773,3.495747328,2.628875971,1.679778695,1.929860353,2.158483744,2.487229347,1.157708049,0.9251140356,0.9132344723,1.786348104,1.159375072,1.0295403,1.023522496,1.540179372,1.602929711,0.9895067215,1.27845645,1.427903891,1.869488835,1.315567017,1.008341432,1.246039152,1.673038483,1.534427285,1.108861446,0.995162189,1.440690398,1.265580773,1.360040188,1.163071036,1.231324792,1.006996512,1.281450152,1.170026422,1.469975114,1.029518962,1.316930056,1.300694704,1.249566913,1.075918317,1.552540183,0.996743083,1.28398931,1.114350319,1.540635586,1.566432476,0.7332302332,1.219755888,1.149627686,1.42621398,0.7034929991,0.9037224054,0.7446623445,0.8887093067,1.23459816,0.7973280549,0.8057655692,sakana
0.5345999599,0.6142145991,0.5837156177,1.166777968,2.125865459,0.8450099826,0.6103633046,1.972851038,3.026618481,0.9839373827,0.9826498032,1.280831933,1.146709323,1.21596384,1.429152131,2.179925203,1.97634685,3.412806988,1.682351828,1.732576847,1.851403952,4.255033016,3.011402369,3.313167095,3.066082239,3.185046434,4.053620815,2.01355505,1.840709925,2.07088995,3.493334293,2.052610874,1.837854385,1.835464239,2.8807652,2.493668318,1.690490365,1.879599214,2.60291481,4.014649868,2.441622257,2.293551445,3.310288906,4.104855537,1.723970175,1.474523067,2.084433079,2.791857481,2.176659584,0.5518592,0.8270578384,1.519012332,2.262542009,0.7184470892,1.12104857,1.279861689,2.341718197,1.150908828,0.9758093357,1.458733439,1.96268332,1.914919376,1.074635267,1.204120874,1.521771669,2.19580698,1.141498685,1.192621708,1.129404545,1.800929427,1.280201912,1.169061542,1.128266215,1.179480672,1.463635683,0.9398437738,1.110433936,1.19833374,1.514266849,1.095256567,1.153313279,1.283626556,2.139049292,1.560001612,0.8488460183,1.546203852,1.70646143,2.093106985,0.7530876994,0.5767586231,0.9236207604,1.602828979,0.7004659176,0.4325524867,0.8685052991,1.168798566,0.995890677,0.4989014566,0.4702807367,1.224285483,sakana
0.3092853725,0.2650871873,0.5149527788,1.052226305,1.882330537,0.9721444249,0.711373508,1.860587001,2.984680414,1.162568808,0.7357143164,1.317335367,0.9861204624,1.064548612,1.237014294,1.890260696,2.157814503,3.137665987,1.612250924,1.657238603,1.992714643,4.178372383,3.250149965,3.235168934,3.189585924,3.934335232,3.88022089,1.998464465,1.701430798,2.54934001,3.230829716,2.053342819,1.972077727,2.318106174,2.361128807,2.440483332,1.929571986,1.968000412,2.956310272,3.738040924,3.251368284,2.548455,4.043400288,3.781225204,2.975118876,1.636681318,2.4498353,2.480387449,2.4192698,1.140706301,1.348109961,1.04910481,1.451778054,1.163291812,1.279651284,1.833737373,1.907052875,1.563266397,1.084151626,1.831260681,1.575054646,1.613145232,1.36992681,1.604268789,1.761802673,1.481543779,1.20578742,1.116403818,1.381220818,1.111034513,0.9713442326,0.8449327946,1.368986607,1.007639408,1.14480722,0.9154855013,1.245100021,1.139342189,1.064990759,1.06544733,1.406953096,1.558904529,1.70255506,1.418456674,1.094002247,1.918380141,1.541346073,1.851443887,1.483254075,0.9486516714,0.9268114567,1.064486742,0.9321451783,0.8629207015,1.041875958,0.80536443,0.7163959742,1.126366973,0.9787131548,0.9395579696,sakana
0.4785040915,0.6834128499,0.7975586653,1.435671329,2.410005093,1.05284059,0.8270323873,2.372473001,3.423096418,1.087622523,0.828124404,1.807866096,1.724416733,1.269658804,1.455520868,2.360372305,2.805187941,3.394006014,1.675080657,1.936683536,2.812810659,4.564983845,3.267927647,3.172365189,3.765279055,4.478281975,3.848236084,2.238622665,1.940953135,3.24601531,3.604560852,2.029202938,1.60269618,2.764714718,2.878205538,2.439641237,1.76673913,2.766582012,3.297866821,4.156181335,3.039348364,3.129234076,4.33043623,3.932021379,2.28971982,2.543738842,2.700427771,2.767240763,2.124229908,1.04335022,1.235081434,0.9606536627,1.527267814,0.8942260742,1.757672906,1.680248141,1.745338202,1.029111385,1.360287666,1.913579464,1.689567089,1.31823349,1.357717514,1.567450166,1.494750619,1.150033832,1.099734187,1.424319386,1.159330964,1.054045081,0.666167438,0.9032678604,1.010861993,0.926040411,0.8421816826,0.8204319477,0.8615223169,0.9329913259,0.8630726933,0.8548955321,1.112925887,1.308071494,1.276865125,1.293042779,1.26664722,1.751628041,1.477270484,1.576667786,1.348379135,0.8595861197,1.074648857,1.313547373,1.142006636,0.9904224277,1.197860479,0.9454180598,0.8212857842,1.019977689,0.9169970751,1.482860327,sakana
0.5243664384,0.5484113693,0.5997937918,1.608712792,2.572664976,1.108261466,0.7643653154,2.587322712,3.411052465,1.508346081,1.020752907,2.128744841,1.578188539,1.510030508,1.358715653,2.558104038,2.377601147,3.573227406,1.994393468,2.239732265,2.205654144,4.354613304,3.66415,3.356594086,2.826160192,3.600592852,4.177662849,2.457066298,1.780067563,2.418545961,3.377714396,2.281300306,1.410109282,2.111930132,2.658100843,2.592214346,1.639457345,1.830822349,2.669023514,3.537624598,3.016485929,2.352440596,3.412084579,3.615341187,3.162381172,1.974746585,2.181535244,2.646964073,2.523290396,1.458022594,1.320430636,1.189299703,1.812135339,1.566732764,1.435507655,1.495058775,2.016593456,1.891235352,1.254127383,1.394372225,1.595405817,1.748506188,1.770709515,1.05398643,1.537720919,1.566283345,1.478733063,1.077816248,0.9955743551,1.249904037,0.9748049974,0.8795330524,0.975864768,1.03400588,1.134528756,0.8620632887,0.7600281239,1.032423735,1.104000807,1.007809877,1.130055785,1.440492868,1.465626717,1.371396065,1.113158226,1.576802135,1.279855251,1.386928797,1.477130651,0.7625485659,1.332661748,1.348949909,0.8639785647,1.027269721,1.084702015,0.9330775738,0.8142223358,1.062272191,0.9126771688,1.156188607,sakana
0.2715552151,0.3238523602,0.3820307255,0.8338302374,1.900627732,0.7458925247,0.5645309687,1.412614226,2.84577632,1.378981709,0.5902017951,0.9846606851,0.8848955035,1.245780826,0.825316608,2.01363802,1.702639341,3.369302034,1.902659655,1.298408151,1.670825958,3.761238098,3.663759708,2.913953781,2.887028217,2.726748228,3.883817673,2.242880583,1.525999427,1.691879869,2.706405163,2.125720739,1.654830337,1.561983824,1.698389649,2.231963873,1.576131463,1.241864204,1.818032265,3.101768732,3.214249134,1.890538573,2.894802332,3.216344118,3.637620926,1.92339015,1.696428895,2.127053976,2.419306993,1.645227909,0.6538102031,0.9102344513,1.75919354,1.525535703,1.113732457,0.879756391,1.390949368,1.73590374,1.389942169,1.083549023,1.091346979,1.671571374,1.544968605,1.109617233,1.060541391,1.287640333,1.415103793,1.145902991,0.9899193645,1.170806527,0.9110295177,0.9651583433,0.9476532936,1.105124354,0.99257797,1.050835729,1.056107521,0.8264570832,0.8512051702,1.111566782,1.230831146,0.8523859382,1.253778338,1.38100791,1.157244444,1.347308993,1.046289444,1.513811707,1.177327037,0.6960211396,0.8538141251,1.25647521,1.216504931,1.207510591,0.8931818008,0.6816138625,0.9524694085,1.197295427,1.011884332,0.7384591103,sakana
0.7864303589,0.8975812197,0.9281604886,0.8955392241,3.027789354,1.044970512,0.8688001633,1.650008202,3.47260046,2.351622343,0.8525277376,0.94316113,1.155398726,1.978960752,1.49130559,1.917873502,1.898039341,3.587681532,2.578998327,1.50732851,1.868776917,3.084952831,4.273922443,3.147754908,3.136498928,2.354106665,3.812364101,3.158946276,2.092483282,1.832158327,2.268005371,3.255777597,2.123207569,1.704272747,1.79392612,2.568554163,2.818169594,1.957274556,2.130213737,2.786155462,4.2445755,3.054548264,3.218288898,2.872035027,3.996696949,3.19833827,1.652443886,1.282215834,2.325860739,2.376565218,0.7637910247,0.7511198521,1.014463663,2.13779974,2.129462242,1.113054276,1.17428112,1.670954466,2.150162697,1.150689006,0.8779823184,1.308962941,2.083311081,1.684467673,1.069374681,1.054722667,1.397517443,1.962809086,1.036523581,0.944190979,0.8417013884,1.388108015,1.309861302,0.8581297398,0.9219652414,0.9920554161,1.443028569,0.7887964249,0.5049009919,1.163267016,1.63248384,1.347796917,0.6685914993,0.9979127049,1.156224608,2.181184292,0.8004347682,0.9774486423,1.402868629,1.267590165,1.214402676,0.6725533009,0.7388746142,0.955295682,1.523600221,0.3765677512,0.5452990532,1.070318103,1.289765477,1.220927358,sakana
0.5543379188,0.6911934018,0.6522234678,1.353051901,2.572999239,1.292969227,0.8141569495,2.113365412,3.354678631,1.604755163,0.7663694024,1.393117189,1.090080857,1.581997275,1.57496357,2.236633062,2.149598598,3.673005819,2.279220104,1.817999363,2.116717577,3.942855358,3.909243107,3.550704956,3.563718557,3.179520369,4.020972252,2.281267405,1.898352265,2.006443739,3.037739038,2.494695663,2.061469316,2.045998335,1.997724652,2.512598991,2.222024202,2.112888098,2.139007807,3.508944273,3.395539761,2.752856493,3.297447443,3.497131824,3.607381344,2.081308842,1.900115728,2.39522934,2.626850367,1.422548056,0.934984386,1.061427593,1.903635144,1.538233757,0.93179214,1.195903063,1.697123766,2.011961222,1.259949565,1.311306357,1.313777328,1.828656793,1.619442344,1.154887915,1.354350805,1.529871464,1.69389832,1.129839778,1.213042498,1.110867381,1.063134193,1.060722828,1.203330755,1.055083275,1.349137545,1.195712924,1.000197768,1.065968156,1.014933348,1.206225514,1.348059058,1.094166279,1.304801106,1.340795159,1.066095471,1.090071321,1.049815178,1.540828228,1.138162851,0.674864769,0.9372411966,1.292969942,1.241738677,1.036368966,0.5659502149,0.5259341002,0.8019756079,1.077359319,0.7573208213,0.6087327003,sakana
0.8833216429,1.117605567,1.476692557,2.173677206,3.428701878,1.59051013,1.53480804,3.027708769,4.181136131,2.210619688,1.440375566,2.450843334,1.974803448,2.032597303,1.664176226,3.155381441,2.746934652,3.984023571,2.603282213,2.472274065,2.310680866,4.357000828,3.920412779,3.79797101,3.226262331,2.909063101,4.182855129,2.603197098,2.180015564,2.118992329,3.642169476,2.558251858,1.852828503,1.856584549,2.746271372,3.014861822,1.899854302,1.86583674,2.694402456,4.115895748,3.074393272,2.825180531,3.529505014,4.183841228,3.231734037,2.185481071,2.292994261,3.519569397,2.947854519,1.09027338,1.057392836,1.355683684,2.549824715,1.622959495,1.763397217,1.551343083,2.330227137,2.23224473,1.40568924,1.705140352,1.833277941,2.627916098,1.837662578,1.557944059,1.712651491,2.278857946,2.014839411,1.576927543,1.304269552,1.940031886,1.779434085,1.272394896,1.03609252,1.486978412,1.743620634,1.483975172,1.146341324,1.363562584,1.652201295,1.679610848,1.260218978,1.395380855,2.118386507,2.149183989,1.47300899,1.619202018,1.676733851,2.02321744,1.225090742,0.7268625498,1.395573378,1.464813709,1.232158542,0.7273384929,1.016628027,1.242175937,1.105537415,1.002845049,0.78659302,1.24876225,sakana
1.088809013,0.9754604697,0.9484997988,2.525328159,2.795323372,1.337182164,1.161798,3.400043249,3.602072001,1.692945361,1.967627406,2.756243944,2.464308262,1.401032686,2.1367383,2.786266565,3.316092968,3.037790775,3.087217093,2.506606817,3.627699614,4.186454296,3.597229242,3.405362129,4.777793407,4.385128498,3.787853479,2.254540682,2.81572175,3.419966459,2.858339787,1.685929656,2.171253204,2.926100731,2.195201874,2.09909153,2.601064444,2.939850092,3.045370579,3.352322578,3.64332819,3.768690109,4.127950668,3.775307178,4.048126221,3.705732107,2.98091197,2.376030922,2.2822752,1.90788579,1.902107239,1.017759085,1.879693389,2.068725109,2.221643209,1.780502796,2.179055452,2.280688763,2.014263153,2.061932087,1.925839305,2.227961779,2.611344814,2.122283936,1.944081187,1.894243956,2.05835247,1.73161149,1.630813837,1.586703658,1.2610991,1.344712496,1.406168938,1.164307952,1.425692916,1.306250811,1.235606551,1.362132549,1.359665036,1.480910897,1.599637389,1.628318906,1.964733243,2.318302155,1.783301234,1.919876337,1.429956555,1.548382521,1.106268406,1.041489959,1.272983432,1.133000255,1.198973417,0.9963300824,1.222362638,1.436134577,1.422172546,1.527143598,1.42065835,1.28807497,sakana
0.6280053258,0.7367393374,0.9183422923,2.292366266,2.360670805,1.061384201,1.515776157,3.420534611,3.519200325,1.285356283,1.635697961,2.542644739,2.394412518,1.344236255,1.553361058,2.452297688,3.022045851,3.079314232,2.31611824,2.144276619,3.431596756,4.206311703,3.289164066,3.172656059,4.60725069,4.381237984,3.927408934,2.226190567,2.465234995,3.155790567,3.055379629,2.07798481,2.180251122,3.073537827,2.564560652,2.647272348,2.17022872,2.834266424,3.082777023,3.774764776,3.172980547,3.765949011,4.15380764,3.794107199,3.699877739,3.349418402,2.50991106,2.274898052,2.322504282,1.599038124,1.699481487,0.8685848117,1.429057479,1.725945354,1.918023944,1.780186415,1.75052464,1.951438308,1.761797071,1.556225181,1.418976426,1.784916997,2.124974728,1.730262399,1.468634009,1.612064242,1.733232379,1.26507473,0.9774776697,1.068638325,1.097047567,1.121942878,0.7887251973,0.8859221935,1.094047427,0.855789125,0.8167748451,0.7376013398,1.001288533,0.9596766233,0.969411552,1.007176876,1.720153093,1.486488581,1.185204625,1.327464342,1.197211027,1.113064766,1.302971005,0.7742214799,1.125814319,0.801812768,1.088694453,0.7958605289,1.089669108,1.31504643,1.199825168,1.577803016,1.357238412,0.9930592179,sakana
0.517089963,0.6198214889,0.7673395276,2.029830456,2.177750587,1.334449649,1.325000763,2.98634696,3.105490923,1.372045875,1.608583808,1.939005494,1.871972322,0.9123054147,1.425338268,2.250492811,2.781688213,2.508268833,2.552720308,2.157698393,3.29496932,3.705944777,3.00843215,3.326581717,4.866731644,4.10817194,3.477468729,2.492021322,2.956996679,2.962870598,2.608627081,2.022049427,2.036299944,2.701520443,2.345225811,2.252998114,2.412118912,2.734203339,2.780286312,3.112325191,3.011088848,3.633080959,3.768906832,3.533287525,3.77809453,3.664089441,2.809955359,2.199637651,2.806866407,1.855317593,1.855009556,1.128623247,2.027022123,2.250889063,1.986120224,1.74587369,2.173485518,2.369459152,1.924688101,2.070110798,1.900484324,2.466351986,2.417012691,2.226922512,2.093197107,2.137640476,2.10605216,1.70716083,1.674043059,1.88242352,1.711241364,1.60649848,1.796205401,1.6072855,1.798884511,1.305141211,1.693332076,1.737585187,1.254677653,1.376369119,1.791198254,1.575173378,1.683190346,1.861809611,1.529255033,1.531909943,1.289793611,1.056385517,1.016941547,1.25957334,1.530289531,1.069421649,1.380521178,1.078920603,1.229353309,1.598553181,1.188760877,1.563594937,1.73928082,1.297515512,sakana
0.6075294614,0.6465907097,0.7991455793,1.992804408,2.124816179,1.026010871,1.321391702,3.191930771,3.220881701,1.18025744,1.778201342,2.047197104,1.944079399,0.8082224131,1.622086525,2.162017822,2.927160501,2.534054518,2.212916851,1.800223827,3.285935879,3.819567204,2.135561228,2.917417049,4.761630058,4.214188099,2.424980879,1.960529923,2.86972928,3.243703604,2.129065752,1.888924599,2.242498398,2.632900715,1.968259811,1.982807279,2.544775724,2.720520496,3.164742708,2.879956245,3.181158304,3.290723085,4.384010315,2.716135502,3.782964945,3.205047846,2.63024354,2.016647816,2.400836945,1.66783452,1.586363435,0.8424245715,1.704724193,1.57061553,1.592295885,1.836512446,1.98034966,2.103150129,1.64474237,1.881928086,1.938518405,2.014630795,2.016759634,1.873777986,1.848668456,1.678844333,1.67997539,1.256793976,1.38362956,1.152232766,0.9851833582,1.125199795,1.082263112,0.7213214636,1.343182445,1.225534201,1.059057951,1.155694008,1.053632855,1.284388304,1.189696312,1.340225339,1.258917809,1.381824732,1.220782161,1.509826064,0.9412978888,0.8865476847,1.025220156,1.323365331,1.06383872,1.027277231,1.121771216,1.042164087,0.8508082032,1.023958445,1.148773074,1.440158486,1.07418406,0.7221739292,sakana
0.5073848963,0.8238643408,1.132807374,2.225157022,2.477325916,0.9608696103,1.102319837,2.926127434,3.534179688,1.321069121,1.667475343,2.069756508,2.18837285,1.053447127,1.730387688,2.400825739,3.110169172,2.620149612,2.338822842,1.810833097,3.392193317,4.047801495,2.592413425,2.876752377,4.63932848,4.370175838,3.069528818,1.632592916,2.712267399,3.35834837,2.746528387,1.422394991,1.946679473,2.78050375,2.389703512,1.621470451,2.502756119,2.814669132,3.376699209,2.878090858,3.078850269,3.481898069,4.319317818,3.51554966,3.587018967,3.591552258,2.72458601,2.357476711,2.273131371,1.703842402,1.714646935,1.073770404,1.682580233,2.131978512,1.711640477,1.894509554,1.839333653,2.195268631,1.628645301,1.879098296,1.87281239,2.233385563,2.00213623,1.686980486,1.725720167,1.812250257,1.673416972,1.28257513,1.238640904,1.364166141,1.004074216,0.8576123118,1.167054772,1.026542068,1.218514562,1.039829731,1.226390839,1.111888051,1.044825435,1.103580594,1.087871313,1.2360636,1.526318669,1.311304212,0.955098927,1.407163858,1.271852493,0.7521212101,0.6143409014,1.007409334,1.317060232,0.9872793555,0.6010010242,0.5782049298,1.037381649,1.239257693,0.7650724053,1.124112606,1.439071298,0.8518436551,sakana
0.7759962082,1.074827671,0.9696478248,2.204836607,2.643913269,0.9585028887,1.376369953,3.129202127,3.627779245,1.236159563,1.855332971,2.195741415,2.211465359,1.266264319,1.782357693,2.427447557,3.280665874,3.334345579,2.036168814,1.708705902,3.391080141,4.491985321,2.440792799,2.534384966,4.40903616,4.566579819,3.413637877,1.421044111,2.516005754,3.401823997,3.104203224,1.624192476,1.854799986,2.881676912,2.599837065,1.900117874,1.946060777,2.632070303,3.303553104,3.03891921,2.547888994,3.404857874,4.084485054,3.826129913,2.642710209,3.401959181,3.259502888,2.574592352,1.725295305,1.882273197,1.851294994,1.069915891,1.084934711,1.246315122,2.192425728,1.851999521,1.998689413,1.876693964,1.980000496,1.995860934,1.770484686,1.551256299,2.36971426,2.045722008,1.636327744,1.326636553,1.46955955,1.334387541,1.123023033,1.070542097,0.962408483,1.333753824,0.748984158,0.86093086,1.281500816,1.149055243,0.8205083013,1.080031991,1.161417246,1.407494068,1.153285503,1.321757674,1.489731908,2.12096715,1.196601391,1.548028231,1.148878932,1.443023324,1.137071371,0.6146125197,1.083033562,1.004000664,1.081466436,0.7526863813,0.8195437789,1.302898288,1.078910232,0.9587770104,1.076719761,0.7561743259,sakana
0.943358779,0.953576088,1.151370525,2.620497704,3.109772205,1.187173963,1.509082079,3.483571291,3.94519186,1.789897919,2.050174236,2.643408775,2.418772936,1.234260321,2.01115036,2.768868208,3.547469616,3.03918767,2.659358263,1.793849111,3.605083466,4.446194172,2.865062475,2.781361818,4.566074371,4.675790787,3.119665384,1.752076268,2.471807718,3.790123463,2.953346491,1.508192778,2.103986025,3.23180151,2.614826202,1.736438274,2.371852398,3.092655659,3.53736043,3.261075497,2.950262308,3.891700983,4.421938896,3.638068914,2.756933928,3.776982784,3.171025991,2.33968544,2.13184309,1.777302504,2.228235245,1.106362462,1.259772539,1.879138112,2.335995674,1.937502503,1.677364469,2.179159403,2.271607399,2.272027493,1.767868161,2.053325415,2.779746532,2.328196049,1.556820273,1.556135416,2.057181358,1.731315374,1.202978492,1.277917743,1.067454338,1.161186934,0.9391281605,1.049017191,1.23001945,1.187871933,0.9477716088,1.18006289,1.078907251,1.374613762,1.18844831,1.079049468,1.770792365,2.043513536,1.474491715,1.242492914,1.084831953,1.546414614,1.174854755,1.116053462,1.301411271,1.352523923,1.266121387,0.9902485609,0.8333945274,1.487362742,1.434406638,1.540302634,1.306254029,1.26065743,sakana
0.891289115,1.050097346,0.5454108715,2.034492493,2.737435818,1.189685702,1.327436209,2.310339689,3.666712761,1.119334936,1.012176275,1.581805944,2.083994389,1.01935482,1.800768137,2.293487072,3.204280376,2.746072054,2.431368351,1.914664984,3.5152421,4.25127697,2.908427,2.882204294,4.648653507,4.611824512,3.018168688,1.657741308,2.838139534,3.711789608,2.651019335,1.293084621,1.827632546,3.127451181,2.223940611,1.42902863,2.561670065,3.101987839,3.358046055,2.39198184,3.173366785,3.815286398,4.540571213,3.123942852,3.187677383,3.976142406,3.413552523,2.26285696,1.857475042,2.039830685,2.208447695,0.9601486921,1.038722992,1.741885066,2.156133175,2.142011404,1.515439391,2.066317558,2.064764738,2.184041977,1.489378691,1.939779282,2.408125877,2.121889114,1.662762046,1.700794458,1.867101431,1.592092395,1.332711697,1.623088956,1.245512724,1.484666944,1.086978912,1.277649522,1.401789427,1.3667382,1.199535966,1.387127995,1.194668293,1.241607547,1.310302138,1.417777658,1.908540606,2.088532209,1.602801204,1.598064303,1.512533665,1.479887724,1.414216518,1.253178954,1.240446568,1.185721397,1.304515362,1.249682188,1.175186634,1.452469349,1.256750703,1.339241266,1.659261227,1.123605132,sakana
0.7031864524,0.9009160995,1.525306106,2.458987236,2.708995819,1.391850829,1.502672434,3.137669802,3.691549301,1.570936799,1.73341465,2.664185286,2.217460632,1.123664856,1.855731368,2.740057707,3.158756733,2.552000999,2.903656006,2.143031359,3.696805716,3.487126589,3.172688007,3.024461508,4.939464092,4.281870842,3.056468964,1.71639514,3.013590574,3.375402689,1.849495053,1.379941583,1.990911841,3.217112541,1.505767941,1.251631856,2.671567678,3.282800198,1.984971285,1.645920396,3.416354179,4.023100853,3.260056257,2.415130615,3.777077675,4.069844723,2.487581491,1.615400076,2.348948479,2.316725731,1.946920633,0.8800549507,1.355372667,2.495429516,2.018954039,1.745883107,1.4155761,2.717015743,1.99473834,1.685005307,1.401547074,2.703669548,2.413663864,1.542665839,1.256098509,2.080455303,1.833896637,1.157760382,1.293643117,1.885817409,1.578949571,1.15197432,1.345347404,1.532967687,1.780247569,1.134508729,1.11342144,1.768757463,1.509966493,1.080287933,1.038751006,1.961804271,2.395219564,1.913285851,1.254505157,2.0256567,1.848832488,1.401432037,1.083383679,1.319695234,1.928881168,1.200655103,0.9178678393,0.8581520915,1.75631845,1.544320464,1.137033463,1.101077199,2.099646568,1.333008528,sakana
0.979268074,1.010389924,1.195837021,2.265054226,2.744172335,1.454143882,1.443670988,3.202892542,3.767173767,1.381581545,1.469632626,1.875302076,2.287480116,1.156012535,1.950935364,2.504379749,3.284579992,2.882174015,2.466897011,1.994415045,3.513504505,4.365190983,3.062570333,3.213657618,4.748673916,4.343393326,3.389335394,2.198708773,2.98544383,3.646302938,2.951386929,1.539199948,2.126429081,2.803981304,2.517925024,2.11995554,2.85244894,2.970917702,3.001163721,3.165651083,3.556993723,3.721445799,4.140703678,3.846351862,3.675223589,3.691967249,3.007618666,2.052251101,2.027139187,1.778425097,2.110767841,0.8936007023,1.563318133,1.373489857,1.785140634,1.995312095,1.786521196,2.272745132,2.012905598,2.132321835,1.460325837,1.944806457,2.172009468,1.986156106,1.791256547,1.669385195,1.786565185,1.494602561,1.454123378,1.328125,1.101833344,1.124573231,1.455611348,1.124710679,1.45167625,1.061286688,1.360882401,1.316856742,1.166088343,1.284504294,1.488330364,1.422066569,1.811652422,2.089826107,1.547851562,1.724581838,1.347163439,1.563462019,1.305972695,1.369345546,1.070733666,1.025891185,0.780621469,1.04657495,1.129774451,1.375981092,1.061517239,1.067729354,1.034990788,1.016026855,sakana
2.11396265,2.069587708,2.179394722,3.07491374,3.950800657,2.092541456,2.323504686,3.477006912,4.41516304,2.749554634,1.393294811,3.329173326,2.817525625,2.867863655,2.919964552,3.53464818,2.591923475,3.864003897,3.45378828,3.238507748,2.764339447,4.526760101,4.176865101,3.788805485,2.597677231,2.786180258,3.402958155,3.339555502,2.025614262,2.130907774,2.60890913,3.025229216,2.266958237,2.27891016,3.088222265,3.169137239,3.406863451,2.501038313,3.149502039,3.334976912,3.947188139,3.502491236,3.798633099,3.928939342,3.369520187,3.556650162,2.798461914,2.368030548,2.317480803,2.021013498,2.474947691,2.389993191,2.669696093,2.407128572,2.460874557,1.987598181,1.651280046,1.524905324,1.323854804,1.658318996,1.673273802,1.676337719,1.793297529,1.774365544,1.357525945,1.489871264,1.254140735,1.24126637,1.034859657,0.8994234204,0.8916758299,0.6623334289,0.7859537601,0.6988303065,0.4565241635,0.4899794459,0.5071904659,0.7423442602,0.6502415538,0.6880863905,0.8512388468,1.119197607,0.4217756093,0.5288713574,0.7568597794,1.491288662,0.9864425063,0.7319924831,0.9163764715,1.158671975,1.199195266,1.212141991,1.325151563,1.026278257,0.8989360332,0.7017002106,0.5003636479,0.3328310251,0.2963944077,0.4743251204,shakana
1.473100424,1.3012954,1.543632865,2.375839233,3.023565769,1.879073739,1.668620706,3.541260004,4.061212063,1.652167678,1.551512837,3.129552603,2.429507017,1.794898272,2.295433998,3.185360432,2.902952433,3.101966381,2.842849493,3.47870779,3.096885443,4.653234005,3.565248728,3.887811661,3.140673637,4.008910656,3.692831039,2.926595449,2.032022476,2.649112463,2.817044258,2.128901482,1.902508855,2.983566284,3.771346569,2.208518744,2.150929213,2.964485884,3.840298176,2.824611902,2.623880863,3.288753986,4.913705349,3.639494896,2.407722712,2.986968756,3.249666214,3.184140682,1.742005467,1.955803394,2.769016981,3.776972055,2.103366137,2.221691608,2.264418364,2.585900545,1.582657337,1.594702125,1.044169784,2.189459562,1.866497755,1.159306526,1.556396723,1.680363059,2.152751684,1.441123843,1.118750095,1.42342627,1.565805435,0.9189332128,0.9299138188,0.8324603438,1.161137342,0.9154364467,0.9108554125,1.009635448,1.030151486,0.865065515,1.22050035,1.300098181,1.382819772,1.43273437,0.5387045145,0.5648134947,1.173262596,1.553865075,1.247775674,1.0855726,1.207430243,1.372801542,1.783646107,1.027304292,1.377583504,1.210347533,1.308876514,0.5298249722,0.4090456367,0.3596555293,0.8214773536,0.3635010421,shakana
0.8300812244,1.187372804,1.339550734,1.834928989,2.341195107,1.258174658,1.392342806,3.047260523,3.603545189,1.248645663,1.141932964,2.499564648,1.867155313,1.441062689,2.09552145,2.411316395,3.264894009,2.238325596,2.009974718,2.614678621,3.522468567,3.585412502,2.557564974,3.85338521,4.436878204,4.514631271,2.524067879,2.485383272,2.485772848,3.101282597,1.874635816,2.274107456,2.356663227,3.244265556,2.632559061,1.930843353,2.63225317,3.584845781,3.223987341,2.554088116,3.646766424,4.228364944,4.2294631,2.950200796,2.871377945,3.761399508,3.201949835,1.992731214,2.210785389,2.191739321,3.033724785,1.805374742,2.324105263,3.050646782,2.635528803,1.664245725,0.9354401827,1.434091449,1.421377063,1.414121628,1.020712614,1.539164543,2.048536301,1.879640698,1.220787883,1.285590768,1.479745269,1.358422995,1.067303896,0.8101714849,1.318729639,0.7532062531,0.7977352738,0.9947515726,0.9593112469,0.8846964836,0.8105112314,0.5383078456,0.8876385093,0.5816267729,0.5311607718,1.022106528,0.5325477719,0.8763412833,0.7730826139,1.139361143,1.335109591,1.381472707,1.009123445,0.805101037,1.492881536,1.755666256,1.896700382,0.7966493368,0.8283439875,0.8235949874,0.773927629,0.5991375446,0.7700780034,0.9410091043,shakana
1.30792439,1.287215948,1.331855178,2.13592124,2.520838737,1.326602578,1.176881552,3.471800566,3.572777748,0.9103087783,1.369683266,2.457833052,1.85994041,1.354913235,2.210498095,2.5683074,3.136098862,1.857816339,2.678414583,3.035022259,3.648096323,3.337264299,3.419320583,3.672896624,4.51267004,4.437155247,3.121923685,2.030105829,2.561753511,3.205164671,2.762968779,2.321147919,2.741116285,3.59793067,2.447441101,2.060320377,2.908724785,3.896922112,3.303395033,2.789318085,3.697219133,4.448064327,3.621825933,2.583859682,2.816127062,3.865849495,3.019455433,1.832518578,2.160050154,2.454508543,2.809688091,1.831096649,2.574372292,3.015660048,2.769422531,1.361675858,1.422673702,1.795909286,1.617379546,1.276765466,1.493413329,1.600747108,2.086716175,1.573052168,1.387258768,1.628739119,1.639041424,1.37000072,1.043868065,1.210317731,1.302863121,1.27254951,1.194795489,1.193552256,0.9364495277,1.242250443,1.440740347,1.613137245,1.25349319,1.763065219,1.395565748,1.036425948,1.092919827,1.564152718,0.8971702456,1.620690227,1.799341083,1.785731316,1.152583241,1.252300024,1.726204515,1.9309479,2.081543684,0.8434531689,0.8701948524,0.8174332976,1.01934731,0.4413172007,0.4677757323,0.806129992,shakana
0.6609021425,0.911457181,1.343289018,1.887922764,1.826337934,0.4442822635,0.8702555895,3.138191462,2.67672205,1.235355973,0.8859588504,2.533728838,1.628046632,1.038539886,2.0148592,2.207309008,2.730664253,1.785181642,2.950075865,2.78011322,3.303254128,2.273668051,3.071044445,2.932488918,4.09906435,1.663515568,3.020186186,1.423961878,2.468935728,1.330968499,2.629715681,1.977587104,3.381658077,2.573562384,2.898478508,2.063321829,3.580480337,3.180436373,2.337816,2.668260098,4.234312534,3.721635342,2.450888872,2.785541773,3.788354635,2.111755133,1.314774036,1.158410907,2.883048058,1.453194618,1.148726702,1.540445685,2.914805651,1.59534657,1.134322047,1.205832601,1.883582473,1.168230653,0.4232419431,0.7647505999,1.473653913,0.8964291811,0.9689306021,0.8016699553,1.924116731,1.181696177,0.6748812795,0.695761323,1.42401433,0.8801619411,0.7667463422,1.078071713,1.611558676,0.8656053543,0.5267911553,1.241010427,1.356915474,0.5622211099,0.5346927643,1.987294674,1.232093573,0.9561274052,0.7162755728,1.470971823,1.19142139,1.766836405,1.232575536,0.8803557754,1.433828473,1.587344766,0.9199867845,0.6644930243,1.728280306,1.28753984,0.2875987589,0.3029344082,0.4599832296,0.3828453124,0.3129150271,0.2338589281,shakana
0.9999979734,1.160653949,1.197462797,2.36316824,2.598816633,1.032473207,1.609965563,3.370309353,3.795452833,1.148474693,1.538328171,2.059761763,2.276204586,1.318723798,2.314137936,2.31015873,3.338665962,2.789834023,3.054148912,1.958987474,3.344292641,4.831614017,2.813970327,2.473111391,4.027125835,4.64601469,2.380779266,1.585974097,2.787680149,3.356440067,2.512439489,1.810148597,2.549129725,3.182899714,3.24233222,2.363844633,3.146923065,3.603650331,3.830250502,3.5079,3.60314393,3.904158354,4.103822231,3.647897959,2.870191097,3.254991531,2.998237848,2.403982639,1.771983504,1.785317779,2.458550215,2.563940525,2.118931293,2.163518667,2.302533627,1.857252955,1.25817728,1.455079556,1.420222044,1.693289518,1.452222824,1.183915854,1.818294048,1.622183323,1.618012547,1.471052289,1.285707474,1.402070403,1.021666288,0.9425251484,0.918419838,0.807092607,0.9219891429,0.8064695001,0.5193761587,0.5737918615,0.9346361756,0.6239154339,0.5356268287,1.190276146,1.36198926,1.058207989,0.7741740942,1.460572124,1.550215125,2.033864975,1.658250451,1.751150131,1.814797521,2.065531969,2.038821459,1.916169882,2.450150728,1.548633337,0.9288141727,0.9488046169,0.9906339645,0.6172519326,1.063153386,0.7644330859,shakana
0.5010818243,0.5025786757,0.7360153198,1.608739853,2.050111055,1.012936711,1.241433024,2.356082678,3.43471837,0.8836224675,1.360937119,1.518038034,1.838657141,0.9037034512,1.991113782,2.026873112,3.195658684,2.68296504,2.300721407,1.6653409,3.656449556,4.309376717,2.251942396,2.474320173,4.609262943,4.479353905,1.474502563,1.455333948,2.80633378,3.456099749,1.426448822,1.825726271,3.109424114,3.696269274,1.674785852,2.932813406,2.716827631,4.121881962,2.519079685,3.822873831,3.759177208,4.621856689,3.15883708,3.06054616,2.992486715,3.922505617,2.494988441,1.631054044,2.114135981,2.547322989,2.490949392,1.301440239,1.634050965,2.777389526,2.356557846,1.046069384,1.151747108,1.491606593,1.388433337,0.7115960121,1.060192943,1.617521405,2.333650827,1.112754941,1.222521067,1.381942391,1.971161246,0.9705907106,0.7422776818,0.9078488946,1.384499431,0.7813231945,0.9458099604,0.5395414233,0.6750879288,0.8350465894,0.6742655635,0.3281297684,0.905007422,1.133581161,0.5043052435,0.5361534953,0.8271778226,1.478176355,0.8489743471,1.285395265,1.78136313,2.158641338,1.319008112,1.477989793,1.893761635,2.555953979,2.25942874,0.8481699228,0.9974222779,1.153855801,1.087611079,0.2422350496,0.7469007373,1.206872702,shakana
1.36448586,1.293800712,1.647298694,2.364570618,2.272666454,1.172181726,1.362547159,3.582391977,3.303325891,1.287164807,1.858666897,2.494011641,2.26478219,1.114535689,2.341072321,3.156264067,3.368578434,2.66791749,2.808374882,2.648393154,3.709271193,4.315813065,2.592690468,3.406053305,4.669286251,4.400256157,1.694266319,1.925596595,3.096478701,3.02958107,1.570816875,2.341194391,3.150073051,2.917904139,2.128852844,2.969559431,3.542289972,3.582953215,3.079040766,3.909271002,4.036448002,3.957364321,3.412550449,2.987392902,2.976601601,2.921688795,2.42377162,1.456049442,1.490459085,1.175531268,1.353899837,1.823185921,2.091305017,1.777806878,1.334105134,0.9357112646,1.059394121,0.9078946114,0.5445210338,1.170138955,1.13972497,1.189100027,1.344157577,1.277145147,1.441722274,1.381923556,1.131842613,1.249776602,0.8707699776,0.8332015276,1.08827424,0.8632674217,0.8282650113,0.7321786284,0.8077393174,0.6893820763,0.790473938,0.5849269032,0.5363900065,1.208117723,0.7148070931,0.7021092772,0.6542187929,0.6939192414,0.8515978456,1.589449048,1.137437105,1.23644042,1.25457108,1.530249476,1.533449769,1.423239231,1.701777101,0.4748660624,0.2560239136,0.3654211462,0.4343103766,0.3183121383,0.359154731,0.4762218297,shakana
0.4896278381,1.005913496,1.393863082,2.278256655,2.692446709,1.151820898,1.458928585,2.970389128,3.831456423,1.164910555,1.673887491,2.379852772,2.058600187,1.460549593,2.560945272,2.545742512,3.528846502,2.575311422,3.418825626,2.48460722,3.519657373,4.359666348,3.227076292,2.707015038,3.957645178,4.677690506,2.139414787,1.394251108,2.025299311,3.109671831,1.580688953,1.66914618,2.472960472,3.418478012,2.552801847,1.821589589,3.134584427,3.549472809,3.468869925,2.563877583,3.987457275,4.158627987,4.368274212,2.918258429,2.757051468,3.429555178,3.22768569,1.984633207,2.239787579,2.266360283,2.711362123,1.653568625,1.518158317,1.945371747,2.444998026,1.756244421,1.143227935,1.225162745,1.141791582,1.31161201,0.9590359926,1.22381568,2.099496126,1.963129759,1.379103422,1.016088367,1.330077767,1.505544901,1.018989325,0.846717298,1.116202831,1.232418776,1.471675515,1.279334664,1.152034163,1.064314485,1.051087022,1.13018167,0.9964197278,1.103607416,1.513001561,1.303244114,0.5954812765,1.042571306,1.516768813,1.452439785,1.298386097,1.407677412,1.603088617,1.852235317,1.281157017,1.335015178,1.589036703,0.8948343396,0.4574014246,0.5415174365,0.528210938,0.3834250271,0.3520343304,0.5087004304,shakana
0.8687819242,1.485932946,1.723736286,3.277565956,2.993185759,1.189781547,2.317857742,4.04733181,4.061049461,1.863012791,2.54797101,2.691757917,2.416624546,1.994129062,2.655213118,2.869472265,3.695715427,3.562732458,1.992029309,2.27784586,3.650548935,4.598064423,2.876202822,3.538449764,4.121769905,4.342598438,3.181396008,2.395892143,2.716905832,2.934241295,3.191616297,2.414812803,2.276317835,3.048261881,3.549600601,2.781622171,2.85075593,3.642450094,3.805120468,3.843488216,3.791796684,3.828695059,3.950626612,4.267728329,3.235044479,3.573862076,3.137889624,3.111102581,2.384579897,1.654152632,1.908672929,2.591705084,2.773525476,2.378886938,2.442200184,1.916707516,1.823432684,1.639748335,0.8795415163,1.401051521,1.845181346,1.554660201,1.778829098,1.743094683,1.912950873,1.808602691,1.28830111,1.471898437,1.247990489,1.272113681,1.091384411,1.02884841,1.201402187,0.9945177436,1.093465805,0.8486047387,0.8571136594,1.068375587,1.38763833,1.131974816,0.7875670195,1.4146384,1.16657567,1.282801509,1.258075356,1.910663724,1.605638742,1.283669591,1.252578497,1.675244689,1.759557486,1.807294607,1.997062564,0.9298518896,0.8255726099,1.024902463,0.4956422448,0.2011718005,0.3218634725,0.7632355094,shakana
1.109825015,0.9782748818,1.696127892,2.827301025,2.842140913,1.685430169,1.773160815,3.748375654,3.679102898,1.434743166,1.329350233,2.291206598,1.903103471,1.523584008,2.459346294,3.040289164,3.504479408,2.553793669,2.820961237,2.472147703,4.19133997,3.548453331,3.658741236,3.705581665,4.620524406,3.290286303,3.439483643,2.099458694,3.230890274,2.924333334,2.727059364,2.209659338,3.281625032,3.112308741,2.125287294,2.174611568,3.443315268,3.976308346,2.70336318,2.741505384,4.060949326,4.276992321,3.373307705,2.641917467,3.708344221,3.669221878,2.078011751,1.508400917,2.529064655,1.499813676,1.427578688,0.7514274716,1.919505596,1.758510947,1.258618355,0.8505879045,1.820396304,1.648040175,1.177330732,0.8809796572,1.538082838,1.557336926,1.319777608,0.9810752869,1.442023516,1.146523476,0.9262416959,0.8475642204,0.8144372702,1.164272547,1.143868804,1.1667521,1.332270026,1.444785357,1.469118595,1.553881645,1.600087762,1.849840164,1.711945295,2.090058088,1.64549017,1.298456907,2.01119113,1.633521318,1.003159046,1.626724839,1.431086898,1.617669225,1.269412875,1.038193941,0.7817588449,1.100205302,0.3281695247,0.777716279,0.567607522,0.5569469929,0.3175456524,0.2770055234,0.4331816137,0.615306735,shakana
0.7881949544,1.131878853,1.708187699,2.877150774,2.650888443,1.488578796,1.267644167,3.716449738,3.485244274,1.241760015,1.497278571,2.15096879,1.840950608,1.317595959,2.558119297,3.220594883,3.612212181,2.118097782,2.680428267,2.828910828,4.066396236,3.601002932,3.586951971,4.21623373,4.853688717,3.238739729,3.335112333,2.459068537,3.375156641,2.967279434,2.37141633,2.578434229,3.189949036,3.068791628,2.242181778,3.050912857,3.666547537,3.562876701,2.707792521,3.580587626,3.99929738,3.775588989,3.318691492,3.279650927,3.870810032,3.35646534,2.231631756,2.626895428,2.424203873,1.679742336,1.411033273,1.336326838,1.953805089,1.607262731,1.144133925,1.139292121,1.344237328,1.403699398,1.015894771,1.411009669,1.167521238,1.017697453,1.109025717,1.125140548,1.012337685,0.7681024075,0.7076305151,0.8594980836,0.5643522739,1.157588363,0.735842526,0.9039202332,0.9622837901,1.474147081,1.438393235,1.22487247,0.994638443,1.481813431,2.042448282,1.409592032,1.025495172,1.270918131,1.198777318,0.6435661316,0.5964564681,0.6782245636,0.9521824718,0.9610286951,0.9496154189,0.6432891488,0.703004241,0.5130295753,0.5966305733,0.3332898319,0.4350944757,0.3494482934,0.3471119404,0.2185080945,0.7373230457,0.6233693957,shakana
1.350570917,1.349672318,1.819766283,2.982456684,2.723299742,1.847169161,1.705704093,3.830098152,3.184037447,1.097747564,1.250187755,2.060492277,1.650018215,1.147259355,2.377326488,3.161011934,3.238289833,2.293590546,2.546306133,3.102054358,3.828788757,3.382764101,3.791793346,4.309018135,4.426589489,2.882889509,3.672458887,2.701085806,3.127902746,2.485763073,2.780111313,3.09602356,3.121171236,2.593343735,2.310048819,3.127853394,3.421651602,3.540341377,2.470213413,3.746672869,3.576898813,3.673561335,3.047134399,3.58918643,3.273995876,3.146532774,2.3802526,3.359776258,2.511449575,1.40927577,1.447796941,2.204534769,2.104218483,1.562018752,1.331475496,1.614557862,1.342141151,1.313679695,0.9276159406,2.10195756,1.493637085,1.323349357,1.211387157,1.487368584,1.117288351,0.7570403218,0.7675805092,1.37302649,0.7444014549,1.176190138,0.855196178,1.422424793,1.16145277,1.04983604,1.562172651,1.525905848,1.384049416,1.558234453,1.483007073,1.774312973,1.133554339,0.8959993124,0.9589518309,1.286657333,0.6910368204,0.5730823278,0.8718577027,1.491514325,0.9942668676,0.7915278077,0.756442368,1.239395618,0.560284853,0.6268503666,0.2337094396,0.7168048024,0.4026770592,0.2361819148,0.5673552155,0.5519010425,shakana
1.18290627,1.926704645,1.61193037,3.244305849,2.622362137,1.528318167,2.334178448,4.380876064,2.960969925,1.410501957,1.840304375,2.59463048,1.651336074,1.526991844,2.851372242,3.839504719,2.592087507,2.27072072,3.160241365,3.583472013,3.191512585,3.434303761,4.144743919,4.78271246,3.478376627,2.949704885,3.243849039,2.9775002,2.609874725,3.226643562,2.829019547,3.168809652,2.89355588,3.467070103,3.103765726,3.499292612,3.55085969,3.190466642,3.519444227,3.774623632,3.923894405,3.202291489,3.922232389,3.698219776,3.278107405,2.781149387,2.950654745,2.706564188,2.445235252,1.678124547,2.425810337,1.775123477,1.856149316,1.178379536,1.450533986,1.112325788,1.048447013,1.072914362,1.267020226,1.071180463,0.9542427659,0.9182878137,1.100269794,0.8876355886,0.7802353501,0.7012010217,0.7416803241,0.7749314904,0.4848705232,0.7336939573,0.7781757712,0.8083227873,0.6966084838,0.8677624464,1.208601117,1.35715735,1.202012062,1.511614084,1.542433977,1.927400947,1.776702642,1.495181918,1.593312025,1.20968318,1.28718996,1.044675827,0.6743407845,0.5394072533,0.8161454201,0.573931694,0.3728705943,0.2335904241,0.2530748844,0.3890295327,0.1953669488,0.1335164309,0.0907709524,0.07709742337,0.08420716226,0.06821996719,shakana
1.616616726,1.723922014,1.786485672,3.601102114,2.458261967,2.098334312,2.000288963,4.589063644,2.604864359,1.205515027,2.011676311,3.270569801,1.682102323,1.367121935,3.088983059,4.120807648,2.365665674,2.118647575,3.170909405,3.721958637,3.040623665,3.345409393,3.801921368,4.585867405,3.296882153,2.566020012,3.188990831,2.992371559,2.336694241,2.64876771,2.642529011,3.06666851,2.470190525,2.981880426,2.773767471,3.645585299,2.915259361,3.252475023,3.172216654,3.78064847,3.212827921,3.216988564,4.092973709,4.017602444,2.799843788,2.746578455,3.289590836,2.967212677,2.363326788,1.373162031,2.486356497,2.064851046,1.555611491,1.521165967,1.916263223,1.393933654,0.8334634304,1.249091864,1.581412792,1.255838037,1.014189363,1.144815922,1.291303277,0.8530066013,0.9749749899,0.8962678313,0.811109066,0.6860381365,0.7599944472,0.7996902466,0.6468456984,0.4713962376,1.11517024,1.207137704,0.9224222302,1.140480518,1.300914288,1.075806856,0.9862238169,0.7135006189,0.8970323801,0.7066087127,0.8788506389,0.7244921327,0.4077898264,0.7317504883,0.6302489042,0.4488009512,0.3318499923,0.3976959288,0.3322490752,0.2439505309,0.1865768135,0.306722939,0.1975875646,0.1984917969,0.1319866776,0.09559975564,0.1426950991,0.081970945,shakana
1.080211759,1.600144029,1.70039916,3.001105785,3.016932487,1.878691912,1.642468214,3.953103304,3.818591118,1.521841407,1.565001369,1.976820707,1.803732514,1.333850861,2.70751667,2.974443913,3.668950796,2.402951717,2.479435444,2.781387091,3.832690954,3.362402678,3.428221464,3.423889399,4.694051266,2.474056721,3.404419661,2.406416655,3.419319868,2.417889595,2.494129181,2.29682827,3.286950588,2.304625511,2.822935104,2.290359497,3.548173904,3.030653,2.68055892,2.458733797,3.72858429,3.359449863,3.498220682,2.596764088,3.802923441,3.335192919,2.544838905,2.298210382,2.714766502,2.170128822,1.927651167,1.73681581,2.677459002,2.069270849,1.412894607,1.57919383,1.846758604,2.052317381,1.979978442,1.866206765,1.628399372,1.497172594,1.578412771,1.681785226,1.560482502,1.148765802,0.9149947166,1.317327976,1.337076902,1.40117228,1.067036986,1.267997265,1.517072082,1.651738882,1.72638309,1.695788145,1.422212124,1.961621642,1.678923488,1.554342985,1.886241674,1.318010926,0.7539153099,1.04534924,1.050577044,1.008065343,0.6143827438,0.9736474156,0.7997300029,0.906119287,0.7294659615,0.7446547151,0.8245705962,1.157898426,0.906080246,0.9091383219,0.9449903369,0.9634017348,0.8664358258,0.7619304061,shakana
0.725333631,1.09884584,1.035902977,2.432993889,2.059132099,1.166141152,1.712714314,3.954908133,2.611952782,1.0721035,1.339312196,2.371618271,1.242664456,1.144925117,2.624673605,3.22801137,2.385757923,1.971460223,2.922525644,3.195971489,3.133501291,3.685418129,3.353113413,4.099354267,3.59564805,2.496687651,2.946657896,3.02833271,2.940328121,3.089285374,2.168878317,2.866631031,2.972775221,2.496393681,2.590825081,3.282002687,3.347966194,2.628612041,2.847709894,3.495865583,3.641789198,2.604353666,3.805904865,3.520225763,3.030101299,2.626686096,2.856173515,3.02451539,2.569950581,1.641498804,1.983889937,1.710303307,2.154110909,1.711278081,1.949103713,1.667578578,1.493316293,1.241120934,1.719778419,1.617668629,1.601701617,1.391945243,1.550138116,1.26872766,1.095386744,0.9167534113,0.8567878604,0.9484270811,0.780243814,1.276443481,0.7712857723,1.262031674,1.215851426,1.650112748,1.257360101,1.542481422,1.577716947,1.624960542,1.386697173,1.11610961,1.447678447,1.185394049,1.008737683,0.8527868986,1.136910915,1.032862663,0.6065698266,0.9340616465,0.8157055378,0.5989869833,0.4058865309,0.3262575567,0.2136914283,0.2613044083,0.09576503932,0.1068850756,0.08495596796,0.06689910591,0.1028493866,0.1212226003,shakana
1.449293137,1.632888675,1.677461505,3.122207642,3.076871872,1.807120204,1.648404956,3.992717505,3.687570333,1.399753332,1.461498976,2.283401251,1.87308526,1.373631001,2.748129606,3.483999729,3.59161067,2.246300697,3.147210836,3.009885311,4.080596924,3.840646982,4.038976669,3.990611792,4.70956707,3.606035709,3.785736799,2.766797066,3.452704668,3.365217686,3.168649197,2.881257057,3.527070761,3.659427881,3.042909145,2.852044582,3.628789902,4.061956882,3.153871298,3.469112396,3.991011143,3.931574106,3.607252121,3.230018616,3.67820549,3.434474707,2.72139287,2.731781483,2.939092636,1.848292589,1.618874073,1.519469261,2.573610067,1.819015384,1.29188025,1.314250112,1.614873767,1.382560372,1.046961784,1.34061563,1.578712702,1.386915803,1.054181457,1.116397142,1.021012425,0.9731940031,0.6439374685,1.007612705,0.6867114305,0.9395805597,0.4905761182,1.228876352,1.129812121,1.104067802,1.00690341,1.483011723,1.622164845,1.523869634,1.268079638,1.7670362,1.739375353,1.630764961,1.714238644,1.727157593,1.410849333,1.5040797,1.314960957,1.085299492,1.199056983,1.253047347,0.5573517084,0.483758837,0.3773720562,0.6747979522,0.3469888568,0.2403952479,0.2565115392,0.1602393836,0.2722233534,0.1715061069,shakana
1.517020226,1.992048383,1.953878045,3.601545334,3.372030497,1.974544406,2.03541255,4.255926609,4.157235146,1.921775103,1.602389455,2.895240068,1.966399312,1.605491519,3.127992868,3.438001394,3.380187035,2.670832396,2.67585516,3.495409966,3.936886311,4.124887466,3.118460894,4.167578697,4.566970348,3.977753162,2.365905046,2.997612953,2.908154249,3.625780821,2.076857567,2.674251795,2.83001256,3.612554073,2.953092575,3.543474436,2.759069443,4.259294987,3.591509342,3.227323532,3.367437363,4.037691593,4.005410194,3.334593296,2.373380184,3.962766886,3.409051418,2.630496979,2.239570141,2.211965322,2.762480259,1.227862597,1.709779024,2.385639906,2.243214607,1.13882637,1.433033466,2.038424253,1.804092169,1.283511758,1.192401648,1.913859606,2.026497602,1.186979055,1.091985941,1.281495571,1.335022449,1.077897072,0.6447281837,1.165471554,1.337423921,1.157318473,0.8552392721,1.055524945,1.798012137,1.333735585,1.14895618,1.56076169,2.308274508,1.914955854,1.049107194,1.638156891,2.278971672,1.972986341,1.031518698,1.49604857,1.780176044,1.513778925,0.7870818973,0.9262683392,0.6164976358,1.145415545,0.4245428443,0.7234329581,0.3797287345,0.6833507419,0.2530653179,0.2371075898,0.3792758286,0.7104011178,shakana
1.913438201,2.14059329,2.105569839,3.702493191,3.119527102,1.99085927,2.358384132,4.710110664,3.808827877,1.777698994,2.668823719,3.016845703,2.220445156,1.798285365,3.826073885,3.97531724,3.742205143,2.821039438,3.382589817,3.551390886,4.003587246,3.892011404,3.315744877,4.418419361,4.399898052,2.959437609,3.234032869,3.516421795,3.618531466,3.012284994,2.128640175,3.278274059,3.480495453,3.131493807,2.271806479,3.866229773,3.901846409,2.955223799,2.764903069,4.020300865,4.17464304,3.319756985,3.444792747,4.459290028,3.765863657,2.971423864,2.367765665,3.406146526,2.870903969,1.63021636,1.922384024,2.769527912,2.381512165,1.56131041,1.682167053,2.539729357,1.888089895,1.322198033,1.377439141,2.664567709,1.805527806,1.518933415,2.052251577,2.292282104,1.548807979,1.16537714,1.228117466,1.707108617,0.894800961,1.361901045,1.080711484,1.510356545,1.137887955,1.790185809,1.766598105,1.981693029,1.700307965,2.00138402,1.800060868,1.766214728,1.711578727,1.594058156,1.581774712,1.793167472,1.219156623,1.017876983,1.256854296,1.44870317,1.26028955,0.7449557185,0.938216269,1.069313526,0.3626168966,0.4219214618,0.4487940669,0.6372638941,0.286916703,0.2164041996,0.6891444325,0.3041164875,shakana
1.636821985,1.977208734,1.849015474,3.353933573,3.878821611,2.281315088,1.939748645,3.97198081,4.382599831,2.681200981,2.269563675,3.093239069,1.971942663,2.201082468,1.852504492,3.25880909,2.45677352,3.928951025,3.375588417,2.965554714,2.609684229,4.269152641,4.486600399,3.734098434,3.096110582,3.33541441,4.392890453,2.79216814,2.316509962,2.199326277,2.446751833,2.5334692,2.372948885,2.536113024,3.76698184,3.44116497,2.42464447,2.991617203,3.488487244,3.81849885,2.807302475,3.782052517,3.466452837,4.492526531,4.298107147,3.633795023,2.427270174,3.189831495,2.781593561,2.68467474,1.406426668,2.448216915,2.573975325,2.334082127,1.640383959,1.432642937,2.320548296,1.913899779,1.79537034,1.776912093,1.931422114,1.993567348,1.575708151,1.71470058,1.488753796,1.573246241,0.9981818795,1.353811264,1.373772264,1.462219357,1.06827426,1.291933417,1.343633175,1.687354445,1.065733433,1.702486753,1.784717798,1.799013257,1.268996477,1.516242981,1.713879704,1.710981727,1.107859731,1.517758608,1.293759584,0.5124487877,0.458532542,0.6616085768,1.01165235,0.7966164351,1.191539049,1.521992207,1.539988995,1.328044772,1.702799439,1.713459253,1.942445278,1.420698047,1.197613597,0.9975880384,shakana
0.939294219,1.505557656,1.25347662,3.080114126,3.311107635,2.049124718,1.978342652,3.952985048,4.205924988,2.235780478,1.940968633,2.815439224,1.956537008,1.389802814,2.132730961,2.986310482,3.043884516,2.537557364,2.849180937,2.705663919,3.895546198,3.23380065,3.821658134,3.676673651,4.703530312,3.21141386,3.58420682,2.766265392,3.358225346,2.824716806,1.434672952,2.358978987,3.175431252,3.268181086,3.163862467,2.458588362,3.435045481,3.672112465,2.886467934,2.543996572,3.20893383,4.030851841,2.947439194,3.150397539,3.871197224,3.925652027,2.497737646,2.833696604,2.046898603,2.637223244,1.619621158,1.752747655,1.947708249,2.192573786,1.551699758,1.29232657,1.940957546,1.924611688,1.269416332,1.145486116,1.481026173,1.63409102,1.080706358,0.9448490739,1.292616487,1.377954841,0.7628461719,0.7498287559,1.190577388,1.266002178,0.9702643752,0.9727130532,1.365616202,1.800898075,1.266865373,1.400599837,1.21380043,1.582396865,1.491506457,0.9137555361,1.031392574,1.158557415,1.198526144,0.7986732125,0.7844973803,0.4647495747,0.3977341056,0.188690722,0.4384357631,0.4927853644,0.9942346215,0.5542291999,0.6585074067,0.7426453233,0.9058686495,0.4659536183,0.5487431884,0.7555010915,1.077496648,0.5771511793,shakana
0.8452278376,0.8128300309,1.030274391,2.22413373,2.184118748,1.787014246,1.784781575,3.411806345,2.296393156,1.537927508,1.797088265,1.982272506,1.105054617,0.8570531607,1.839268088,2.618637323,2.277511358,2.260889053,2.576411486,2.81889081,3.052977085,3.870179892,3.167601347,3.687051296,3.754498482,3.539002895,2.815678835,2.593225241,3.104168892,2.528190613,1.494067788,2.097770452,2.98130703,1.998248577,2.077419996,3.017857313,3.454401016,2.319280148,2.071089983,3.438869476,2.720175505,2.723791361,2.872732162,3.939124584,3.831185818,2.480319262,2.773551941,2.688766241,1.827490807,1.542305946,1.570788026,2.050248861,1.729418874,1.327301145,1.368271351,1.571048975,1.471556544,1.171605825,1.267396212,1.251425385,1.012536883,1.19001627,1.383763671,1.087197661,1.045986414,0.8670297265,1.164137602,0.9598481655,1.019561648,0.7928481698,1.395366192,1.399386644,1.387714982,1.233978629,1.694807172,1.898301125,1.417691827,1.101676464,1.440210104,1.727832794,1.211908102,1.124078751,1.359744668,1.367230058,0.3678544462,0.2625570595,0.8667865396,0.1423888505,0.4169430435,0.6456490755,1.208428144,0.5530055165,0.610041678,1.11476469,1.199638128,0.8666453362,1.06325686,0.9338478446,0.9062821865,0.6907459497,shakana
0.7665281892,0.7241589427,0.987452805,2.459085464,2.586726189,1.726406097,1.649178743,3.153669596,3.219698429,1.149537206,1.433055878,1.934713483,1.622892618,0.924025476,2.01919508,2.610342503,2.964361191,2.115185022,2.638257742,2.570881367,3.687824488,3.408277035,3.39530158,3.448925972,4.456227779,3.59971571,3.089915991,2.50098753,2.970520496,2.899024487,1.610884905,2.20394969,3.093512058,3.335054159,2.53862381,2.370358229,3.609546661,3.416814566,2.796503782,2.900838852,3.536174774,3.830144167,3.272848606,3.17872262,4.193929195,3.293168306,2.440422773,2.587620497,2.080479622,1.844468236,1.159433007,1.816974878,2.050669193,1.400847077,1.356148124,0.9139848948,1.483961582,1.184281707,1.19910264,1.005110979,1.085916877,0.9642062187,1.053671479,0.646232903,0.7591865659,0.8945865631,0.8593210578,0.7616413236,0.6551628113,0.7341578603,1.212776184,0.8738829494,0.8070576191,1.174224138,1.58882618,1.687192917,1.251471043,0.9936745167,1.251012921,1.367133617,1.079202533,1.236956716,1.231506586,0.8372015357,0.5159471631,0.2744380236,0.1928931624,0.08016440272,0.513859868,0.4198641479,0.3291677535,0.4007038772,0.6630532742,0.8741882443,0.5365659595,0.8752803206,1.271786928,1.19090724,0.9693351984,0.5483414531,shakana
1.028658032,1.535463691,1.285473228,3.346780777,2.882400513,1.432298779,1.962835073,4.445782661,3.483968973,1.203439116,2.707402468,3.141833067,2.277945757,1.426621199,2.54685545,3.841272116,3.415821075,3.039020538,2.582463503,3.109587908,3.96045351,4.062000751,2.846780777,3.81213212,4.733553886,3.387387514,2.700692415,3.083385706,3.314100742,2.505948067,1.566565633,3.119355917,3.427624464,2.887914658,2.405331612,3.664074659,3.837870598,3.016186714,2.765841007,3.877461672,3.713006735,3.468603611,3.453558683,4.168913364,4.345661163,3.488924026,3.217124462,3.109341621,2.013490438,2.226430416,1.603883982,2.916511059,2.579754114,2.019678116,1.684407234,2.004359245,2.330861092,1.776552558,1.556011319,1.988241553,1.546495676,1.309982896,1.270065427,1.762546301,1.643625498,1.235816836,0.9049256444,1.106884003,1.013323665,0.9984084368,0.9368128181,1.050449848,1.208815455,1.011906385,1.139104128,1.487977028,1.391756892,0.9958094954,1.279899001,1.51181221,1.112030149,1.274555206,1.112689376,0.887380302,0.6021533012,0.7061830759,0.6061342359,0.6187592149,1.227920651,0.9036169052,1.338678956,1.507202625,1.543169618,1.617694497,1.5627563,1.788253188,1.641816258,1.17222476,1.115994573,1.174781919,shakana
1.022546887,0.6743495464,0.9094517827,2.815739393,2.735224009,1.428158879,1.427122116,3.88186574,3.633930445,1.477937102,2.0625,2.271166325,1.818390489,1.15043354,2.148171186,2.724746704,3.185247898,2.742355108,2.909471512,2.652826309,3.807015181,4.197538853,3.104053497,3.295008421,4.26323843,3.972620726,2.911108017,2.491621256,2.981458902,2.923874378,1.627451181,2.245321989,3.202430487,2.827579021,2.571408033,2.884629726,3.610518932,3.228888512,3.085974455,3.438011646,3.41204977,3.716811895,3.525102377,3.960158587,4.300264835,3.607230425,3.170143366,3.070384741,2.024728298,1.717667222,1.252209544,2.290874481,2.123788118,1.637629032,1.39678061,1.241907358,1.482607007,1.362013102,1.083350301,1.313658714,1.056943774,1.195960164,0.9988007545,1.088293552,0.8910199404,1.171402335,0.8939058781,0.8038651943,0.5816318393,1.073836207,1.132601142,0.8570671082,0.7905085087,1.347560525,1.535402536,1.186357617,1.101893306,0.7981559634,0.9998412728,1.100982666,1.133548617,1.067020059,0.6991255879,0.8335054517,0.3174312413,0.1563072205,0.2736213803,0.1843502969,0.5489638448,0.5667512417,0.8788755536,0.7554808855,1.223938942,1.60730958,1.549300194,1.313252926,1.491255999,1.417350531,1.531924844,0.9721670151,shakana
0.6200250387,0.6440283656,0.7845164537,2.76234436,2.282993078,1.363114357,1.857390761,4.080380917,2.596503735,1.242570519,2.288392305,2.738560915,1.617945075,1.051236272,2.191385269,3.304217815,2.537073374,2.810350418,2.937729359,3.275738001,3.339473009,3.992435932,3.133549929,4.275763512,4.301721096,3.696380138,3.012640715,3.010017633,3.142800331,2.409161568,1.695993423,2.968377352,3.511963844,3.008344173,2.62622118,3.420877457,3.61627984,2.780961275,2.96884656,3.851748943,3.420038462,3.110218763,3.268865824,4.330271244,3.975363255,2.523969173,3.12182498,3.247558832,2.307171345,1.552637339,1.633238435,2.766211033,2.120065689,1.561460495,1.702853799,1.733378291,1.682602167,1.140690088,1.525478363,1.759715915,1.287525415,1.10581398,1.283862948,1.359440207,1.209151745,0.963907361,0.9389371276,0.8338595629,1.022908568,0.8634945154,0.9400093555,0.8559510708,1.423501849,1.382161736,1.010072708,1.22958982,1.617060661,1.482939243,1.115362883,1.180225849,1.13662219,1.283412337,1.179067969,0.9249361157,0.6789364219,0.4423120022,0.5843677521,0.6212820411,1.145927191,1.187311649,1.404342055,1.519853592,1.638744116,1.788634658,1.779370785,1.697898865,1.750328898,1.710536718,1.69786036,1.275698185,shakana
1.649483919,1.438985467,1.633081079,3.877014637,3.219378471,1.960655093,2.596878767,4.782523155,3.777986765,1.89444077,3.441217184,3.340265036,2.428809166,1.827547669,2.767575741,3.647603512,3.521493196,3.499528646,2.80700016,2.882965803,4.048420906,3.945869207,2.831679344,3.683665752,4.990951538,3.485203981,2.797334671,2.67051506,3.644817591,2.668033838,1.752308011,3.262607336,3.790013075,3.226984501,2.525656939,3.507785082,4.034020424,3.425289631,2.941429377,3.758457899,3.981159925,3.808586359,3.758718252,3.594151735,4.171619892,3.391359329,3.290589094,3.418687582,2.833893776,2.660194397,1.580295563,2.213751554,2.812814474,2.375801325,2.144600868,2.047589302,2.287375927,1.823805094,1.460331321,1.795196533,2.147177219,1.923255444,1.893368125,2.086666822,1.830681324,1.656153202,1.356145382,1.410943985,1.417433143,1.199356794,1.202099442,1.292061329,1.759248376,1.360922337,1.21564126,1.267304063,1.779827952,1.426789999,1.219986081,0.8435854912,1.372370839,1.650761247,1.435078979,0.7594889402,0.8673627377,0.7206925154,0.6365921497,0.441306144,1.332975864,1.405061007,1.501775622,1.260516286,1.597081423,1.344064474,1.44671452,1.567830086,1.916284204,2.016659975,1.40372169,1.053099513,shakana
1.155699015,0.9481912851,1.411107063,2.744098425,3.04249835,1.913975358,1.984684467,3.817703009,3.790936232,2.118322372,2.248741865,2.178914785,1.600957155,1.317402244,2.235158443,2.494417429,3.008198261,2.967658758,2.618152618,2.647961378,3.340358019,4.232228279,3.190260172,3.327930212,4.041265965,4.370563984,3.112403154,2.205354452,3.070266008,3.005123138,1.557749629,2.324455261,3.02162981,3.32757163,2.963511705,3.290189505,3.293847561,3.336698771,3.385272264,3.244313955,3.141195536,3.738301039,3.7047019,3.483498573,3.607341766,3.647227526,3.556364298,2.668474913,2.145235062,2.450111866,1.543058157,1.93152523,1.88101244,2.148983717,2.228320599,1.75864923,1.903923869,1.620624185,1.639664531,1.739513278,1.461394191,1.665270567,1.721094966,1.631010056,1.565186024,1.555324793,1.303598523,1.44530654,1.114611149,1.253875852,1.624594331,1.86507082,1.421201348,1.737618923,1.470911026,2.176308393,1.610333085,1.52714467,1.555408716,1.710119605,1.542656898,1.662624359,1.285534143,0.9707042575,0.7642462254,0.7924169302,0.4456338882,0.3712050319,1.155826569,0.8112632036,1.288939476,0.8057995439,1.823511362,1.649793267,1.600532413,1.614580154,1.778415561,1.432036638,1.584362864,1.216442704,shakana
1.107843995,1.399763823,1.258112669,3.392567635,3.149935961,1.860306382,2.211821795,4.488571167,3.887458801,2.031240225,2.466679096,2.912656546,1.963630319,1.413031936,2.16390729,3.039064407,3.241037607,3.087883711,2.734038353,2.913749695,3.509508371,3.81178546,2.859426022,3.882994175,4.795740128,3.409601212,2.829423904,3.151817799,3.392421722,2.59138155,1.158395886,2.739172935,3.46864152,2.888026476,2.119826555,3.363702059,3.81179595,2.675610542,2.385195017,3.729326963,3.545455933,3.208230257,3.135052204,4.112288475,4.375350952,2.843868017,2.693371773,3.255659819,2.869524479,2.077102423,1.63705802,2.797172546,2.755820513,1.718145251,1.521546364,1.844509482,2.44880271,1.497162223,1.222361922,2.0326612,2.264496803,1.471473813,1.210469604,1.75197041,2.083921194,1.645760775,0.8532010317,1.181651592,1.471563578,1.366500258,0.8397408724,1.162641048,1.600549817,1.703900814,1.084935308,1.579947352,1.686255932,1.675237656,0.9888164997,1.375549674,1.654049158,1.364007235,0.9198631048,1.013955235,0.9028121233,0.7249104381,0.4581564963,0.5326910615,1.580095649,1.380634785,1.207387209,1.476791859,2.041718245,1.385735631,1.39794445,1.866110325,2.443224907,1.34878087,0.9679824114,1.225656867,shakana
1.589154363,2.033905029,1.758082986,3.339907169,3.606120825,2.265665293,2.09252882,4.307966232,4.56235218,2.359436035,2.023584843,3.264088869,2.434749365,2.327994823,2.592786312,3.658085585,3.245490551,3.866086006,3.204260349,2.715105057,2.56902504,4.503911495,4.519996643,3.450193644,3.216313124,3.402850866,3.995083332,2.386003017,2.0835464,2.797605753,3.95565486,2.422104836,1.799877644,2.577922344,2.996653318,3.186007738,1.926861644,2.860244036,3.124908686,3.965113163,3.141995668,3.111963034,3.931851149,4.264252663,3.792822838,3.046251297,2.379328489,2.790066719,2.486722946,1.499078989,1.468071461,1.850088358,2.916942596,2.114061117,1.370508194,1.507479191,2.478986263,2.267242193,1.514052749,1.970771432,2.296777487,2.463551998,1.934694886,1.596433282,2.15313983,2.105160236,1.960088849,1.761572719,1.783189058,2.019346237,1.691146135,1.783252358,1.427360654,1.62370038,1.627154231,1.921639681,1.71366024,1.674576879,1.742847681,2.02593112,1.626202822,1.806423545,2.073685884,2.397741556,2.074142218,2.107297659,2.212367296,2.038769484,1.976609468,1.26479888,1.2148453,1.466752648,1.478572607,1.348782539,1.156906843,0.9602972269,1.013783336,1.190950155,0.7990979552,1.285062551,shakana
0.8189227581,1.114875555,1.0295825,2.227446318,2.614468813,1.446082354,1.244277835,3.510757208,3.816617012,1.464256525,1.624144673,2.566953659,1.934905767,1.112896681,1.954573274,2.983963728,3.033565044,2.793405771,2.737850666,2.38711977,3.038334131,4.600894928,3.841248035,3.467196465,3.729008675,4.691522598,3.343616009,2.144424915,2.482996464,4.015545845,3.414807081,2.010796309,2.077176571,3.126634598,2.798746347,1.795546293,2.225655317,3.321507931,3.46310854,3.100311279,3.003497124,3.555263042,4.789185524,3.687712431,2.426258326,3.229185343,3.441199303,2.598240376,1.562589049,1.788165212,2.176061153,1.480704069,1.249062061,1.261613369,1.757602215,2.004824162,1.725992084,1.570922613,1.975269198,2.605019093,1.50514245,1.611417651,1.739247322,2.282279491,1.818867922,1.369572759,1.632315874,2.165786505,1.665905595,1.379411101,1.279654026,2.034179926,2.01167202,1.341458797,1.280884504,1.796005607,1.878917098,1.77196157,1.578378916,2.075383425,2.27832818,1.956574678,1.557105064,2.050000429,2.13555932,2.341114044,1.738560319,1.715883136,1.857665181,1.369292021,0.8488024473,0.9355182052,1.315743566,1.660744309,1.198140621,0.5562545657,0.7837221622,1.503329635,0.872903347,0.9669424891,shakana
0.5046773553,0.8372358084,0.8684981465,1.634262204,2.502548218,1.483597636,1.123664737,2.665902615,3.668337584,1.72868216,1.152270555,2.070561647,1.45122993,1.813306808,1.54242909,2.852783442,2.470590353,3.742292643,2.555114508,2.630910158,2.337589025,4.217027664,4.330635548,4.020404816,3.395082474,3.272046804,4.065754414,2.833826065,1.755071282,2.483353853,3.540431738,3.05031848,2.24050355,2.031073332,2.570811987,3.078945398,2.537491083,2.082956791,2.615129471,3.867098331,3.934975386,2.953126431,3.547226906,3.869749546,3.636125088,2.734493017,2.142329931,2.667833805,2.886839867,1.965278506,1.279976487,1.245987773,2.339859724,2.058071852,1.741867304,1.199553609,1.937294245,2.051550865,1.696376443,1.674216151,1.641087651,2.129902601,2.096008301,1.602440357,1.328484416,1.379772782,1.757739663,1.94054091,1.203089952,1.449692965,1.600207567,1.678858638,1.80958426,1.271533251,1.495904207,1.701133728,1.555432081,1.301142693,1.688664794,1.637738347,0.9749042392,1.345634222,1.619183302,1.958638549,1.358218431,1.702517509,1.561302662,2.002831221,1.815027118,1.274935722,0.8339620233,1.212401509,1.523506999,1.177499652,0.9201440811,0.6787372828,0.8525828719,1.164361715,0.8541257381,0.8544372916,shakana
0.5695048571,0.8291845918,0.6976590753,1.832002282,2.601397038,1.180203199,0.8231575489,3.098124266,3.789107561,1.398281932,0.7981851101,2.593024731,1.842298388,1.518459797,1.595257044,2.989539862,2.671869993,3.592654705,2.209199429,2.616621494,2.500140667,4.741060734,4.067705631,3.903916359,2.89482069,4.038699627,4.072203636,2.577906609,1.795596004,3.105712175,3.769069672,2.738801479,1.897324681,2.52786541,2.922567606,2.707071781,2.430823326,2.3231287,3.242804527,3.759509325,3.772335768,2.989567518,4.328695774,4.024241924,2.968834877,2.773638248,2.939432859,3.388923645,2.369304657,1.630537629,1.537426472,1.897518516,2.381982565,1.757045865,1.817589164,2.003088474,2.026762009,1.434570909,1.212502718,1.996810079,2.161344528,1.915957212,1.527703881,1.694805384,1.991551757,1.584093451,1.211468697,1.341992021,1.544034243,1.872322679,1.371809721,1.257501364,1.452919245,1.556748033,1.430992246,1.334896922,1.441371799,1.770440578,1.813917279,1.284740806,1.668503761,1.646720529,2.246560574,2.193939447,1.60394609,1.906450152,1.836761832,1.96972084,1.474757552,0.8561627269,0.9499123693,1.05023098,0.9585494399,1.269173145,1.381529331,0.8324477077,0.6460012794,0.9057021141,1.193395734,1.575386286,shakana
0.7377798557,0.924960494,0.8272852898,1.539207697,2.874073744,1.582691908,1.227135301,1.841090322,3.359768867,2.354756832,1.025161386,1.272467971,1.45220387,1.690461874,1.621611357,2.33119154,2.255213499,3.537362337,3.139382124,2.146667957,2.147127151,3.530992508,4.310317993,3.97363615,3.736458063,2.915692806,3.99632144,3.559002161,1.912459373,1.805480719,2.766232014,3.449245453,2.753680229,1.981699347,1.855803967,2.759562731,3.409864187,1.954373956,1.886419535,3.42476511,4.396079063,3.352848291,2.493648529,3.009773254,3.738541603,3.686501503,0.9968631268,1.740603447,2.061777115,2.387949467,1.567364812,1.04330802,1.486340165,1.288307548,1.966943979,0.6806868315,1.439825058,1.794840813,2.165454626,1.824491858,1.113304496,1.457044721,1.73662889,2.007490158,1.122483253,1.108104825,1.672385573,1.983305693,1.336917281,1.509193897,1.394651175,1.98214376,1.452963591,1.419212461,1.390498638,1.566547513,1.487314701,1.396957755,1.122249246,1.517438173,1.442349076,1.564857006,0.9522237778,1.803789973,1.247655392,1.69819653,1.758592844,1.347312212,1.305051804,0.9764193296,1.486367941,1.015084267,1.359362245,1.252771616,1.443255544,1.018961072,0.836171627,1.118206263,1.096950054,1.809773684,shakana
0.5891314745,0.8585572839,0.8413201571,1.589497209,2.860456944,1.297060728,1.132050991,2.683393002,3.911739588,1.910646915,1.163420439,2.101634502,1.67604351,1.943427324,1.773281693,2.818451166,2.306376934,3.92690587,2.302764893,2.452475309,2.351324081,4.119502544,4.298739433,3.884601831,3.13974309,3.120311737,4.321335793,2.940938473,2.368700027,2.315523624,3.606544733,3.105750561,1.96547246,1.989771366,2.49679327,3.078418255,2.569186449,2.129907846,2.432088614,3.984798431,4.114763737,2.894342899,3.404130697,4.038809299,3.577323675,2.280169964,1.972256422,2.510934591,2.98281908,1.899478316,0.9537407756,1.084263086,2.151714563,2.041743994,1.725226998,1.442156553,2.165275812,2.159160852,1.482039332,1.427321434,1.322325468,2.214109898,2.171471119,1.571448207,1.321293831,1.644717455,1.591207147,1.491054535,1.121066093,1.726591229,1.403406501,1.565439701,1.335258245,1.484236121,1.398483753,1.350497127,1.234540939,1.322127342,1.435033083,1.701203704,1.479990363,0.9436755776,1.245885372,1.602035284,1.341353655,1.756763458,1.316798568,1.681358695,1.619249463,1.215139031,0.7449528575,1.432351947,1.570647955,1.577242613,1.072535992,0.8128550053,1.032920361,1.292072892,0.8368141055,0.8696627617,shakana
0.7245973945,0.9985840917,1.065699816,1.619951844,2.762554407,1.292572141,0.8882566094,2.505518675,3.724112511,1.800560713,0.8789160848,2.104816914,1.441553831,1.910857916,1.801199436,2.886328936,2.20895505,3.987818956,2.328915119,2.42344451,2.254161358,4.274832726,4.253198624,4.057082176,3.280796766,3.248838902,4.181762695,2.779916763,2.063914537,2.326609373,3.579232931,3.000406504,2.054358721,1.924168944,2.835665941,3.007991552,2.169618368,2.076370001,3.063949823,3.967526197,3.720470667,2.644586563,3.805692911,4.226296902,3.865490913,2.705813408,2.166265965,2.678500175,3.080628157,2.097239256,1.37189889,1.339731812,2.291762352,2.074652672,1.753007889,1.589693785,2.43214941,2.219171762,1.541282177,1.054064512,1.442914486,2.118110657,2.186602592,1.341704726,1.607394218,1.5062325,1.539406061,1.602665305,1.372681856,1.475627899,1.214577913,1.682611346,1.624179602,1.433838606,1.107057095,1.686500549,1.205258012,1.715616941,1.47056222,1.634778023,1.112117887,1.865283847,1.394112468,1.560148239,1.272299886,1.828099966,1.568160653,1.901388288,1.709186196,0.9671549797,0.909705162,1.612552166,1.383118272,1.036337614,0.8632794619,0.876701951,0.9517526031,1.133847356,0.8633082509,0.9121829867,shakana
0.6889740825,1.237479448,1.22593832,1.44905889,3.25199914,1.288187981,1.23369658,1.822652698,3.750447989,2.505880356,1.077972889,1.076386571,1.447018623,2.034210443,1.566651464,2.286069393,2.047835588,3.797439098,2.869542599,2.060103178,2.189007998,3.362421036,4.415660381,3.747033358,3.387480974,2.706920385,4.247185707,3.36613369,2.230454445,2.00891614,2.602279425,3.388942242,2.241637945,1.694750905,2.100338936,2.961847544,2.911994219,2.072895288,2.043871641,3.42509532,4.360470295,3.331048965,3.350341558,3.444033146,4.231564045,3.306720018,1.860046983,2.154567003,2.354185343,2.708326101,1.387435913,1.205022931,2.154977083,2.293055773,2.321825981,1.409751415,1.840737224,2.377678633,2.369949102,1.622872233,1.205074549,1.808777213,2.707843781,2.037737846,1.611782789,1.332671881,1.926712632,2.280363083,1.253066182,1.432964444,1.370072126,1.949146509,1.510082126,1.632753849,0.9864864945,1.671575665,1.594489455,1.450881839,1.132599592,1.744101167,2.106039047,1.671370029,1.071124315,1.845905066,1.713104963,2.27282095,1.793638229,1.576141119,1.631752014,1.827901363,1.106160283,1.302327514,1.702582598,1.710218906,1.688169479,0.6756725907,0.6303330064,1.31566751,1.686718464,1.073841691,shakana
1.215072036,1.090662718,0.9006507397,2.534497499,3.095543623,1.454029918,1.294217229,3.688618898,4.120655537,1.870814323,1.4924196,2.712501287,2.069786072,1.804085135,1.838060379,3.012458086,3.037452698,3.895780087,3.097753763,2.460004807,2.490468264,4.823299408,4.195518494,3.509711027,3.055360556,4.22515583,4.282480717,2.648101807,2.136047125,3.242127895,3.983818054,3.067907333,2.110221863,2.93783927,3.121940851,2.824469566,2.666660786,2.957160711,3.315765381,4.050483227,4.161577702,3.576974392,4.248692989,4.121985912,3.551114082,3.057309389,3.192229986,3.362632513,2.500520468,1.877779484,1.330961585,1.958445787,2.556632042,2.183285713,1.988440871,1.959738493,2.053290367,1.848081946,1.665156126,2.341954947,2.263250828,2.256757259,2.102052927,1.882194757,2.091716051,1.835146904,1.603399754,1.918312669,1.829242945,1.907013893,1.572415233,1.56641829,1.604337454,1.742064834,1.602857471,1.572612524,1.570778847,1.706425309,1.656327367,1.653333545,1.471065402,1.83155489,1.945469975,1.914520741,1.691101432,2.062718391,2.132328272,2.034113169,1.698082566,1.459698796,1.484759331,1.695986629,1.845769644,1.546014547,1.797954679,0.9907189012,1.094952464,1.479334354,1.250711203,1.631730556,shakana
1.41300261,1.640291452,1.710757613,2.969233751,3.365609407,1.850240469,1.695971131,3.930655241,4.306867599,1.863969445,1.577190518,3.080256462,2.300593138,1.712457061,1.901569009,3.389638662,3.227002144,3.688251019,2.765384912,2.917689562,2.866166353,4.908411026,4.360873699,3.492189169,3.313055754,4.314823627,4.203324795,2.49275136,2.336055994,3.683631659,3.963925123,2.467206478,1.874119282,2.99668026,2.933505297,2.823406219,2.195657492,3.065527678,3.352819681,3.840637207,3.273816347,3.454384565,4.600761414,3.863328457,3.413009644,3.206232548,3.825754166,3.54913044,2.419985056,1.696748614,2.201839209,2.078735828,2.411945105,2.13133502,2.080807686,1.954985261,1.85770309,1.802335262,2.062641859,2.695697784,2.365157604,2.214155197,2.047733307,2.184509277,2.205952644,1.824750781,1.843076706,2.288484097,2.165481567,2.035400867,1.603744268,1.745762825,2.023953438,1.796048999,1.564806938,1.804582596,1.986602783,1.996246696,1.69882524,1.87748456,2.053846836,2.061583042,2.246294022,2.446692705,2.208753586,2.132560253,1.977355003,1.822907925,2.197864771,1.39639771,1.123357892,1.233156681,1.129055977,1.018513441,1.098178744,0.9831936359,0.9557321668,1.371279836,1.127880812,1.543221951,shakana
1.046348572,1.122905374,1.439294696,2.247331858,3.323616505,1.921615005,1.46890378,3.137612104,3.999313354,2.39380002,1.485091925,2.943344355,1.788572311,1.945489764,1.963365316,3.034153461,2.386450768,3.760385275,3.001838207,2.71983695,2.642636299,4.37391901,4.491313457,3.964596033,3.288398266,3.217590809,4.357979774,3.148323298,2.05115819,2.354909182,3.188409328,3.21219492,2.289884567,2.35477972,2.816497564,2.907721996,2.962340117,1.84280479,2.924956799,3.396329403,4.295606136,3.49240756,3.936909676,3.671711445,4.040549278,3.643071175,2.980313301,2.928961754,3.053856373,2.099444866,1.866897583,1.147235155,2.119217873,2.292512417,2.208188057,1.662539482,1.836743236,2.171031475,1.938942909,1.895190716,1.811356187,2.290639877,2.023915052,2.097550631,1.74896729,1.959578276,1.719577909,1.640437007,1.575885296,2.088678837,1.646888614,1.830020547,1.719329953,1.709171891,1.480289459,1.888823628,1.850503683,1.652566433,1.393117189,1.71279335,2.479959488,1.629595876,1.342741251,1.759574533,1.85712862,1.805685997,1.349344254,1.31777823,1.347507119,1.484104753,1.105559945,1.041800618,1.272446513,0.7733029127,0.8215693235,0.9389277101,0.7546942234,1.28457725,1.107683301,0.952737987,shakana
0.8112900257,1.145451546,0.9714571238,2.149430513,2.931707144,1.613631368,1.364540577,2.998896122,3.929193735,1.474397779,1.053276181,2.906325817,2.198966265,1.079101801,2.076823235,3.101725578,3.219922304,2.726295233,1.880947828,2.903337955,3.419605017,4.432507515,3.637414455,3.941129923,3.944603443,4.51156044,3.771290779,2.940151453,2.739284754,3.790500641,2.973489046,1.950628161,1.873859048,3.625235319,2.709141016,2.143111706,1.750059247,3.40757513,3.137889147,2.62246418,2.714207172,3.998122215,4.749103069,3.112074375,2.657511711,3.377536774,3.896620512,2.335199356,1.695267677,1.90126574,2.385678053,1.273671269,1.106766224,1.882928133,2.505304813,2.05622673,1.273384333,1.913876295,2.356380701,2.113384247,1.267089605,1.897303224,2.626756907,2.032315493,1.718015313,1.737967014,2.040240288,1.691346049,1.846669078,1.555973053,1.689065814,1.754569173,1.811663628,1.115426898,1.75727129,1.636777163,1.654533863,1.393713355,1.347683668,1.840272546,2.316652775,1.476466656,1.338945031,2.241616964,2.045594215,1.454883099,0.8504158854,1.887530446,1.573086381,1.185011268,0.8897355199,1.536498904,1.735266328,1.553852677,0.8642273545,1.262727499,1.187155962,1.786762476,1.28293705,1.077471852,shakana
0.6952700019,0.8494939804,1.227875829,2.05190444,2.890320539,1.607246637,1.50717783,3.167292595,3.922825575,1.992972612,1.374657869,2.526316643,1.875826001,1.717909455,1.748491764,2.593691111,2.529321909,3.507346392,2.517382145,2.016177177,2.230767965,4.674139977,3.41119504,2.843447208,2.860970259,3.820590496,3.946218252,2.106441259,1.788386464,2.877469778,3.289973259,1.372412205,1.286763787,2.349050522,3.033320904,2.220066071,1.269744158,1.976351023,3.233117342,3.646321297,2.467848301,2.48875761,4.004191875,4.376764774,2.805850744,2.23999691,3.134562016,3.260196924,2.037689686,1.187079549,1.135296583,1.67415905,1.792818666,1.258014083,1.570828199,2.190561295,2.168421268,1.389628053,1.15616703,2.121639013,2.175998926,1.609228373,1.25870049,1.699783802,2.146974325,1.394533277,1.095206141,1.129764915,1.711492896,1.556671977,1.07935524,1.103651643,1.603389144,1.538814783,1.399329185,1.177865863,1.225586534,1.550626993,1.04761827,1.457534671,1.623682618,1.735616803,1.705897689,1.509345651,0.7320769429,1.911319733,1.71227479,1.164738894,0.8786749244,1.496210456,1.565320134,1.228256106,1.009026647,0.8551316857,1.443557978,1.169678807,0.9665222168,1.208298326,1.720479012,1.357782245,shakana
0.891995728,1.254580259,1.606219769,2.455863714,3.382952929,1.514230251,1.602813959,3.463617086,4.344072819,2.438669205,1.676860213,3.060567141,2.242047787,2.039860964,1.995956659,3.216868401,2.616788387,3.898216248,2.820316315,2.902430534,2.084206343,4.47273922,4.041288376,3.703199148,2.947756767,3.367651463,4.480483055,2.533725262,1.922121167,2.443297148,3.62378788,2.04402256,1.748927116,2.134567022,3.201505899,2.686377048,1.442331553,2.005460978,3.019386053,3.848107576,2.279845715,2.852201462,3.91810894,4.475151539,2.98366046,2.506322145,2.704720974,3.351788521,2.876437426,1.624939561,1.151688576,1.669720173,2.555828333,1.594867468,1.344148993,1.612079382,2.507904053,1.682855964,0.9624019861,1.610764623,2.133550167,2.051767111,1.268577814,1.313102126,1.950336456,1.94938004,1.204977632,1.221889853,1.564118505,1.749396324,1.08005321,1.286376834,1.775524378,1.443843007,1.587655783,1.431619644,1.567188144,1.404337406,1.419506311,1.793350458,1.789054632,1.579610586,2.22406745,2.265646696,1.2275213,1.650873303,1.734182835,1.852322221,0.6211181879,0.8695665002,1.281607866,1.46796751,0.8544396162,0.6188801527,0.7489385605,1.286079645,1.187029243,0.9530557394,1.076034546,1.041017056,shakana
0.6598373055,0.9045841694,1.093999982,2.449532986,2.826087952,1.545357823,1.732370734,3.751456261,4.096726418,1.887576222,1.760611057,3.061450243,2.448346615,1.332353473,1.95757854,3.276895285,3.331296444,2.930551052,2.712617397,2.787584305,3.329102039,4.421937466,3.844908953,3.619360685,3.688758135,4.331275463,4.01868248,2.758281469,2.581839561,3.600005388,3.144083738,1.913609147,2.044671774,3.143207788,2.826022863,2.357000351,2.146451473,2.888473034,3.40328598,2.951704025,2.859951735,3.838337898,4.685702801,3.730180025,3.035029888,3.875778913,3.816792727,2.759296656,2.026879072,1.663553953,1.627574801,1.439124703,1.529208899,2.199187279,2.265156507,2.077137232,1.748044372,2.092415094,2.342168808,2.321717739,1.908725977,2.077192307,2.309611082,2.161879063,1.936117172,1.794054747,1.898079395,1.95336628,1.451070189,1.781870604,1.457010269,2.026642799,1.629632711,1.691424251,1.806685567,1.866506696,1.456843019,1.881864548,1.471758842,2.015241146,2.108034849,1.707569718,1.5594666,2.09479785,1.73979938,1.993764162,1.511906266,1.549123049,1.753668666,1.315229535,1.801743984,1.678626299,1.857736945,1.395056844,1.310524106,1.197709322,1.532587171,2.038619995,1.91073513,1.505344152,shakana
0.5759405494,0.5696082115,1.00517261,2.063147545,2.832540989,1.723441482,1.224870682,2.795318127,3.765696287,1.241023064,1.034822464,2.63732338,2.013146877,1.037959814,1.681993365,2.652490854,3.260141134,2.53450036,1.96318543,2.275149345,3.571148396,4.301124096,2.497434855,3.22967577,4.229819775,4.62497139,2.901316881,2.459491253,2.841206312,3.790781975,2.1169765,1.526510954,1.568376303,3.500180721,2.426300287,1.948789716,1.75124383,3.441563129,2.938247204,2.263645172,2.3905375,3.76550293,4.256474495,2.882813692,2.240825176,3.053273439,3.180912733,1.582231164,1.15004313,1.760916591,2.006947041,0.8998172283,0.8067541718,1.58197391,2.148425341,1.440966249,0.95953089,1.25886631,1.973834634,1.538916945,1.020557284,1.209732652,1.933029175,1.476284623,1.208025813,1.023578405,1.66202426,1.489587426,1.208664417,1.062873244,1.495804191,1.744012713,1.229953408,0.7962052226,1.456745267,1.386503935,1.261851907,0.924605906,1.237242222,1.564273238,1.366373658,1.031025529,1.267148137,1.869634867,1.159947634,0.7517327666,0.6855370998,1.759623647,1.393047571,0.8019598126,0.8343388438,1.919316769,1.835897088,1.006549835,0.3849410415,1.60956037,1.519005537,1.390112281,0.6441955566,1.068606138,shakana
0.5081149936,0.6314383745,0.7604858279,1.427024007,2.628884792,1.614577293,1.373131514,1.792543173,3.670739651,1.715508938,1.25124383,1.450448036,1.68377924,1.834696531,1.985806823,2.456307888,2.42176199,4.082544804,2.048098564,1.979869127,2.527951717,4.783887863,3.833067656,3.504261971,3.590722799,3.448593378,4.362700462,2.673801661,2.672574282,2.584980965,3.437291384,2.638524532,2.518293142,2.221841574,2.918206215,3.049500227,2.199265242,2.097815037,2.957346678,4.058461189,3.000675201,2.883442402,3.385774374,4.326872349,2.951822519,1.917867184,1.831174612,2.581086874,2.217971325,0.9999590516,0.6712018251,1.197090387,1.838896394,1.275127769,0.9324886203,1.446641803,1.558943868,1.209893823,1.050133109,1.572686553,1.413704634,1.149626613,1.468498468,1.612933874,1.508602977,1.363020062,1.509114027,1.475678086,1.408528447,1.924241304,1.461166382,1.844907641,1.548685908,1.504081368,1.450541258,1.668480873,1.50658536,1.218409657,1.119819999,1.870833635,2.020022631,1.118549705,0.8624905348,1.502859235,0.9325031638,0.4886578619,0.6083888412,0.579069972,0.469076097,0.3024536073,0.4424654245,0.4728082418,0.5058863163,0.1783622354,0.2015833557,0.5480321646,0.3224911094,0.2914306223,0.2151830941,0.1894318908,shakana
0.8344557881,0.721056819,0.9579612613,1.542392135,3.045884848,1.738648534,1.396216393,2.187247515,3.808967829,1.906492233,1.588744402,1.579985976,1.512289286,1.628092408,1.975317717,2.518379688,2.477997541,3.783586502,2.266395092,2.301709175,2.655659676,4.757914066,3.450233698,4.119806767,3.946521759,3.67832303,4.358656406,2.66549325,2.950836658,2.557166576,3.740745783,2.504111767,2.745326281,2.42799902,3.283988476,2.741158724,2.660914421,2.363578796,2.930587769,3.929324865,3.362214088,3.331011295,3.299645185,4.568792343,3.006802559,2.130501747,1.863663912,3.332209587,2.609638691,1.007082224,1.090438485,1.648802042,2.449879169,1.224354148,1.297815204,1.510879397,2.523297548,1.199658632,1.289555669,1.572860837,2.257383347,1.64748621,1.465426087,1.599864841,1.760904193,1.951982975,1.511115551,1.701336026,1.598640084,1.98634541,1.332539797,2.140271664,1.927925587,1.567173719,1.606806159,1.864889264,1.669087052,1.714242458,1.240076423,1.865568399,2.079133272,1.507869482,1.761633992,1.851330757,1.123649478,0.7279484272,1.396279812,1.019131541,0.6607936025,1.015069246,1.15568614,1.974004865,1.01364851,0.6344954371,0.658094883,1.80910635,0.6866534948,0.7156978846,0.732858777,1.332363129,shakana
1.19299674,1.052993298,1.278103352,2.063676596,3.261380196,1.872955322,1.34051168,2.441892624,4.014490604,2.109604597,1.20040822,1.710446119,1.487400174,1.886937618,1.656183243,2.735874653,2.186585665,3.886358261,2.501511335,2.377197742,2.453566074,4.335321426,3.94373703,3.956292868,3.6016922,3.27953124,4.665585995,2.813517332,2.773819447,2.460565805,3.70971179,2.774898767,2.597762585,2.281554222,2.583808422,3.240268707,2.285635471,2.073612928,2.095844746,4.086213112,3.259024143,3.033452272,3.056190014,4.216109276,3.317848682,2.348146915,2.274914265,2.907625914,3.479334831,1.540440202,0.9077476859,1.221464872,2.747538328,1.599729061,1.537510991,1.686546922,2.399652243,2.267324924,1.471788764,1.804886222,1.690056801,2.534609795,1.850435615,1.922821522,1.765484691,2.270612955,1.724142313,1.903846145,1.34120965,1.879441261,1.718741298,1.96718061,1.762782693,1.586534381,2.039492846,1.594323397,1.557146668,1.382658005,1.680606484,2.113977432,2.03051424,1.128677607,1.886223078,2.642641306,1.184523344,1.300054669,1.161280513,2.109806061,1.043672681,0.8821633458,0.9405319691,1.619132996,1.32445848,0.7207870483,0.6762680411,0.8303356171,1.577400684,1.145389199,0.932631731,0.9634029269,shakana
0.9787015319,1.548220873,1.703410387,1.87098825,3.632130146,1.947012067,1.543241143,2.333868027,4.180937767,2.67954731,1.464791656,1.516458154,1.662345409,2.009242296,2.23346138,3.52878809,2.661066294,3.786783457,2.640614748,2.229193687,2.902704239,3.990706444,4.290861607,3.688251019,4.294948578,3.573447704,4.666915894,2.612584114,3.011812687,2.791854382,3.11849618,2.671682358,2.810468674,2.595266104,2.396577358,3.322438955,2.808202267,2.420182943,2.553966761,4.007403851,3.622982979,3.214414358,3.459768534,3.77119875,4.362535954,2.683205843,2.067106247,2.221760035,3.022145033,2.043086767,1.092431545,1.216164351,2.255100727,2.49925065,1.434386492,1.286913514,1.982572556,2.665786266,1.642648816,1.454128146,1.698241234,2.302866936,2.235370159,1.43954289,1.736380219,1.84369874,2.186820745,1.488812208,1.675282598,1.816071033,1.726761103,1.835315585,1.555457473,1.367700338,1.931004405,1.664209962,1.390808344,1.380245328,1.424201012,1.80975914,1.75985527,1.617797136,1.466579556,1.696840763,1.773655534,1.238785744,0.6756837368,1.172271252,1.708716989,1.075508118,0.928548038,0.8977550268,1.786799192,1.20682013,0.5910840034,0.7391306758,0.9093301892,1.658224106,0.8802707791,0.8861991763,shakana
1.562845945,1.408128977,1.399207473,2.670731068,2.820165396,1.599955678,1.612406254,3.592455149,3.909558058,1.213917255,1.484474301,2.882892847,2.421425819,1.403768778,2.602558374,3.219827414,3.552980423,2.789771557,3.384913921,3.525281906,4.165549755,3.961364269,3.42347312,3.647133112,4.411887646,3.669025421,2.84015584,1.970406771,2.680326462,2.406630754,1.86075449,2.614965916,3.321518898,3.465235472,2.841897964,2.631330252,3.390815735,3.7701509,3.103076696,3.277170181,4.303276539,4.318585396,3.928046227,3.992919445,4.071033478,3.167399406,2.295077085,2.339490175,3.007609606,2.516335011,2.566745043,2.77395153,3.221548319,2.274934053,1.900574207,1.986663222,2.259441376,1.686917782,1.250110388,1.934622288,2.190851688,1.713801026,1.834775448,1.912906408,2.173429966,1.833279252,1.645660043,1.585548878,1.425817847,1.047875404,1.526012182,1.184537888,1.554293752,0.8929543495,1.453989029,1.305888891,1.217100739,0.8544338346,2.074665308,1.266780972,1.056315303,1.122660875,1.529619694,1.264801741,1.707614064,2.237061262,1.903386593,1.649862289,1.999067187,1.953708053,2.135658026,1.820067525,2.429968119,1.432122827,0.8486420512,0.8800732493,0.6561567187,0.6361121535,0.6955124736,0.7241514921,takana
0.9597913027,0.9008761048,1.429580331,2.54853487,1.809990644,1.008716106,1.790406346,3.869021416,2.072112083,1.078860164,0.9779924154,3.241985083,1.440701246,1.310426116,2.341614008,3.267128706,2.032916546,2.211584091,3.339586496,3.647453308,2.112208128,2.889775276,3.901304722,4.301447868,1.9248873,2.483964205,2.224075556,1.738626599,1.202490211,2.409018278,1.848196626,1.722835302,1.162546873,2.806449413,2.785479546,2.778767109,2.236599684,3.760766506,3.341288328,3.281663179,3.718921185,3.386574268,4.537980556,3.602167606,2.628011227,3.380444527,3.187118053,1.697580814,1.499571323,2.598293543,3.228081465,2.263108015,2.039571285,1.634318709,1.952873468,1.451935887,1.126929879,1.929445505,1.115666151,1.680896163,1.1219064,1.363338709,1.692587614,1.127055526,1.261001348,1.379318237,1.275611401,0.8967851996,0.8485611677,0.7596675158,1.258242846,0.9597231746,1.296034098,0.7486131191,1.71329844,1.114819169,0.9037217498,1.349546552,1.500633955,1.005265474,1.206230164,1.950439334,1.141376138,1.143933773,1.800519109,2.155382872,1.118493557,1.548266172,2.040848255,1.729627132,1.610083461,0.8104377985,1.47777307,0.6782371402,0.4199502468,0.5298787355,0.3253038526,0.1474017203,0.1400032938,0.3851289451,takana
0.6439411044,0.9124804139,0.6278883815,2.021846056,1.798433661,1.218301296,1.411479831,3.234554052,2.684668064,0.5719554424,1.11281836,2.2804811,1.798939586,1.085581779,2.571001768,3.123615742,2.873061419,2.339001179,3.325380325,3.272783041,3.541391611,3.227981806,3.689734459,3.772208929,4.261092663,3.260274172,2.112896919,1.479867101,2.626404047,2.87432909,1.477425337,2.386552095,2.873698711,3.102761745,2.002907038,2.56650281,3.763049126,3.122939348,2.402360678,3.484021902,4.358614922,3.568817854,3.220616579,4.089401245,3.779448032,2.700867414,2.431729555,2.126333475,2.508347273,1.853990555,2.437361956,2.918562412,3.202674627,1.876241446,0.9598430395,1.990920901,1.763905764,1.439851761,0.7241307497,1.59609282,2.179021358,1.348906159,1.396551132,1.300011396,1.694618583,1.384099603,1.024348617,0.9839142561,1.136373758,0.957277298,1.29440701,0.9083194733,1.261599898,1.270382047,1.393163204,1.079147458,0.9349189401,1.964256406,1.335598946,1.201669931,1.621722698,2.144096851,0.8953558207,1.849171281,2.222411156,2.442066431,1.700712562,1.843650222,2.162241459,2.091656685,1.542739153,1.134563804,1.371678233,1.053723216,0.470942229,0.4977216721,0.436801523,0.1805272698,0.2286127955,0.4116895199,takana
0.7248393893,1.152095318,1.562854528,2.508248329,1.775317073,0.9038928151,1.741706371,3.921626091,2.143611908,1.136247158,1.433664083,2.853663921,1.259382606,1.13516283,2.169779539,3.372320652,2.037133932,1.913279533,2.784024715,3.508792877,2.11964488,3.104897738,3.335838795,4.45778656,1.867727399,2.125349998,2.353100777,1.465827107,1.11443615,2.329484224,1.851109147,3.011882305,1.3431288,2.572741032,2.681607962,3.538067102,2.628078699,3.327895164,3.670597076,4.032789707,3.379412174,2.773192644,4.310427666,3.387828588,2.387222767,1.97678268,3.171956539,2.525558949,1.428419948,1.449559808,3.137450457,1.804277301,1.363937855,1.018884063,2.303178787,1.241608143,0.4811128974,0.7520700693,1.311301351,0.9970855117,0.6725699902,1.175490975,2.286982775,1.099209905,0.7556166649,1.1795609,1.973390698,0.935089767,0.695053637,1.043880701,1.415830493,0.7579956055,0.8237425685,0.9276090264,1.198941231,1.350635171,1.015200853,1.195573449,1.458269715,1.073108077,0.7325499058,1.849669337,1.146681547,0.7666047812,0.9291963577,2.431098938,1.931370974,0.9521764517,0.9934738278,2.319351673,2.091743708,0.8711270094,0.8185808063,1.289683342,0.5771507621,0.3906826675,0.366081059,0.9002385736,0.5260853767,0.3333909512,takana
0.491771102,0.5643357635,1.030706406,1.779127717,1.650891781,0.943103075,1.276030302,3.016126871,2.513480902,0.6836381555,0.7105847597,1.743025303,1.445554614,0.7038829327,1.812508464,2.838387489,2.771656513,1.698134899,2.803915739,3.106943607,3.547470808,2.722375631,3.247438669,3.898467541,4.353337765,2.790431499,1.879483461,1.764140487,2.872843981,2.447882414,1.579492331,2.782531738,3.008175135,2.928280115,2.050179005,3.000384092,3.778785944,3.821436167,2.470919132,3.910099745,4.368444443,3.774594784,2.800727606,3.843629599,3.565203428,2.632332325,1.732080936,2.374773264,2.268091202,1.296746731,1.875428319,2.697225332,2.849970341,1.74972856,1.028134942,1.566865683,1.635993719,1.149420142,0.3843815029,1.357218146,1.398379683,1.070695043,0.8490653038,1.096415281,1.377290964,1.063380599,0.7145115733,1.019185662,0.7788642049,0.6236743927,0.9391933084,0.8713720441,0.9976887703,0.8304838538,1.073770165,1.056964874,0.7995010018,0.9691579938,1.990444422,1.026386619,1.21178925,1.530863523,1.479739308,1.653068542,1.75469327,1.943902254,1.975853801,1.742219925,2.046181679,2.060428858,1.89227128,1.947476506,1.763763428,0.8945608139,0.3890321851,0.8501374722,0.6956779957,0.5810292363,0.4965615273,0.5177338123,takana
0.7134226561,1.117416143,1.140926957,2.193303823,2.280897141,1.226794958,0.9901681542,3.050030947,3.432529926,1.032411933,1.235107541,2.01241827,1.949379444,1.075108409,1.922224522,2.282192469,3.134059668,1.680986166,2.689646006,2.38346529,3.774417877,2.588663816,3.082522869,2.752911568,4.612897873,3.087026596,1.657347679,1.403754711,3.041359425,2.737598896,1.073148012,2.040720701,2.90538311,3.057822704,1.328044295,2.030776978,3.360234737,3.808260918,1.593573451,2.831166267,4.469500065,4.278330326,2.174367189,2.843234301,3.656732559,3.356617451,1.13006711,1.752616525,2.587263823,1.941269279,1.237947226,1.581265211,2.512295008,2.34986186,0.9296901822,0.8261901736,1.156858087,1.237149835,0.4668280482,0.7379842401,1.0445292,1.367646933,1.263671756,0.6641457677,0.9679399133,1.086197495,0.859864831,0.3949019015,0.6539767981,0.6244007945,0.7115824819,0.4288083911,0.6929104328,0.5906450748,0.8696946502,0.6612640023,0.7297226191,1.29160881,1.06995225,0.560316503,0.6163007021,1.455021024,0.9227848053,0.8330070376,1.210098624,2.114465952,1.797897935,1.313847661,1.327905297,1.923490882,1.922030926,1.141086698,1.183205128,0.9942496419,0.3481416106,0.387188226,0.1100260988,0.2810996473,0.3470402062,0.342446655,takana
0.523773253,0.6316222548,0.9120566845,1.65801847,1.559273481,0.5285667181,0.5524914265,2.797753096,2.529259205,0.9155967236,1.052643538,2.067477703,1.360850334,0.8533369899,1.781683087,2.360026836,2.621638536,1.975000024,3.171066761,2.562737226,3.459873438,2.680347204,3.019136667,3.217305183,4.23905611,2.475060463,2.144828081,1.194715381,2.547234297,1.952312946,1.361488581,2.393586874,3.004351616,3.055758476,1.766197681,2.324663877,3.492994308,3.314223289,2.001536131,3.342077255,4.429945946,3.743272305,2.527224302,3.666904688,3.789518118,2.733784437,1.531513691,2.212068796,2.717641354,1.81367588,1.237284541,2.057827711,2.999881029,2.155569792,1.060593128,1.898853898,1.680892587,1.254310608,0.4235365987,1.447674513,1.901637197,1.452120543,1.178716779,1.392891765,1.59224093,1.235195279,0.7296559811,1.166903853,1.025765061,0.7003241181,0.8762692213,0.754616797,0.8885163069,0.7540120482,0.9719318151,0.7687035799,0.6418834329,1.536373377,1.732531428,1.280548215,1.142377615,1.772770047,1.537387729,1.462556601,1.91811204,2.273165226,1.820598125,1.699588895,2.04795742,2.335238934,2.100126505,1.469644189,1.930716157,0.977350831,0.5650995374,0.5495579839,0.54747051,0.4838939011,0.3594326675,0.4835263193,takana
0.4761913121,0.5267826915,0.7983697057,1.81951344,1.676857352,0.8868065476,0.8739778399,2.652357817,2.620884895,0.6951342821,0.7384650111,1.672309756,1.450554013,0.6440902352,1.947214842,2.335675955,2.728196621,2.037469149,3.198601961,2.750978947,3.539963484,3.439963341,3.06812191,3.383015156,4.176693916,3.350775003,1.714229226,1.19380796,2.461760759,2.4310987,0.9062718749,2.244610786,2.684360027,3.033881903,1.634777546,2.090992928,3.19917798,3.331879377,2.047411442,3.155136347,4.156403065,3.932552814,2.577399969,3.853781939,3.706343412,3.36406374,2.060905933,2.623281479,2.831019163,2.188669205,1.843909621,2.90119338,3.086219072,2.539539099,1.569800973,2.294793606,2.048640966,1.468921542,1.045661688,1.881756425,2.032584667,1.670733929,1.802533865,1.663703322,1.659311771,1.1031183,1.398815513,1.20010674,1.031895995,0.8691416383,1.391165733,0.8182637095,1.060240507,1.402065396,1.761137486,0.8161718249,0.853841722,1.952798486,1.51038754,0.9299665689,1.43729949,1.99922204,0.8326874971,1.685636401,1.861547709,1.975025177,1.866860271,2.105419636,2.003859758,2.018806934,2.335000038,2.239899397,2.038208723,1.032232046,0.6785715222,1.189155579,0.7851974964,0.5793166161,0.5219785571,0.9833869934,takana
0.3691541255,0.4640059173,0.6225793958,1.376365185,1.495848775,0.6788748503,0.7579309344,2.368977547,2.338833094,0.5140852332,0.7229337692,1.271922827,1.369575739,0.576905787,1.433251262,2.221647024,2.798572063,1.022873402,2.279095173,2.512605429,3.494183064,1.767043233,2.552836418,3.02758646,4.144010544,1.669160247,2.474946499,1.213613033,2.342449665,1.139650106,1.660804272,1.831519365,2.503068686,2.348833084,1.813417196,1.783157825,3.15760231,2.795227766,1.911593676,2.504058599,4.276754856,3.462142229,2.260460615,2.878072023,3.842206955,2.980502367,1.02029562,2.022922993,2.799038649,1.8170228,0.9719954133,1.968159318,2.994380236,2.418340445,0.6985480785,1.447482347,1.786457419,1.734070897,0.4437736571,1.029773355,1.503738999,1.594250321,0.7344005704,0.9761271477,1.263933301,1.571632147,0.5074239373,0.7798565626,0.6769999266,0.6561443806,0.6306028366,0.8210337162,0.9057220817,0.8406883478,0.7420780063,1.360540509,1.044751167,1.088098645,1.249631166,1.872665286,0.9709267616,0.9112810493,1.15648067,1.141211629,0.9931440353,1.84169817,1.744348049,1.252146959,1.370427012,2.024773121,1.643810034,1.395088077,1.843291759,1.370740294,0.8311058283,0.5400851369,0.4949859679,0.6612339616,0.5292724967,0.4140945077,takana
1.442303538,1.391196847,1.391439795,2.334485054,2.493996382,1.367016196,1.04109931,3.176935196,3.443494558,0.8969724178,1.259936571,2.156145573,1.872650027,0.9311605096,2.172222614,2.458972692,3.395585537,2.510318995,3.533910036,2.93865943,4.053991795,4.09359026,3.809060335,3.194320202,4.547664165,4.240799904,2.294080496,1.705376625,2.831531763,3.20147109,1.697695971,2.304362774,3.017168522,3.502001047,2.433050394,2.170770168,3.493480444,3.560386658,3.19649291,2.78097558,4.218910217,3.8097651,4.034220695,2.891758919,3.914261103,3.693862677,2.996064663,2.249009371,2.669106483,2.046868801,2.646584988,2.277338982,3.05902338,2.781001806,2.169948101,1.80942893,1.987256527,1.777707696,1.436576605,1.758697748,1.962997437,2.139367819,2.242926121,1.92816031,1.931951404,1.687362909,1.589504719,1.632187843,1.338366866,1.471934438,1.740283728,1.287077308,1.689373851,2.040138483,1.810549736,1.467963099,1.728618383,2.490931273,2.064626217,1.860796928,2.036707878,2.59422946,1.656960607,2.066771507,2.232053757,2.658085108,2.024839878,1.879354715,2.104353905,2.225689173,2.03816843,1.831314683,1.801910162,1.106996179,0.7738657594,0.8169162273,0.569983542,0.610249579,0.3909450173,0.8129990101,takana
0.7455024719,1.097168207,1.093107939,2.594084501,2.630446196,1.444900751,1.645525694,3.472571135,3.571870804,1.395205498,1.929581165,1.863529921,1.94168067,0.958267808,2.196736574,2.609488249,3.15703249,2.025570154,2.325003624,2.459863424,3.66118288,3.948499203,3.4527812,3.479777098,4.649660587,3.88334012,2.957243681,2.397814512,3.519737005,3.485932589,2.612130404,2.157906055,2.777723312,3.233975649,2.645550251,2.66435194,3.496622086,4.046647072,3.518648148,3.300605059,3.98861289,4.106618404,4.242202759,3.14233613,3.804968357,3.117586374,2.663550854,2.453919649,2.002126932,2.090871811,2.019392014,1.839880466,2.426816702,1.995235562,1.453026295,1.296809077,1.938607097,2.112329006,1.499433041,1.813822031,1.617935181,1.94751811,1.774551153,1.482524872,1.675546885,1.581741333,1.078001261,1.206908941,0.7470765114,1.368918657,0.9715396166,1.056078911,1.12355268,1.276923299,1.291044116,1.265518308,1.179834723,1.686285377,1.889098644,1.871168256,1.729880691,1.573281288,1.981305718,1.665188074,1.605300665,1.668841958,1.59607017,1.570528388,1.868879318,1.520613551,1.3768574,1.630728126,1.334651589,1.78202045,1.002058148,1.020351291,0.9845730066,0.8461838365,1.321123362,1.058874846,takana
0.6409143806,0.8080301881,1.109126449,2.073221922,2.293124676,1.223843694,1.263683677,3.027377605,3.007084131,1.112337351,1.318180203,1.989492297,1.716618299,0.9721668959,2.445373297,2.570800066,2.591884851,1.855351448,2.330307961,2.297303438,3.024516582,2.975178242,3.458461761,3.283350706,4.188485146,2.664438725,3.435403347,2.033879042,2.49328208,2.168508291,2.535952091,2.223009825,2.777712107,2.404588938,2.417468548,2.189483404,2.768671274,3.312669754,2.926088572,2.724341869,3.583783865,3.692783356,3.119388103,2.860587358,3.399858236,2.830142736,1.779532671,1.557448149,2.074174166,1.499074697,1.267023325,1.126436472,1.921533823,1.422608614,0.8831370473,0.8457074761,1.668221116,1.22512722,0.8977580667,1.192288518,1.596856952,1.006273746,1.13088727,0.7982247472,1.377103925,0.7385447621,0.8007407188,0.7759211063,0.8496354222,0.6192007661,0.8342978358,1.05475831,1.275422692,1.024145722,1.342531085,1.70206213,1.50209713,1.503253698,1.298506856,2.225679874,1.672925234,1.1328789,0.9255014062,2.165832996,1.046401978,0.7624103427,0.6791290045,1.049311757,0.9624362588,0.8839020133,0.4725160897,1.078628898,0.81148839,0.9215562344,0.6866646409,0.8299531937,0.5284762383,0.4372300804,0.6403522491,0.4898106456,takana
0.3421803713,0.4504424632,0.491835326,1.300866246,1.851898193,0.9680303931,0.9655696154,2.078367949,3.111256838,0.927408278,0.9182518721,1.346542001,1.159814358,0.8132231832,1.686753392,1.968394041,2.300386667,1.476245046,1.852760673,1.753315806,3.275711298,3.543653727,3.184222937,3.12024951,3.991358042,3.829574585,3.137541771,1.864430308,2.482903004,3.250349522,2.415245295,1.725206494,2.124842882,3.079453945,2.180909634,2.029338837,2.323246717,3.808573008,3.101125717,2.243237019,3.378756046,3.917903423,3.653439522,1.985199094,2.463135719,3.632296801,2.784590244,1.456459641,1.672976971,1.517325282,2.031757355,0.7399373651,1.180410862,1.353190064,1.397356391,0.6735185385,1.072577119,0.9223262072,1.261950016,0.9719207883,1.122479796,1.088388205,1.285724163,0.9241384268,1.023700595,0.6940944791,0.6799890399,0.7931139469,0.5742682815,0.5824816227,0.6744766831,0.8785357475,0.9147295952,0.9232432842,1.260714531,1.283691406,1.214096069,1.141142964,1.696510792,2.011275768,1.567547321,1.031801343,1.40967977,1.675179482,0.5295895338,0.353502959,0.698512435,1.085503697,1.08348763,0.393350333,0.5045322776,1.173069954,0.9890572429,1.027052164,0.8315606713,0.8015902638,0.8310135007,0.3416188955,0.59847188,0.7540623546,takana
0.6760928035,0.909745276,0.9554440975,2.419899225,2.284160614,1.300117373,0.8189840317,3.288213491,2.95993042,0.8362565041,1.004633784,2.060671806,1.831821918,0.7334349155,2.133753777,2.696751356,2.867800713,1.79380846,2.453098774,2.27422595,3.288553953,3.373552799,3.587142706,3.640736818,4.521056175,3.213750362,3.253556252,2.427889585,3.184276581,2.971590996,2.614202261,2.456600428,2.930521727,2.926508427,2.106211424,2.614500999,3.444808006,3.887233734,2.866722822,3.196698904,3.883958817,4.006865501,3.159393072,3.221042156,3.508924007,2.88070488,2.007679701,2.243129253,2.032274723,1.243572593,1.249810576,1.742408395,2.398139,1.377977252,1.225964785,0.8715317845,1.730853081,1.283069372,1.104389429,1.629699349,1.920383573,1.268095255,1.280545831,1.287168503,1.709688783,1.001124263,0.79057163,1.075253367,0.8838253617,0.9165422916,0.6601614356,0.8704476953,1.043489218,1.060093045,1.37172997,1.323942661,1.501104116,1.393652678,1.586892962,1.72635448,1.816912293,1.327531338,1.673173547,1.684182048,1.405411363,1.284989119,0.7577015758,1.340275168,1.65527153,1.390337229,0.8886107206,1.518744707,1.27490139,1.473477483,0.5253562331,0.8265339732,0.6391415,0.5531749725,0.8279837966,0.5962705016,takana
0.3178563416,0.4107824564,0.451533407,1.830760241,1.784387827,0.8593187332,1.149833798,3.104964733,2.471586704,0.8491646647,1.010644674,1.573783994,1.538598657,0.6404459476,2.270250559,2.488793373,2.757653952,1.599727511,1.992388844,2.130580425,3.368155241,3.02743125,3.389530182,3.734181881,4.385003567,2.717208385,3.162008286,2.45149231,3.19987464,2.433990955,2.587587357,2.107537508,2.474228621,2.107467175,2.288270712,2.469256878,3.069181204,3.256393671,2.875300169,2.814487219,3.871254921,3.857557774,2.918483734,3.370658159,3.800653219,3.613605499,1.793312907,2.509746075,2.356990576,1.675655961,1.556765914,1.907850027,2.154476643,1.271971345,0.9079123139,1.238747597,1.761868954,1.374128938,0.8762348294,1.697591543,1.75096643,1.165015578,1.018960953,1.271088004,1.617434144,0.9078618884,0.6208111048,1.038055539,0.7802132964,0.6953021884,0.4702106714,0.7858870625,0.9269662499,0.7387555242,0.756755352,1.202875733,1.308288097,1.299932599,1.040428281,1.561222076,1.747254491,1.155662537,1.017916083,1.796584249,1.32531774,0.9900702834,0.8735975027,1.092487454,1.460378885,1.033305168,0.6712667942,0.9918411374,0.9227132201,1.36536479,0.6758649349,1.196423531,0.8425836563,0.3679439723,0.8742627501,0.6462648511,takana
0.8002271056,1.003545046,1.178539991,2.305818319,2.592920542,1.483482242,1.224898338,3.402070045,3.555901289,1.214925766,1.178630471,2.084777117,1.919151783,0.978327632,2.277195692,2.592656612,3.223047733,2.261510611,2.28876543,2.307587624,3.630630255,4.319404125,3.742219925,3.533623219,4.513288975,3.907854795,3.545447588,2.511368036,3.280025244,3.559860229,3.091917276,2.134490728,2.934049606,2.947139978,2.988538027,2.667003393,3.477277517,3.888800859,3.82886529,3.145707846,3.928648472,4.131826401,4.491846561,3.426213264,3.506010056,3.680443525,3.171170473,2.621023893,2.214933157,1.86788106,2.235868931,2.013396502,2.50214839,2.397280931,1.721678734,1.592504978,1.768201351,1.924766064,1.576537132,1.836114526,2.037208319,2.024972916,1.785262585,1.565622449,1.657067895,1.526920795,1.297175288,1.261232376,0.8971437216,1.213500023,0.8163398504,0.7591453791,1.136967897,0.9807804227,1.104952574,1.220073938,1.460239768,1.229983211,1.443150163,1.815677881,1.913404465,1.333658576,1.453400612,1.96311152,1.469716787,1.038009048,1.099201202,1.272905469,0.8798772693,1.214028001,1.078838229,1.18932569,1.36741066,1.861485004,1.476819754,1.468433261,1.04882884,1.065366626,1.603200555,0.9538123608,takana
0.6325041056,0.5856631994,0.7173953056,2.216478348,2.317848206,1.311797857,1.38628304,3.145772696,3.198857546,1.11615777,1.416682124,1.691636324,1.856207967,0.6625287533,2.219480753,2.670155525,2.892161846,1.713052511,2.17249465,2.430462837,3.411112785,2.696720839,3.406966209,3.164249182,4.68661356,3.136615515,2.866091251,2.00109458,3.454265833,2.949444056,2.320705175,1.947478414,2.760550499,3.042629957,2.258946657,2.165341139,3.163918257,3.871269941,2.646606207,2.789779425,3.725182533,4.247028351,2.983125448,2.753940105,3.956844807,4.143718243,1.704854608,2.069052458,2.241687059,2.1121943,1.357267141,1.159852505,2.227656603,2.053326368,1.127169609,0.9412898421,1.652754784,2.06483984,1.24804318,1.205735087,1.5563519,1.873745322,1.210163713,1.030161381,1.408922195,1.553075552,0.8472781181,0.9172172546,0.6132426858,1.225433826,0.6188886762,0.8416549563,0.8437190056,1.164059401,1.005423069,1.205489397,0.9982866645,1.641017199,1.580083489,1.862044811,1.247704506,1.620907426,1.762672544,1.56340909,0.9143762589,1.462234855,1.494165063,1.076332092,1.039154053,1.098229527,1.24323988,1.070185423,0.6914545894,0.9945233464,0.5959789753,0.4327071607,0.3133070171,0.4808772206,0.9211515784,0.429900229,takana
0.7597013116,0.7020887733,0.8343757987,1.995670319,2.685588121,1.40905273,1.371029019,3.038079023,3.788440466,1.270198941,1.470348239,1.802404284,1.850722075,1.249775767,2.144775152,2.234962225,3.163576126,2.328056574,2.221023083,2.152139664,3.62381196,4.260858536,3.588362932,3.281528234,4.329517365,4.103302002,3.416922092,1.929111242,3.052228689,3.678962946,2.868046522,1.955115795,2.305124283,2.952430725,2.875452995,2.276248455,2.686652422,3.924476147,3.916675329,3.015376568,3.584837675,3.884061098,4.550977707,3.281999826,3.346924067,4.086200714,3.165407896,2.521737337,1.494382739,1.622665048,2.607942343,1.919250011,1.920667529,2.099448442,1.54338932,1.420525908,1.588354588,1.838312745,1.820913672,2.006947517,1.6200912,1.819897652,1.599540353,1.401839018,1.434942484,1.352020383,1.221417189,1.229506254,0.6649019122,0.863075614,0.5937820077,0.7995666265,0.7972722054,0.8513308167,1.114204288,1.102433324,0.9475771785,1.181157231,1.332128286,1.644222021,1.400377631,1.429581642,1.713893294,1.810959935,1.086295843,1.002501607,1.110901833,1.427601099,1.579336047,1.103890419,1.267114758,1.376000643,1.041577339,1.693244338,0.9781523943,1.209094882,1.01453042,1.012896895,1.202284217,0.4801082611,takana
0.7662652135,1.004051328,1.085729957,2.099221706,2.274512529,1.164314508,1.11862421,2.695405483,3.055967808,1.142368793,1.007193685,1.41151154,1.681634426,0.6598392129,1.520884991,2.08640337,2.668241978,1.545444727,1.88307333,2.041698456,3.229534388,3.117436409,3.284325361,3.311837673,4.58331728,2.931960106,2.879767895,2.356793165,3.42790699,2.926859617,2.33001852,1.809363127,2.575759172,2.804215193,1.973704815,2.423484564,3.414181948,3.741960526,2.83658123,2.903725624,3.875664711,4.173355579,3.193428516,3.107877254,4.123468399,3.795516729,2.395455599,2.469442606,2.363883495,2.050841808,1.798527122,1.331487298,2.514517069,1.774762392,1.171607614,0.9641480446,1.837317824,1.846140265,1.22630322,1.487541676,1.568199277,1.431874037,1.283764839,1.108578444,1.624211192,1.408380866,0.7145241499,0.9988005161,0.6500712633,0.9089972377,0.5624383092,0.76548177,0.9852280021,1.03548491,1.000837207,1.249011278,1.289921641,1.476260662,1.47644484,1.469234824,1.712690115,1.633083701,1.884372711,1.482171535,1.015353203,1.54351747,1.264781952,1.049597621,1.403916478,1.538355231,1.060782671,1.61866498,1.045364976,1.860668302,0.7660234571,1.119419932,0.6865749955,0.7928782701,1.097266316,0.6902685165,takana
0.927575171,1.258084893,1.488169432,3.262849331,2.977381468,1.585817337,1.752795696,4.116734028,3.728382349,1.469985604,1.985121965,2.912980556,2.337317705,1.230913162,2.368591547,3.266875744,3.608932257,2.154946804,2.890952587,2.609668016,4.022449017,3.639992952,3.771943092,3.616971016,4.9506917,3.868525267,3.399127007,2.732868195,3.418832541,3.341074944,2.145175219,2.5354321,3.288480759,3.444283485,2.965986729,2.750228643,3.846508741,3.867917776,3.526129961,3.122273445,3.884747028,3.976490736,3.852406979,3.336369753,4.387259483,3.268397331,2.637222528,2.316364527,2.149648905,2.324832678,1.683203697,2.062588215,2.297894001,1.556814075,1.601379156,1.515994549,2.3313272,1.849199176,1.560962677,1.774908423,1.896068335,1.72660017,1.669781685,1.408069372,1.966225624,1.706916809,1.255087376,1.110698938,1.430142283,1.273037434,1.252044201,1.153578997,1.556908727,1.628046751,1.403281212,1.345502377,1.443485737,1.604538202,1.476324081,1.237041354,1.529174805,1.958721757,1.618550301,1.350850224,0.9219790101,0.8613918424,0.9844902158,0.6734541059,1.681212664,1.544755101,1.336589813,1.109185338,1.301531076,1.630283833,1.401104093,1.383135915,1.70040977,1.686341047,1.398023009,1.190626621,takana
1.382613301,1.228145242,1.672013044,2.888487816,3.458180428,1.73418951,1.61402297,3.544092655,4.049762726,2.006155729,1.813765526,2.676779985,1.854564548,1.357586503,2.005643129,3.096381426,3.04284215,3.120685816,2.3612957,2.706840754,2.864851475,4.285152912,3.037201405,3.72809267,3.408701181,4.44466877,3.136086226,2.817909479,1.836084604,2.889088392,1.877767801,2.520962477,2.181841135,2.917715311,3.407472849,2.542686462,2.250741243,2.712981701,3.585128784,2.921051502,2.514340401,3.259284258,3.954378128,3.049678326,2.000541925,2.904312849,3.731841326,2.683743,1.212771058,1.668493629,1.750527501,2.057283163,0.7698007226,1.454106688,2.138886213,1.886462092,1.050329566,0.7676452398,1.764353037,2.085047722,0.9810122848,1.148157001,1.763584614,1.795522332,1.28591013,0.876434207,1.06925106,1.471222639,1.041213036,0.9358657002,1.153432369,1.250569105,1.208317637,0.9465444088,1.179259181,1.431355953,1.518336654,1.211750031,1.292540312,1.099354982,1.384298921,1.411229372,1.228051901,1.029716015,0.8775672913,0.6433280706,0.33348912,0.4139047861,1.297648907,1.567840934,1.495073199,1.238458157,1.695528388,1.868760109,1.417811155,1.072534442,1.590644002,1.990013003,1.745384574,1.031008482,takana
0.4846659601,0.6643716693,0.9350239635,2.373902559,2.014089346,1.18401432,1.750351429,3.499873161,2.709942579,1.503460765,1.894705534,2.233559608,1.501900673,0.7554734349,1.750636101,2.678557634,2.506151438,2.346815109,2.683507442,2.530979633,3.056429625,3.21487236,3.315545082,3.661485434,4.416650772,3.233013868,3.189563036,2.73759079,2.906604052,2.589324951,1.781639218,2.26567173,3.156844854,2.904229164,2.704035997,2.85452199,3.620822668,2.891628265,2.644126415,3.092092276,3.868566751,3.414967537,2.858775616,4.046450615,4.352852345,2.909014702,2.574210644,2.820466995,2.504548311,1.952816844,1.121058106,2.436655998,1.751378298,1.535755992,1.411108494,1.948113084,2.106752634,1.604933143,1.325462222,1.565204978,1.616876483,1.492488503,1.376815081,1.715912819,1.711597323,1.311022043,0.9660565257,1.120350718,1.230743647,0.9592695832,1.066848278,1.281104922,1.488463402,1.104047298,1.012941241,1.480405807,1.540872097,1.310068488,1.194846034,1.324601889,1.539929152,1.750400543,1.287014604,1.167616487,1.275675416,0.9737629294,0.8922320604,0.5168735385,1.340474129,1.109772801,1.204050899,1.04365027,1.289068818,1.483705044,1.074882507,1.068732977,1.430396676,1.539745092,1.387758613,0.886993587,takana
0.5330817103,0.4523462653,0.7268393636,1.766835451,1.985106111,1.058167458,0.8822896481,2.485637188,3.112871647,1.09564817,0.9964640737,1.422993064,1.29826057,0.7631342411,1.632626414,2.025727034,2.598919392,1.933585763,2.310260773,2.161871195,3.359720707,3.502821684,3.158517122,3.036584854,4.077173233,3.884996653,2.910986185,1.9796772,2.612713575,3.169852018,1.28051126,1.530162692,2.435189009,3.227108002,2.008444071,1.963488698,3.377033949,3.404410601,2.809788942,2.287303448,3.213930845,3.809955835,3.615771294,2.753176212,4.087807655,3.733402967,3.076856852,1.819305778,1.289525747,2.314654589,2.04241395,1.748789787,1.798872352,1.54517889,1.347931862,1.318845391,1.958580017,1.832389593,1.661201477,1.254455447,1.097275257,1.353120565,1.564126611,1.235695004,1.288278699,1.488089681,1.222243547,0.9574510455,0.8742607832,1.058841348,1.169059396,1.212314487,1.326051712,1.423460722,1.380836129,1.430615425,1.730725408,1.498975158,1.409340978,1.316803217,1.368447065,1.662917256,1.141917467,0.9939835668,1.14482677,0.6474208832,0.5947334766,0.5185607076,1.384018898,1.255480409,1.512936473,1.374500155,1.941221714,1.85027647,1.946203828,1.599947691,1.73963201,1.397242665,1.637771964,1.304920077,takana
0.9597144127,1.063052773,1.004614353,1.96108532,2.794161558,1.201692939,1.390738368,2.589073896,3.75240922,1.395501494,1.131541252,1.23763907,1.462298274,1.336230516,1.837831497,2.211140394,2.515403748,3.496225595,2.141988993,1.836879849,2.626680374,4.338888645,3.242499113,2.843875885,2.723116875,3.969553471,3.791786909,1.794124484,1.811378241,2.727082968,2.261880636,1.843943477,2.43251729,2.911291361,3.039705992,2.349271536,3.061030388,2.895550013,3.438859224,3.824007034,2.957986355,3.337787628,3.706451178,4.074026585,2.733714342,3.082012415,3.743257999,3.530947208,1.927052736,1.802725673,1.132551908,1.584338546,1.348428607,1.465502977,2.01317668,1.949709535,1.780239463,1.060933948,1.092629075,1.416427016,1.278326273,1.203577042,1.299842238,1.591758966,1.315492272,1.108174324,0.5943341851,0.8009788394,0.7626981735,0.9518014193,0.7644659281,0.7938526273,0.9871552587,1.375721455,1.060083628,1.058560491,0.9482880831,1.208689928,1.029004574,0.9186819792,0.7077001333,0.9759010673,0.9278435111,0.5549399853,0.2844683826,0.1964285374,0.1896823943,0.1951743513,0.5673812032,0.621008873,0.6722307801,0.8271865845,1.067330718,1.3705616,1.165728927,1.329635501,1.04241848,0.9542033076,0.6758237481,0.7948291898,takana
0.7415148616,0.8879258037,0.9438220263,2.798808336,2.466955423,1.439316154,1.722073674,3.875445366,3.398884058,1.688089252,2.362380028,2.558084965,1.783061624,0.6269847751,2.262944698,2.801286459,2.983782768,2.541847467,3.078248739,2.281848431,3.468880415,3.811886311,2.889146805,3.117796898,4.463607311,3.99288702,3.132091522,2.095106602,2.614718437,3.115775824,1.159421325,2.281599998,3.305290937,3.21507597,2.592724085,2.332689047,3.405736685,3.385171413,3.284392834,3.073970556,3.569230795,3.619503736,3.626439571,3.311434031,3.938944578,3.208099842,2.552828789,2.659266949,2.232797861,1.586911321,1.361811757,1.791617513,1.933725834,2.002498627,1.748759389,1.548756123,1.880294561,1.652560234,1.58041358,1.625457644,1.698279142,1.828929782,1.701013684,1.565790892,1.53593564,1.697164178,1.235964656,1.083478451,1.175173283,1.271192193,1.246311426,1.140902638,1.434097528,1.493592739,1.435316324,1.339432597,1.56259656,1.37824142,1.339763522,1.342993498,1.577443123,1.557980418,1.245407581,1.280569434,1.156764984,0.8870097399,0.4796415567,0.6790232062,1.634857893,1.657317281,1.864349961,1.519255519,1.66624105,1.994664311,1.770159483,1.408195138,1.784742355,1.885603786,2.048912525,1.355018377,takana
0.5177971721,0.545945704,0.8610860705,1.997542024,2.490193844,1.482795477,1.478524089,2.816355705,3.383671284,1.361118793,1.348236918,1.753770471,1.427862763,0.5724131465,1.474836946,2.497211456,2.73820734,2.407805681,2.529337883,1.845024943,3.198351383,4.006853104,3.374293089,2.911785603,4.127790928,4.099093437,3.153833628,1.94225347,2.557394981,3.200890541,1.61768055,1.587634444,2.521634102,3.172299385,2.710006952,1.650609612,2.993933201,3.272917986,3.271497011,2.346380711,3.133994102,3.540754557,3.52263689,2.850666761,3.71764183,3.771140814,3.109353542,2.268937111,1.794793487,1.605953932,1.449570417,1.714595914,1.623874903,2.078441143,1.537058473,1.404727221,1.480054498,1.751651525,1.645291209,1.357133031,1.0535779,1.6397264,1.64341414,1.171241164,0.9450985789,1.50583744,1.267647386,0.9909023046,0.7546507716,0.8699901104,1.037347317,1.164911747,0.8272345066,1.323359489,1.146999121,1.44078505,1.110576868,1.390897632,1.0979532,1.390438199,1.211304665,1.636433482,1.081579566,1.122027159,0.9219077826,0.8356577754,0.4458462894,0.4181331694,1.35689199,1.436393738,1.728745699,1.442490935,1.446531773,1.663449407,1.820295095,1.52552855,1.657171965,1.627686262,1.866288304,1.314908504,takana
0.3464933634,0.5292961597,0.6399710774,1.678750992,2.335616112,1.325389028,1.051050425,2.065320492,3.112537384,1.204409599,0.9910456538,1.390377045,1.271162987,0.8433746099,1.708881974,2.202672482,2.622762442,2.895632029,2.354697466,1.809189796,2.773632526,4.215882301,3.095457554,2.769272089,3.147326946,4.274244785,3.347268581,1.910839677,1.82191956,3.084913015,1.7710886,1.76526475,2.250508308,3.067061186,2.951185465,1.921571016,3.056727409,2.942611694,3.509411573,3.018686295,2.80449605,3.246264219,3.848812103,3.83146596,2.858376741,2.975070238,3.53453064,3.197819471,1.642282844,1.645563006,1.371361971,1.987071753,1.482030034,1.48626554,2.239115953,2.140179634,1.735459566,0.9913330674,1.597627282,1.800153136,1.558173895,1.21896553,1.724858522,1.894483089,1.579407334,1.078086495,1.136135817,1.071050286,1.099630833,1.121631742,1.228750944,1.242901206,1.354156733,1.469320059,1.521109462,1.295804977,1.601896644,1.50361824,1.487017035,1.370900393,1.403294325,1.523918509,0.9550340176,0.6487168074,0.9393444061,0.620116055,0.4910126925,0.2628602982,1.244051218,1.181366682,1.73301816,1.213323355,1.609488368,2.048858404,1.963459849,1.593079567,1.812497973,1.7365731,1.771574378,1.432848334,takana
0.6501188278,0.5388246775,0.942317605,2.194000483,2.399338722,1.252393842,1.37833786,3.354532719,3.403185844,1.232543349,1.512029648,2.15577364,1.42959106,0.9925500751,1.95366168,2.399444103,2.817538261,2.030060768,2.578151226,2.07912755,3.576798201,3.721899509,2.968258619,3.272742987,4.688293457,4.087409019,2.791740179,2.148911715,2.711476088,3.319512606,1.379320264,1.873844028,2.9518435,3.378964186,2.482836485,2.26057148,3.540466785,3.608673573,2.648560524,2.972276926,3.485191584,3.964452505,2.939439774,3.245007992,3.866638899,3.786915302,2.683322906,2.573380947,2.312849998,2.130268574,1.650377512,1.464997172,1.747007132,1.852604985,1.565137744,1.110669374,1.074085355,1.325059295,1.605620027,1.293585062,1.269803047,1.556917787,1.498702288,1.049605966,0.9110097289,1.343906045,1.072237372,0.8147338033,0.5866309404,0.994977355,1.172206879,0.9496612549,0.8726351261,1.16754806,1.31626296,1.505655169,1.237511635,1.110784888,1.242899299,1.274193883,1.170776486,1.13691473,1.168670654,1.058968544,0.6951630116,0.2965617478,0.4118539095,0.293585062,0.9541097879,0.7336032987,1.229154468,0.9311417341,0.449556917,0.56797719,1.25141263,1.173437834,0.9832205772,0.9818454981,1.218363404,0.7691702247,takana
1.114133835,1.390817404,1.22743094,2.941583872,3.365986347,1.492048621,2.030006409,3.818396568,4.149303436,2.160365105,2.415057182,2.797208548,2.068444967,1.419764757,2.419694185,3.082794666,3.128437519,3.021243811,2.996970415,2.399040937,2.913879871,4.44604969,3.670945883,3.022363186,3.39013195,4.636075974,3.583386898,2.467088461,2.22698307,3.530897379,1.921532035,1.922361135,2.52850771,3.579362392,3.400792599,2.229980469,2.774793148,3.563940048,3.935447931,2.586194515,3.24723196,3.954357147,4.347499371,2.960350513,3.277938843,3.352311611,3.979242802,2.693573475,2.407473803,2.029330015,1.63822937,2.334904671,1.528872371,1.883730888,2.565586567,2.309676409,1.499517083,1.350636959,1.740881443,2.363523722,1.29812324,1.727902055,2.01617837,2.402430773,1.668066621,1.321601391,1.499446034,1.615076661,1.357366204,0.9085027575,1.29425478,1.633445024,1.615490317,1.418787479,1.463257313,1.612511396,1.938975811,1.566864491,1.396286368,1.645230532,1.821068406,2.014049053,1.242740035,1.375671387,1.378224492,1.249342799,0.7079731822,0.5238970518,1.867174268,1.698737025,1.230748296,1.042518854,1.597472787,2.132542133,1.425070047,1.152552962,1.78639853,1.858790874,1.720239401,1.030991197,takana
1.060687661,1.579756021,1.184202552,1.418560028,3.514005899,1.517972112,1.563588023,1.79229176,4.496178627,1.914817691,1.289163351,1.516002774,2.037746668,2.252590656,1.902295113,2.677395344,3.299400091,3.999098778,2.449264288,1.845436215,3.158194542,3.956649065,4.217062473,3.01953578,4.678906918,3.018446445,4.515881538,2.089252472,3.073804617,2.918357611,3.528840303,2.642793417,2.656651258,2.840850115,2.634268999,3.093773127,2.294211864,3.243214846,2.407075167,4.207841873,3.762118578,3.699841261,3.279317617,4.350052834,4.066732883,2.474627256,1.89474082,2.414978504,3.159229755,2.055124998,1.533958197,1.275575399,2.616139412,2.241374969,1.372494817,1.279294491,2.407651901,2.692469597,1.510549188,1.729629159,1.573672891,2.70695734,2.399947405,1.412734747,1.666818857,2.206688643,2.054417849,1.343274355,1.020366669,1.795449734,2.025439262,1.267025232,1.069144368,1.324356198,1.819103479,1.701930046,1.059844136,1.159210563,1.84614563,1.742018938,1.086206913,1.284895658,2.210995197,2.259981155,1.754828215,1.481460214,1.792301059,2.287297964,2.063922167,1.255332112,1.109875321,1.860488296,1.872356057,1.559377193,1.089838147,0.8829387426,1.20207417,1.625977516,1.231808066,1.235144496,takana
0.9569022059,1.325266242,1.212307572,1.135617495,3.405840158,1.36775279,1.105232716,1.52079761,3.889947414,2.755314112,1.181218147,1.175316572,1.575420022,2.226008654,1.845965981,2.13007617,2.117404461,3.65048027,2.921310902,1.361731887,2.646836758,3.472683191,4.346132278,2.85406971,3.883547068,3.633483171,4.233942032,3.505777359,2.508174896,2.801340103,2.309904099,3.447370768,2.045207739,2.785402536,2.080495358,2.794351101,3.019572735,2.970944166,2.335198641,3.147357941,4.381396294,3.273066044,3.553491116,3.045107126,4.393284321,3.478434324,1.724080682,1.618206859,2.445739985,2.816136599,1.091125369,0.8108484149,1.770400882,2.837217808,2.53966403,1.026069283,1.352718115,1.657473087,2.675387859,1.311640382,1.004809022,1.562518358,2.751426697,2.203310966,1.180926442,1.253286362,1.558894873,2.75463438,1.233206272,1.036893368,1.185842156,2.169916153,1.956381202,1.306784034,1.15834713,1.557083607,1.873845577,1.401780009,1.297711253,1.502018809,2.120113373,1.711412907,1.364841819,1.428324699,1.532842517,2.691813946,1.31645751,1.428478241,1.568833113,1.741573095,1.378055573,1.024271131,1.140535951,1.17857337,2.064145088,0.6327424049,0.5571341515,1.141989708,1.67365694,1.575567007,takana
0.5252498388,0.4624635279,0.5247653723,0.4695510864,2.602499247,1.036546469,0.6458796263,0.9940593243,3.310248613,2.142919779,0.9218096137,0.7742813826,1.187595367,1.692462564,1.56997633,1.944235206,2.01822567,3.475883722,2.433420181,1.672939658,2.367091417,3.352166414,4.009476662,2.536384106,3.813971043,3.58232522,3.976955652,2.763517857,1.832445979,2.696429014,2.166541576,2.928256273,1.676698208,3.012029886,1.926012039,2.492205143,2.275250196,2.724192858,1.943936586,2.910876989,3.874898195,3.094333887,3.075860262,2.783445358,4.157148361,3.025835514,1.366929531,1.30661428,2.230921507,2.354999065,1.124640226,0.9524858594,2.182774782,2.389032364,1.717540503,0.6748492122,0.9117851853,2.068194389,2.03614378,1.238510132,0.7936497927,1.767034292,2.284404278,1.554199934,0.6680138707,0.9460260272,1.699267268,1.718901515,0.9763091207,0.9183709621,1.104074478,1.084436893,1.510429263,0.8345125914,1.151988506,1.494370103,1.342427969,1.228454471,0.7583917975,1.395355582,1.30290997,0.7352839112,0.8660867214,1.618587613,1.249247432,1.219647884,0.6600582004,1.147342086,1.38026309,1.123884678,0.8563586473,0.6932676435,1.451270938,1.856891155,1.589045048,0.4863080978,0.424210459,1.217234373,1.27225697,1.191741467,takana
0.6701237559,0.8445931077,0.8592444062,0.7010971904,2.792080164,1.128520966,0.8529604673,1.076396227,3.54147315,2.589929104,1.24213171,1.027665615,0.8789134026,1.941589236,1.522670865,2.103292227,1.916622162,3.300523758,2.835379601,1.708994627,2.536018133,3.472447395,4.21181488,3.184288502,3.248114586,3.9933815,3.744701624,3.193578005,1.424468398,2.359745741,2.354771852,3.425803423,2.072562933,2.693926334,2.028243065,2.338773012,3.064421654,2.491971493,2.680479288,3.168622255,4.397681713,3.492498636,3.726705313,2.843302011,4.040528297,3.646097898,1.870961785,1.524525762,1.754403353,2.226126194,1.4000175,0.8889243603,1.382850051,2.19286108,2.381386757,1.237879157,0.8858994246,1.695304036,2.396982431,1.77457273,1.30622983,1.217281103,2.230288982,2.131416321,1.379387617,0.8964768052,1.318415999,1.879032373,1.288945079,0.8235395551,0.6997292638,1.227126241,1.318644047,1.389891267,0.4979682565,1.229507804,1.408742666,1.40847075,0.9060583115,1.066697836,1.588656902,1.222591519,0.7501847148,1.222720027,1.404045224,1.597738385,1.04952693,1.183843255,1.174657106,1.364700913,1.372026563,1.284611702,1.444889665,1.652854204,1.724923611,0.66772753,0.4629965723,0.9992597103,1.372624278,1.418442488,takana
0.5501828194,0.9720301628,0.7799767852,1.081401229,2.89883709,1.432779193,1.018917084,1.255135655,3.842704535,2.139354706,1.312489629,1.259139895,1.298663139,1.947686315,1.632524967,2.148985386,2.360077858,3.7735641,2.593643904,1.667750835,2.343300819,4.029635906,4.057374954,2.729417086,2.854045868,4.114989758,3.956247091,2.758294821,1.501299024,2.638930798,2.804286718,2.818218946,1.868574739,2.571756601,2.694613695,2.676297188,2.447440863,1.782622814,2.651210785,3.54494524,3.92887044,2.915235758,3.905235052,3.575129032,4.251541615,3.248606682,1.713434219,1.507401824,2.688073158,2.052328825,1.304182768,1.424162865,2.363861799,2.294833899,1.813098192,1.113470078,1.643067956,2.400792122,1.984734297,1.789616585,1.088284135,2.069499254,2.098816395,1.694613457,1.086493611,1.363425136,1.784799457,1.552832127,1.111540437,1.175572276,1.168760419,1.088227034,1.38323772,1.107843399,1.362505078,1.119084954,1.300181746,1.336073041,1.2445122,1.195121169,1.586616158,1.392783523,1.119841695,1.543080568,1.452882767,1.434843063,0.9469707608,1.41246438,1.728494048,0.7270991802,0.9097958207,1.174366713,1.987631321,1.664266229,1.19270134,0.5650776029,0.6340749264,1.557101607,0.9666142464,1.198807597,takana
0.5783609152,1.167596936,0.8927373886,0.9468405247,3.002895832,1.557978749,1.144102812,1.486684799,3.91958189,2.480767488,1.273535132,0.9100885987,1.281295896,1.898651123,1.459204674,2.055164099,2.380624056,3.344007015,2.70965457,1.63316834,2.75628233,3.456222057,3.98028636,2.923483849,3.563124895,4.111544132,3.869722366,3.175329447,1.73627305,2.927204847,2.195042372,3.150159597,1.811801434,3.212304115,2.177531481,2.558855534,2.71662569,2.867498636,2.31675005,3.035844803,4.141095638,3.314185381,3.555779457,2.935299873,4.374041557,3.37877655,2.044947386,1.440650582,1.72943759,2.309098721,1.698460102,0.9315471649,1.486742616,2.183759689,2.042238235,1.144666076,1.068625331,1.839097857,2.318274736,1.543727994,1.098874092,1.282103539,2.087111712,1.409652352,1.150200605,0.8050227165,1.560979247,1.852718353,0.8770745993,0.8414701819,0.571475327,1.302126169,0.9940358996,1.045179009,0.7156639099,1.325097442,0.875662446,1.128738284,0.951967299,1.375189304,1.21805656,0.9849634767,0.91779989,1.769286036,1.374071121,1.191734791,0.8041170835,1.069218516,1.131756783,0.9726132751,0.7896035314,0.9791435599,1.353562355,1.769119382,1.626956344,0.7058517337,0.4911891222,1.158019781,1.543098807,1.198430538,takana
0.4515374601,0.8077406287,0.7265377641,0.7382091284,2.247993231,1.054761529,0.8612294793,1.207524538,3.351561069,1.74199152,0.9792227745,0.8491739035,0.7339672446,1.488983989,0.8475818634,2.15415597,1.869097471,3.310252428,2.568334818,1.308362603,2.623200417,3.389918327,4.099178314,2.908011913,4.002493382,3.328067064,3.879806757,2.978651047,2.407539606,2.870471239,2.542405844,3.137066126,2.492164373,2.94682169,1.838362932,2.526514292,3.155256987,3.152067661,2.138308287,3.488283396,4.353812218,3.965168953,3.127999783,3.463146687,3.947813511,3.380802155,1.848305106,1.037085533,2.061001062,2.012218714,1.630363107,0.9969068766,1.984518051,1.894758821,1.870816588,1.323675752,1.320300102,2.117114782,1.845468521,2.022946358,1.253646374,1.885357738,2.016133785,1.478056908,1.248715878,1.144713402,1.65935564,1.221046567,1.146264315,0.7653771043,1.196302652,1.133779645,1.299497604,1.126272798,1.253993273,1.54300487,1.038830996,1.27650249,1.331666708,1.444523811,1.028171062,0.7521552444,1.299895525,1.642844439,1.262597322,1.348584175,1.012073517,1.333468437,1.301827908,1.075622916,1.062835217,1.431814194,1.767576814,1.718253016,1.135033488,0.9774560928,0.5696516633,1.197092414,0.737595439,1.17737937,takana
0.4324029982,0.976020813,0.8665605187,0.9673399925,2.746602535,1.188272238,1.017523527,1.722533703,3.743649483,1.79158926,1.355825543,1.105389953,1.416722059,1.755375981,1.529874325,1.95025897,2.224464417,3.650943518,2.185101509,1.471363425,2.742887735,4.091597557,3.789476156,2.447977066,3.808756351,3.543941259,4.145122051,1.700542808,2.09423852,3.103014708,3.256161451,1.887377501,1.59414804,3.123315334,2.406049252,2.750607252,1.608120799,2.813614845,2.100685835,3.857584953,3.273452044,2.602948666,2.335501432,4.246885777,3.492318392,1.875528097,1.541688442,2.650906086,2.985718727,1.186375976,0.9132478237,1.303127527,2.787282705,1.651387691,1.275023341,0.9894132018,2.108185768,2.217947721,1.123355269,1.130174279,1.357536912,2.443597794,1.669219017,1.132335663,0.8707555532,1.80148685,1.510315657,1.2455827,0.7302837372,1.386558056,1.534198046,1.263957262,1.076044559,0.7237647772,1.416214585,1.283684611,1.349220276,0.7388189435,1.041477442,1.456224203,1.216499567,0.7032765746,1.142952204,2.103085995,1.203687191,0.9086350799,1.188728333,1.784900427,1.697928667,0.5708808303,0.5735329986,1.707826376,1.788076639,1.341870189,0.8253273368,0.8204417229,1.017668962,1.36488378,0.7414287925,0.9099072218,takana
1.052126765,1.571828723,1.051747203,0.9612223506,3.474133968,1.34545517,1.359923005,1.858222485,3.850265503,2.992170811,1.466334224,1.261620283,1.403135657,1.987549543,1.667408705,2.248415709,2.300919056,3.464165926,3.366203308,1.69855988,2.26633954,3.717544317,4.367342949,2.974043369,3.086993217,3.932482481,4.018034935,3.889198303,1.608895898,2.930434704,2.224188328,3.689396858,1.770703197,2.694859743,2.562012196,2.721117258,3.490753174,2.175418377,2.781202316,2.943172932,4.632153988,3.13138175,3.709406137,2.980243444,4.176774025,4.27435112,2.195147991,1.904354453,2.061912775,2.425234318,1.400992036,1.201059699,1.618293643,2.322480917,2.752352476,1.502495408,1.312316298,1.346831083,2.700958014,1.804186106,1.276055694,1.613059163,1.99288404,2.221996069,1.224598646,1.258453012,1.24447906,2.373932362,1.063514233,1.059452295,0.9046205282,1.525217772,1.783131361,0.9025138617,1.078398228,0.7796927094,1.686835527,1.105896354,1.080502033,0.8579667807,1.478660703,1.915236354,0.9623830914,1.392179251,1.136893511,2.287658453,1.643275738,0.9119884968,1.325181365,0.8870949745,1.984758496,1.196623206,1.303705931,1.234892368,2.068918943,1.02761209,0.7435052991,1.126362205,1.341822863,2.166603565,takana
0.8153355122,0.9737195373,0.9919711351,1.057402849,2.862380505,1.364757419,0.9111459255,1.678547621,3.891718626,2.123203993,1.550149441,1.283051133,1.562979937,1.868183136,1.189797282,2.297193527,2.572631359,3.70224762,2.737369299,1.615871191,2.783927917,3.850259542,4.344153404,3.07621789,4.216749668,3.346878529,4.505487442,3.287179232,2.9866364,2.797485113,3.218076944,3.416877031,3.060881853,3.031103373,2.442919493,3.097316027,3.491111279,3.098661661,2.58312583,4.069741249,4.379565239,3.911575794,3.15946579,4.212673187,3.921845913,3.028787374,1.460131049,2.075988531,2.542100668,2.096239567,1.69619453,1.059713244,2.545318604,2.118347883,2.084243536,1.271001101,1.867718577,2.338227987,1.828585744,2.041917324,1.486580253,2.491806984,2.157706976,1.524411201,1.392955661,1.775578976,1.966243505,1.342407465,1.322041035,1.624729514,1.645506024,1.520595431,1.297963858,1.579799056,1.520074964,1.755076051,1.068183422,1.423995137,1.575342178,1.679712892,1.296919584,1.022409916,1.663255572,1.876828194,1.777403831,1.511849165,1.548100829,1.912756324,1.841625214,0.8365253806,0.9137893319,1.689298034,1.800357461,1.546413779,1.010419726,0.9433065057,0.8557114005,1.427933693,0.7090544105,1.006032944,takana
1.06202507,0.6983686686,1.183332205,1.229855299,3.407714367,1.609757781,1.438875198,2.057106972,3.972252846,2.787679434,1.498613358,1.545602679,1.623798728,1.832216144,1.949289083,2.303049088,2.623364925,3.519949436,3.115603209,1.810757041,2.917830706,3.927499294,4.364676952,3.82714653,4.400395393,3.43827033,4.160745144,3.323735476,2.760478258,2.416061401,2.771077394,3.399115086,2.910874605,2.166174412,2.317810535,2.763753176,3.308274984,2.748560667,2.660749912,3.662187815,4.326749802,3.765976906,3.477998495,3.093171597,4.036073208,3.43879056,2.141201973,1.362877607,2.038976431,2.308871269,1.746043324,0.8952891827,1.860191703,2.115991831,2.045284986,1.036404252,1.600074768,2.124171495,2.154223204,1.81734097,1.716950297,1.676310182,2.132237673,2.021766901,1.635387063,1.551432848,1.743309498,1.816937208,1.466219306,1.511279941,1.271114945,1.637467861,1.507025003,1.302821159,1.692595601,1.28725934,1.307223797,1.617822886,1.278917074,1.224269748,1.739181042,1.888959527,1.357344508,1.309587598,1.597400427,1.871538043,1.419547439,1.112373948,1.369512558,1.391047359,1.390872478,1.306353688,1.763041615,1.594961047,1.313822508,1.043507338,0.9714469314,1.669160962,1.837968707,1.409117103,takana
0.7769622803,1.354138613,1.124378204,1.970610142,3.523793459,1.582428336,1.765431166,2.797665358,4.035109997,2.111711979,1.551981926,2.202575207,2.056992054,2.143300056,1.978982091,2.49109602,2.428703547,3.907709599,2.504217148,1.822659135,2.711586714,4.506847382,4.005871296,3.020355225,3.48646307,3.275380611,4.508088112,2.492268801,2.799499035,2.512458563,3.130157232,2.498749256,2.31546545,1.999621511,2.543701887,2.771662235,2.355077505,2.174139977,2.487526178,3.577784538,3.640651464,2.77075696,3.04272604,3.769412279,3.672615767,2.033032894,2.326820612,3.180745125,2.892102242,1.602901101,1.044009447,1.407512903,2.476373434,1.961504698,1.198900104,1.457998991,2.21417284,2.366530895,1.370139718,1.713318348,1.966957688,2.290812016,2.108096838,1.429638505,1.8843925,2.113595724,1.711709499,1.22213614,1.385806203,1.686525702,1.520742297,1.348073483,1.483893037,1.361338615,1.68241024,1.359394431,1.145769,1.169123769,1.505495667,1.666660905,1.519246101,1.346987009,1.97759819,2.186764479,1.711120129,1.472495437,1.540841937,1.475319982,1.706757665,1.188558459,1.274991393,1.677459359,1.734172344,1.387749314,0.7174689174,1.47888577,1.580006123,1.961476564,1.323619485,1.189386725,takana
0.5617009997,0.6643955708,0.804254353,1.309126377,2.392367601,1.271532655,1.027235985,2.205304623,3.523798466,1.426133156,1.085794687,1.807723522,1.426620364,1.184967756,1.246492982,2.591666222,2.189554214,3.277530909,1.773498178,2.194079638,2.395988226,4.55386734,2.945313931,3.720079899,3.644284964,3.990030289,3.823007822,2.480014801,2.567289829,2.425949097,3.357097387,2.057364941,2.099848986,2.093325615,2.769998074,2.360004663,2.088550329,2.125103474,3.195953608,3.72348547,3.008459806,2.705858469,4.057150364,4.166596413,2.385294199,2.022905111,2.770535707,2.699731588,1.652677894,1.182114124,1.197369337,1.38534224,1.570349336,0.8358902335,1.015241146,1.732344747,2.005354643,1.051713228,1.278945565,1.976531625,1.913889289,1.285429358,1.374126196,1.809260607,1.890215397,1.445581198,0.9984830618,1.588821888,1.156363606,1.329471707,0.906979084,1.603583813,1.504861593,1.262771368,1.327891827,1.458140612,1.249317765,1.398498297,1.286629796,1.571048856,1.702135086,1.268420577,1.715480208,1.679524541,1.016498566,1.168572307,1.64568615,1.100299716,0.8854284286,1.209666371,1.111045957,1.327171564,1.285030842,1.12989521,0.9880678058,0.9168088436,0.7545877695,1.074698687,1.377733588,0.9957337976,takana
0.434910953,0.4601158202,0.723506391,0.8759957552,2.014452219,1.39593637,1.110908747,1.665740252,3.001331568,1.070037603,0.7542530894,0.9982035756,1.021406412,0.5742092729,0.7938889265,2.197653294,2.134520054,2.664516211,2.137508154,1.731492043,2.614403486,4.177562714,2.60560441,3.398913383,4.038958073,4.17560339,3.142064571,2.163591623,2.996430874,2.883999825,2.65625,1.827186704,2.773806095,2.367578983,2.226214886,1.805356383,2.746559381,2.528017521,2.887278318,2.852437973,3.403845787,2.983341455,3.912721634,3.655189276,2.606703758,2.106066465,3.405077934,2.717764378,1.661633015,1.202232957,1.06779933,1.172775269,1.25303185,0.9565207958,1.339703321,1.92145288,1.817513704,1.035001874,1.176604986,2.053455591,1.829383016,1.251340985,1.223905444,2.007491589,2.024443626,1.281629443,0.7262149453,1.39760983,1.532485247,1.488520026,0.8745675087,1.342664242,1.535886765,1.189326048,1.374018312,1.396657705,1.24928081,1.478032589,1.308510303,1.450676322,1.773948908,1.648396969,1.47295773,1.313601494,1.713924646,1.636505604,1.507555246,1.025796413,1.432711124,1.415880919,1.263696551,1.057635546,1.355375886,1.512102127,1.343810558,0.9020373821,1.019502759,1.609473825,1.627617717,1.244287252,takana
0.4740901291,0.5481020212,0.4944615066,0.8078032732,2.763891935,1.309405684,1.087712049,1.356250525,3.619839191,2.537075043,1.235970736,1.045428514,1.223567009,1.538124323,1.4668957,1.784328222,1.997599959,2.959631681,2.836744785,1.195661902,2.759827137,3.126704216,3.950508833,2.991539717,4.216217518,3.589879751,3.439213037,2.995530128,1.654432535,2.978753328,1.883715749,2.994204521,2.230312586,2.957459927,1.786981106,1.940716267,2.825480938,2.944929838,2.076020718,2.624641895,3.896779299,3.565472603,3.361086369,3.150193691,3.770557404,4.243373394,2.671743393,1.824921608,2.513830185,2.805866957,1.888299584,0.6670668125,1.354446769,2.488339901,2.677746534,1.502142906,0.9597631097,1.53650558,2.413671494,2.446372271,1.228880048,1.273135185,2.268310785,2.467394352,1.6963346,0.8611345291,1.196022153,1.643520713,1.411941409,1.011662245,0.8791649938,1.228794336,1.191074252,0.9458956718,1.225066662,1.163586497,0.9521796107,0.8892892599,1.137715816,1.404934049,1.396342397,1.122877479,1.132651448,1.705380797,1.107948542,1.648292184,1.437753439,0.9195125699,1.135493755,1.610116601,1.624421716,1.546687603,1.629325509,1.675085902,1.678282976,1.588364363,1.140746117,1.358133793,1.959654689,1.673545122,takana
0.3699226379,0.5590872169,0.5284041762,0.8685857654,2.68755126,1.361642361,1.019840479,1.042767406,3.552253246,1.832545161,1.107391357,1.207046151,1.244301558,1.544355035,1.560662985,1.848041654,2.003596306,3.639877081,2.249285698,1.210267425,2.618379354,3.574504614,3.967249155,2.591932297,4.075200081,3.06392622,4.234278679,2.452326775,2.22496748,2.422397375,3.02908349,2.546117306,2.089261293,2.431208372,1.681100488,2.542327166,2.228531122,2.676938295,2.004755259,3.09379077,3.699094296,3.047525644,2.827697992,3.061051607,3.789707661,2.712742329,1.889894962,2.124675035,3.244374752,1.71789372,1.003685236,0.7038537264,2.356344938,2.165910721,1.433758616,0.8516069055,1.488907814,2.324984312,1.899067044,1.392751575,0.9105601907,2.114174366,1.803215623,1.356677055,1.153090119,1.409883022,1.588194489,1.228504777,0.7823286653,1.1991328,1.346070886,1.285454869,1.075216055,0.9972069263,1.415432334,1.448845387,1.0563941,0.7826976776,1.187001705,1.647116542,1.245540261,0.9298077226,1.66346097,1.748906255,1.626953602,1.196462154,1.275384903,1.373888493,1.587536335,1.124563456,1.299489021,1.274472952,1.963261724,1.268806577,0.9825050831,0.915723443,1.292679071,1.64656961,1.285704136,1.064051151,takana
0.3585409224,0.5761651397,0.5060235858,0.7123878598,2.292959929,0.9677533507,0.8389272094,1.160486341,3.264292002,1.205461502,0.8509243131,1.029512405,1.426381469,1.223544598,1.449570656,1.767336249,1.793780446,3.211518288,1.800012946,1.465457201,2.312297583,4.44963026,2.952983141,2.831922531,3.885276318,3.707139254,3.706486464,1.5009799,2.303628683,2.352729797,3.325738668,1.425292373,1.878838181,2.184901953,2.668192863,2.02567935,2.099181414,2.63931632,2.812025785,3.609836102,3.261173487,3.113867521,3.46900773,4.314983845,2.791632175,2.243443251,2.502946138,3.146114588,1.946700811,0.8750845194,0.6638429761,1.629527807,2.117061138,1.200796843,0.7976642251,1.634962916,2.410953283,1.580289125,0.9990463853,1.432166696,2.304865122,1.912520051,1.384652257,1.38953948,2.043572426,1.688040614,1.187432766,1.143180966,1.403300643,1.420695424,1.154965281,1.094021797,1.565109372,1.171239257,1.316984534,1.391427875,0.8867509961,1.217501044,1.333646417,1.285756946,0.8153017163,1.23376143,1.749819994,1.192148805,0.5857169032,1.613727808,1.881967187,1.471109629,0.7922226787,1.347843647,1.85607779,1.412334085,1.402103424,0.9145665169,1.191168785,1.395617604,1.125144839,0.8496195078,1.706039429,1.617149234,takana
0.7227445245,0.9222269654,1.40382874,0.9030037522,3.148613453,0.9285363555,0.9043297172,1.593883395,3.847281694,1.800246596,0.7320000529,1.269159794,1.589654207,1.918517828,2.088416338,2.321102858,2.18106246,3.992447138,1.764936209,1.598611236,2.875146866,4.468873501,3.874947548,3.022879839,3.998610497,3.589630127,4.433928013,1.759810209,1.983044744,2.746239901,3.803134918,1.902863145,1.660742998,2.71612978,2.527641058,3.054360628,2.105025768,2.763943911,2.708876133,4.425180912,3.304083586,3.08558321,3.274388552,4.190517426,3.101124525,1.961793661,1.549804091,1.999854445,2.888448477,1.174095273,0.8615910411,1.00827682,2.492424726,1.307198405,1.123270392,0.8662572503,2.094261646,2.219628334,1.366491318,1.291531563,1.536675096,2.448327303,1.556317091,1.143998623,1.077834845,1.849751115,1.422372818,1.228995085,0.9429753423,0.910179615,1.328814864,1.515327334,1.341991663,0.6137949824,1.428985476,1.750762105,1.000919938,0.4634134471,1.273953438,1.774647117,0.8604764342,0.6959505677,1.253789783,1.991527319,0.8732967973,0.8553351164,1.049769759,1.880010843,1.120253444,0.7046239376,0.4093547463,1.020798087,1.021861434,0.3767741919,0.4224739671,0.5254172683,1.016345739,0.7324672341,0.4056984484,0.5427321196,takana
0.7860590219,0.8885849118,1.137601972,1.662116289,3.212005377,1.572403312,1.411541939,2.55924058,3.979590654,1.869412541,1.461507201,1.795081735,1.981852531,1.613880992,1.73417747,2.624807119,2.676301718,3.871858835,2.236843348,2.306845903,2.693334341,5.039076805,3.064270735,3.745724201,3.569458485,4.18665266,4.134796143,2.666136265,2.558530569,2.617422342,3.861584425,2.249402761,2.120021105,2.582392931,3.341234207,2.758176565,2.479323864,2.457803965,3.572869062,4.094810963,3.419363022,3.259968996,3.899307013,4.186183929,2.336413145,1.863022566,2.118073463,2.925179482,1.794946671,1.122621775,1.23280108,1.717653632,2.138606548,1.238090992,1.429700613,1.972244501,2.473366976,1.239812374,0.9980940819,1.900708675,2.35784626,1.569357157,1.188636303,1.645245194,1.86537838,1.651879191,1.146721482,1.343770504,1.278434157,1.328457355,1.203925133,1.403010488,1.307986856,0.9861073494,1.200533986,1.519411564,1.161973357,1.054172635,0.9199456573,1.659995079,1.411359668,0.9862076044,1.537909269,1.493200779,0.8436121941,1.181170106,1.597083092,0.6100057364,0.9253724813,1.060319781,1.423291206,1.200791836,1.205823064,1.194971919,1.226765156,1.592461109,0.9479289651,1.329805136,1.482725859,1.657453537,takana
0.7874174118,0.8657833934,0.9699885845,1.236288071,3.279843569,1.508623719,1.400852799,1.878202319,3.639545679,2.732459784,1.273584962,1.286100626,1.369557977,1.765838385,1.950901151,2.364560843,2.470982552,3.592884541,3.328383684,2.078493595,2.833249807,3.721391201,4.402920723,3.690513372,4.224106789,3.017475843,3.918758154,3.346027613,2.820517063,2.142129183,2.529727221,3.365352631,3.052219152,2.056106806,1.959313989,2.597857475,3.334583044,2.35365963,2.340004444,3.519065619,4.456558228,3.557687759,2.780525446,2.758215427,3.760312557,3.604418755,1.727879763,1.498197794,2.216823101,2.217499733,1.667503834,0.8335304856,1.915538192,2.189478397,2.426786661,1.21715796,1.575388551,1.891302943,2.370374203,2.20212841,1.504126668,1.448889971,1.747618794,2.335762501,1.914893627,1.111546755,1.506066918,1.50502336,1.884806991,1.400183797,1.412652254,1.429916024,1.654640675,1.647856951,1.386981249,1.466797709,1.337144613,1.658481359,1.104382157,1.07564497,1.799418926,1.60699892,1.015630007,0.8802902699,1.430713058,1.479295135,1.360484958,0.8126531839,1.363629699,1.211906433,1.314051747,1.226933837,1.276577234,1.472938895,1.472476959,1.555725813,0.9562407732,1.219560146,1.671849966,1.630360484,takana
0.7926900387,0.6273210645,1.046473503,1.054803967,3.499147415,1.618144155,1.327129602,1.726306796,3.403232098,3.483048439,1.700676322,1.350558281,1.536202431,1.676457167,1.187847614,2.166912794,2.348500967,3.139850855,4.024073601,2.437980652,2.011621475,3.877453804,3.886459112,4.50754261,2.555115461,4.04928875,3.263320446,4.030935764,2.576102734,3.598353386,3.25000453,2.38242054,3.495886087,2.20693922,2.25228858,1.642906785,2.624334097,2.755547762,2.991072416,2.136052608,2.732403994,3.976788759,3.701988697,2.358646393,2.421556711,4.202827454,3.296097755,1.812775135,1.436404705,1.588624835,2.876639128,1.681100845,0.9722160697,1.024994373,2.057075262,2.387384415,1.092574239,1.000823379,1.564806581,2.750300407,2.07088089,1.004657507,1.026185989,2.237515688,2.10085845,1.236853123,0.8722751141,1.401394248,1.799351573,1.112041354,0.6751713157,0.7138513923,1.347000837,1.171761036,0.8439152837,0.7815261483,1.573682189,1.574837208,1.483212829,0.9169416428,1.504853845,1.368330002,1.978739738,1.892352343,0.8024597168,1.323611736,1.658919096,1.987663388,1.793212891,1.107607722,1.589961648,2.15204978,2.056692362,1.398202896,1.115235806,1.852274179,1.876605153,2.077913523,1.000885844,1.032776237,takana
1.70621109,1.857391238,2.30280447,3.095743418,2.862546206,2.290052176,1.964319944,4.064505577,3.603859901,1.900267243,2.100329399,3.666974306,2.564314127,1.543433905,2.402835846,3.695483923,3.639995337,2.488615036,2.577186346,3.750881433,4.100977898,3.049938679,2.981049299,4.316871166,4.668262482,2.693661451,3.187987089,3.39122653,3.063304901,1.912259102,2.296227932,2.833390713,3.163681984,2.129286051,3.660778046,3.109814405,3.494513035,2.960497618,3.64993453,3.376003027,4.396715164,4.180607796,3.892350197,3.167019606,4.018003941,3.799383402,2.426766634,1.783319354,2.690650702,2.956053495,2.643430948,2.20968008,3.170899391,3.28480649,2.143569469,1.505628824,1.507243276,2.396794558,1.169901848,1.311032295,1.772789598,2.258051634,1.720507622,1.248818994,1.862775087,2.493456602,1.490752816,1.256757498,1.435640812,1.876486063,1.323956251,0.8987916708,1.456294179,1.545676708,1.278101206,1.021112919,0.9398283362,1.611517668,1.468993068,1.156728148,1.347309232,1.869525194,1.089670539,0.8986518383,1.277359247,2.361552954,2.033507347,1.299625039,1.277233124,1.98814106,2.37302494,1.219932675,1.386350989,1.097156763,1.045432925,0.4669779241,0.5306214094,0.5090469122,0.647198081,0.4689415693,thakana
1.071548223,1.201797366,1.695551157,2.707268,2.430821419,1.683526993,1.477440596,3.524948359,2.763995171,1.237766147,1.630921364,2.844005108,1.696387291,1.175854445,2.094557047,3.290428638,2.705995798,2.55957675,3.193221331,3.71886158,3.109752893,3.119475842,3.721539497,4.443798542,3.678195,2.431126356,3.429307938,2.327271223,2.369756699,2.152234077,2.586081505,2.990046978,2.744634628,3.238140583,3.092373133,3.164181471,3.336852312,3.68756032,2.952126741,4.153753757,4.120336533,4.390807629,4.049685001,4.736485481,3.698225498,2.882436275,2.980592489,3.260412216,3.024856329,2.154593468,3.227339745,3.805476665,3.253020287,2.118999004,2.582616568,2.731297255,2.217222929,1.654095531,1.70208478,2.647236347,2.100566149,1.552855849,2.305506229,2.565985203,2.231844187,1.756385088,1.892154455,2.195114851,1.574054122,1.211779237,1.53565824,1.690399408,1.745819926,1.228488922,1.373263597,1.505921364,1.419027209,1.30922246,1.404143572,1.943210959,1.782168746,1.295202732,1.412732244,1.910185933,1.602803349,2.349768877,2.207317114,2.140262604,1.8749578,2.157732248,2.182783365,1.925444841,1.664776087,1.019646764,0.5464346409,0.8941291571,0.4940445423,0.3509275019,0.3850860894,0.6457669139,thakana
0.4144903421,0.6302364469,0.6910093427,1.227509022,1.316819787,0.6133825779,0.7751398683,2.36955905,2.128683567,0.8410072923,0.8163787723,2.394033432,1.189089298,0.6562290192,1.671756148,2.428962708,2.591201544,1.638861418,2.635897398,2.964551926,3.62536788,2.21849227,3.063655138,3.449915648,4.360215187,2.690829277,3.133542776,2.566755533,2.59758997,1.926418304,1.617392063,1.938820243,2.390047789,2.451967239,3.297509432,2.585649014,2.9221313,3.294971466,3.053674459,2.780130386,3.940164089,4.158708096,2.758322239,2.608767748,3.502239227,3.873817682,1.461338162,1.140715241,2.095607996,2.823857546,1.332894325,1.756151915,2.641587019,3.12461853,0.8812737465,0.9495094419,1.267454624,2.342905045,0.7421776652,0.9091804624,1.218003035,2.249851227,1.265014052,0.908729732,1.17670691,2.081010103,1.191722393,0.6760739684,0.7543340325,1.379594207,1.020451665,0.5117744207,0.7436744571,0.8508496284,0.7265047431,0.6906128526,0.7878331542,0.9381506443,0.9003816247,1.225487232,1.158394933,1.230742812,0.7656181455,0.7526575923,0.950722456,1.487267494,1.648607373,0.673368752,1.158967495,1.18499589,2.055334091,0.7321964502,0.7974360585,0.3081095517,0.34840253,0.217853412,0.1812246293,0.1266892701,0.1312051266,0.06927461922,thakana
0.6107514501,0.5438272357,0.7976053953,0.7236442566,1.584029675,0.664750576,0.5615211725,1.418429375,3.196979523,0.5465715528,0.6330330968,1.024475098,1.101677656,0.8186809421,1.261457801,1.593793631,2.521552324,1.885788202,1.915108442,2.12616396,2.879906893,3.637773514,2.648288727,3.321435213,3.271328211,4.243022442,2.245154381,1.914844871,1.812343955,2.704787016,1.522183418,2.089813232,1.822684407,3.165987253,2.507200003,2.095501423,1.745752931,3.386667728,3.462761641,3.061471701,2.822794914,3.90655899,4.358739376,2.143476725,2.170370817,2.829785347,3.447602749,1.333523989,1.316158056,1.895218492,3.373401403,1.537121415,1.297646046,1.745528221,2.547238111,1.526170969,0.5049864054,0.8940967917,1.397677302,1.608107567,0.7263292074,0.7614008784,1.51143682,2.045091152,0.6691259742,0.9308099151,1.027357578,1.886555791,0.6761162281,0.601834476,0.9126080871,1.105363131,0.7425274253,0.8730997443,1.068064809,0.8177164197,0.9164205194,0.7929516435,1.215676069,1.017265201,0.9818964005,0.8615675569,0.5991844535,0.9948353767,1.800034761,1.32680881,0.9458782077,1.090443015,2.108605623,1.427162647,1.111920357,1.514601469,2.233268738,0.8659000397,0.3520817459,0.5483131409,0.5156354904,0.6335274577,0.283375591,0.493339628,thakana
0.1997765601,0.2357183099,0.3047685027,0.7314027548,0.6017808318,0.3174685538,0.3943753541,1.719274879,1.088503003,0.3288287222,0.5939034224,1.539818525,0.6858067513,0.4571891427,1.052070498,1.666410208,2.240787983,1.313214898,2.320290089,2.467876196,3.156553268,2.33630538,3.113763809,3.401539803,4.241275311,2.935674906,3.101497889,2.602476358,2.288103819,2.004850864,1.973397255,2.224568844,2.399738789,2.548342705,3.273522139,2.764205456,2.534320831,3.216924191,3.364569426,2.987127066,3.806723118,4.092392445,3.24559021,2.7204566,3.485087156,3.742277384,1.659581423,1.609880567,2.637179375,2.441030264,1.772052288,1.076952934,1.918473005,2.681873798,1.298806667,1.171170235,1.433638573,1.833958268,0.9576976299,0.9548641443,0.8811647296,2.027194977,1.667888522,1.504355073,1.542864919,1.650180697,1.46887815,0.9725556374,0.9867098927,1.022280097,1.09373343,0.6902333498,0.8317129612,0.7703670859,0.9365740418,0.9155470729,0.9560818672,0.889614284,1.301883459,1.295985699,1.163602591,1.324838877,1.065315127,0.9685345888,0.9578427076,1.447317481,1.376036286,1.268748164,1.043017387,1.146954298,1.802292109,1.574925065,1.106580138,0.6278471947,0.6073138118,0.659807384,0.2433362007,0.2174935639,0.3213989437,0.6412399411,thakana
0.2306194603,0.2636421919,0.4005572796,0.9779264331,0.8961504698,0.4108806551,0.4730816185,1.744677663,1.554142475,0.3644019067,0.3416493833,0.6614972353,0.6431614757,0.3163749576,0.6347637177,1.966252208,1.935540557,1.051582098,1.816664457,2.749079704,2.99412179,2.142658472,3.146508217,3.530862331,4.152631283,2.787273407,2.725654125,1.803958654,2.408744574,1.909969568,2.120504141,1.883023977,2.531312704,2.473633528,2.143805504,2.017613649,3.039477348,3.345763922,2.698295116,2.836246252,4.009913921,4.103191853,3.33716321,3.59167695,3.945044756,3.719278812,2.029437542,1.827021241,2.515847445,2.136423588,1.957428336,2.629071236,3.089966536,2.57205224,1.363269567,1.81486249,1.87764895,1.557888627,0.8185977936,1.188371301,1.55914247,1.47109127,1.133927703,1.045905828,1.532858372,1.489213824,0.9526846409,0.6896255612,0.9327890873,0.9834030271,0.8394402266,0.4160945714,0.8846206665,1.221214533,1.036337256,0.6181521416,1.104884505,1.423462629,1.052586794,0.9086577296,1.310318351,1.010861158,0.5120152235,1.17446053,0.9716359973,1.031859756,1.094154596,1.067055583,0.9793427587,1.356246591,1.760450721,1.892632604,1.928907514,1.249603033,0.7101551294,0.9015354514,0.7195925117,0.39406991,0.5454555154,0.7700012922,thakana
0.2341766059,0.1524221748,0.3218834996,0.906827569,0.5898588896,0.2779769003,0.3845358193,2.292448759,1.502357006,0.5322239399,0.5931952596,2.21944809,0.8132965565,1.122327447,1.155637622,2.16003561,2.21330905,1.421208024,2.408143282,3.070510149,3.121372461,2.390254021,3.455132246,3.762681961,4.059853077,3.328620195,3.204544544,2.386714458,2.199777603,2.362430573,2.308830976,1.606490374,2.267908335,2.805938721,3.309623957,1.775870919,2.457472324,3.424157381,3.65669322,2.155265093,3.854852915,4.267672539,3.583775997,2.111791849,3.460704803,3.828073502,2.535983324,1.228258848,2.394953012,2.543903589,2.366407156,1.216394305,2.565774202,2.808983564,2.08641386,0.7201790214,1.189002872,1.855631232,1.035165548,0.6329628825,0.7361410856,1.328217387,1.749267459,0.6361509562,0.7465829849,1.247018337,1.19908917,0.6296489835,0.4568661749,0.8424276114,0.8121587038,0.4120783806,0.6211535931,1.028793335,0.7694487572,0.3736982346,0.7792227864,1.409650326,1.13431263,0.7229372859,1.363424182,1.778141856,0.7290872931,0.8599560857,1.490458369,1.474053502,0.6282449961,1.054041505,1.326937914,1.142917156,1.217918396,1.567293406,1.606231093,0.6755033731,0.6930733323,0.9845100641,0.7656185627,0.3194351792,0.4079184234,0.6091968417,thakana
0.6439676881,0.5520839095,0.7134165168,1.047718763,1.722761154,0.8892244101,0.704577744,1.774444342,3.394630194,0.7669873834,0.7144510746,0.9676101804,1.004330993,0.9023436308,1.183290362,2.333431244,2.491173506,1.860691071,2.068055153,2.642847538,3.094120979,3.913161039,3.199336767,3.874330282,3.285142422,4.246408939,2.699131966,2.343988895,2.008313894,2.66553998,2.178151846,2.276375055,1.680908322,3.193444967,3.28421545,2.006783962,1.872075319,3.230758429,3.984507561,2.657795429,2.987859726,3.921488047,4.594349384,2.658804655,2.691294909,3.638278961,3.529470205,1.736508489,1.782077909,2.442191362,3.412938118,2.130540609,1.662467241,2.093784094,2.643680811,1.810459971,0.711479187,1.196733832,1.391795278,1.550728083,0.6608583331,1.008822918,1.735390902,1.820744991,0.9073542953,1.064336181,1.234963298,1.489375234,0.6896750331,1.007647634,1.006634116,0.9932405353,0.8033378124,1.304021358,1.089276075,1.165320277,0.83535707,1.746280074,1.404027581,1.244379163,1.052201986,2.009413719,0.5352424383,0.8148220181,0.9698469043,1.787766933,0.8063741922,0.9055143595,1.278008103,1.491485357,0.8002148271,1.205947876,1.815184236,1.45828259,0.6219527125,0.8312311769,0.8877795339,0.4658436775,0.2168681175,0.5198079348,thakana
0.7282229066,0.8381339312,0.7593232989,1.691347003,2.651715279,0.9858429432,1.012364984,2.341386795,3.680303097,1.276706576,1.205480933,1.672044635,1.753444314,1.269943357,2.065693378,2.25318408,2.750939369,2.897392035,2.732931376,2.894423723,2.865735054,4.498924255,3.188454866,2.785703659,2.71601367,3.627830744,2.760306358,1.053251266,1.198987007,2.136605263,2.064983368,1.224173069,1.325995803,2.878485918,3.000975609,1.6486063,1.419241786,2.881682634,3.438618898,3.102705002,2.510113716,3.566659212,4.495583057,3.947249889,2.611091375,3.325613737,3.775197268,3.258169413,1.851961017,2.216053009,3.213367701,3.317921638,2.651775837,1.740509152,2.246346474,2.405928373,1.904365897,1.343807936,0.994076252,1.976105928,1.660016418,1.052948475,1.362852693,1.828030825,2.028698444,1.274035096,0.8449736238,1.428856969,1.14841485,0.8635953665,0.5860162973,0.8067817092,1.159555554,1.17279458,0.7426718473,1.166932464,1.354266405,1.526189327,1.132863641,1.881401658,1.684016466,1.350981951,1.156337738,1.472150922,1.015015602,1.571162939,1.79099524,1.273240209,1.174590111,1.316560626,1.819515705,1.693203926,1.540654778,1.127843738,0.5210394859,0.7453805208,0.3248517513,0.4330538809,0.5286781192,0.6350461245,thakana
1.247009516,1.869164348,2.310306311,2.806515932,2.969627857,1.761828899,2.106926203,3.654148579,3.921368122,1.497613311,1.996384025,2.554506063,2.522739172,1.867023468,2.285161495,3.309047222,3.782331944,2.312612295,3.473177671,3.41459012,4.378507614,3.383404016,4.081053257,3.819583654,5.009843349,3.516063452,3.147104979,2.252115011,3.607473612,2.973082542,2.469663858,2.245816708,3.095155239,3.545301437,2.648329735,2.635632038,3.851306438,4.286595345,3.158839941,3.135081291,4.606087685,4.647901058,3.759618759,3.258736849,4.45125103,4.437665462,2.351310492,1.846928835,2.927381754,3.168417931,2.01767683,1.667689323,2.789398193,3.147345781,1.561270237,1.58608377,1.847305298,2.515727758,1.133154035,1.887543201,1.508593082,2.419392586,1.853781939,1.913866282,1.791436076,2.106959105,1.470534801,1.850363374,1.221145868,1.727983713,1.533987641,1.255633473,1.502537608,1.760496855,1.799864292,1.392186642,1.594062448,1.820153475,2.082191944,1.954370737,1.67254436,1.706679225,1.998955607,1.429322004,1.009127617,2.123901606,2.246032715,0.9605483413,0.9908828735,2.032258272,2.352432489,1.206742883,1.108690739,1.153256893,1.092488766,0.8258267641,0.3858991861,0.4118593633,0.6326570511,0.4034550488,thakana
1.483121634,2.247514486,2.10662818,3.523669004,2.563896656,2.275754452,2.121659517,4.519236088,2.765791178,1.917590141,2.627125263,3.388873339,1.669052839,1.87282455,3.562053204,3.488931656,1.919034123,2.344997883,3.506796122,3.378126383,2.436128616,3.460678816,4.865453243,4.211748123,2.665582657,2.618825197,4.44818449,2.821545601,2.452581406,3.454380751,3.769256592,2.50423193,2.533376694,3.764041185,3.701766253,2.679507256,3.185847521,4.110794544,3.944469213,2.556796074,3.990257502,4.089267254,4.050385952,2.830709696,3.416811705,3.353880882,2.784761667,2.492256165,2.544131756,2.160380125,2.121464014,2.057133913,2.194583893,2.270492792,1.551966429,1.73654449,1.660151958,2.031069994,1.516050935,2.069387436,1.778538704,1.72521162,1.700388312,1.572285175,1.906854153,1.323265195,1.317508459,1.191506982,1.239165187,1.316445827,1.311388731,1.19812572,1.693058252,1.445854545,1.741147757,1.618687272,1.962208629,1.989154458,2.203098774,2.325430632,2.606702805,1.912188888,1.757356048,2.199309349,2.211863279,1.084409475,0.7923811674,1.989552855,1.201295018,0.7559583783,0.7195203304,0.9433249235,0.4870363474,0.3430247605,0.2678334415,0.371227175,0.2482785136,0.1020800769,0.5836400986,0.5406955481,thakana
0.5122874975,0.5712183714,0.7846493721,1.814782262,1.07841897,1.03993845,1.123256564,3.065447807,1.205888271,0.5468792915,1.718280673,2.191080332,0.9741557837,1.291070223,3.025424719,2.550719738,1.051440597,1.536439538,2.947797298,1.930084109,1.499899507,3.72355032,3.453497648,2.607686043,2.015398502,2.296922684,2.882571936,1.562389851,1.604063988,2.437822819,1.82491684,1.112524629,1.587811828,2.297254801,1.812477589,1.615258336,2.880955696,2.34700489,2.061268568,2.255438089,3.315664291,2.691389084,2.523731947,2.493170977,2.386142969,2.005085945,1.429402232,2.095621824,1.486812711,0.9656477571,1.1256845,0.9325133562,0.8813074231,0.8363042474,0.9297534227,0.8715855479,0.7117551565,0.7950553894,0.7333145738,0.6407649517,0.5570765138,0.6806661487,1.125496149,0.6004182696,0.5921836495,0.4616510868,0.3369162083,0.317294091,0.2232004851,0.5203608274,0.2539634109,0.2763449252,0.455866009,0.5467017889,0.6175515652,0.5665495396,0.4679674804,0.4680907726,0.5740023851,0.8562467098,1.145463943,0.7610816956,0.8036202192,0.9141845703,0.5744802356,0.3640737832,0.302724421,0.3395203054,0.3339708149,0.3519877195,0.1677037328,0.5197976232,0.3086984456,0.3932681084,0.2871770859,0.427302599,0.2659004629,0.1412556171,0.3135070205,0.2991271019,thakana
0.6333585978,0.5497044921,0.849434793,1.726353288,2.269491434,1.578632712,1.364163995,2.19816184,3.234883308,1.316346049,1.293634534,1.403930664,1.140697002,1.177864194,2.563860416,2.579789639,2.765307188,2.262708426,1.793732882,2.320526123,3.686279774,3.865667105,2.822621346,3.689594746,4.498313427,3.910820961,1.864068151,2.169921637,2.767307281,3.000912428,1.727424502,2.594106197,3.248413563,3.485245228,1.781087875,2.452112675,2.846876621,3.958145857,2.474530935,3.186010361,3.506225348,3.879777431,3.196107864,2.561677217,2.701546907,3.318067551,2.262542009,2.179886818,1.912412763,1.978684425,2.337632418,1.107922435,1.595001578,1.375811577,1.620797038,1.006995678,1.281521201,1.400148511,1.586328626,1.266218066,1.288871646,1.350132108,1.682082891,1.036792159,0.8713539243,0.8195145726,0.8564593196,0.7751048803,0.7085902095,0.9739111066,0.3556424677,0.6662836671,1.066331506,1.110917211,1.362668872,1.067428946,1.672436714,1.620723724,1.705196619,1.726354361,1.637360215,1.618944883,1.554093838,1.374884605,1.232769608,1.136163235,0.675620079,1.263952017,1.024293303,0.4013101161,0.78828758,1.575298309,0.9565885067,0.7176074982,0.8819363117,1.145881653,0.7065572143,0.3422904909,0.7457560301,0.8868083358,thakana
1.177503705,1.715636849,1.519407153,3.196468592,2.550229788,2.100665569,1.914067268,4.384849548,2.820049047,1.811532974,1.921469331,3.279109478,1.787393689,1.574867368,3.100220442,3.765149593,2.391156197,1.977805138,2.731762409,3.650439739,2.73917222,3.161352396,4.049836636,4.598192692,3.006940603,2.132404327,3.669610739,2.923227072,2.58237958,2.056552172,2.94907999,2.753301382,2.441353559,2.080014467,3.349602222,2.798430204,2.256980896,2.65269208,3.722639322,3.250715733,2.835181236,3.097907066,4.297472,2.954007387,2.365585327,2.876008987,3.241456747,2.59841609,1.824290752,2.166715622,2.512261629,1.129528761,1.635143638,1.940537572,2.164066792,1.398998976,1.282114387,1.694027424,1.765115738,1.188871384,1.11987865,1.575964808,1.675518751,1.077349424,1.052767158,1.128604054,0.9530220628,0.9428974986,0.7985294461,0.9390422702,0.8414699435,0.9155759215,1.247015834,1.145083547,1.218611002,1.691957235,1.360678554,1.551415205,1.304354787,2.275738001,1.756585002,1.820215464,1.184132814,1.819803596,1.372574329,1.215715766,0.8471847773,0.95946908,1.273434281,0.9519459009,0.3576429486,0.5696213245,0.5874038339,0.6999278069,0.2106974125,0.3915569484,0.2825222313,0.2671276033,0.1847702116,0.1899610609,thakana
0.7965682149,0.8477051258,1.055683613,2.281942129,1.992378831,1.430559993,1.271119356,3.111433029,2.658138275,1.204676151,1.367708206,1.851169348,1.294260859,0.886254847,2.396242857,2.970476627,2.638823271,2.009564638,2.174706221,3.31862545,3.299932957,3.076549292,2.711255074,4.532111168,4.144114494,2.143688917,2.132856369,3.139422894,2.90926671,1.569224596,1.492679238,3.188037157,3.253471136,1.806957364,1.992647171,3.699118853,3.129616022,2.212834835,2.932480812,3.943084717,3.638707399,2.418931246,3.436291456,3.467849255,3.372693539,2.072887182,2.222802162,2.353913784,2.583244085,0.8484450579,1.611469984,1.570838571,2.270179272,0.8912634254,1.296471238,1.348351121,2.178962231,1.025629044,1.336005449,1.321490049,2.132265091,0.8884405494,1.411460042,1.23074317,1.929655075,0.7037155628,0.7746734619,0.6032671928,0.8339065313,0.8155676723,0.840277791,0.6788015962,0.9813041091,1.33829248,1.229501247,1.237151742,1.057394505,1.643117905,1.836351871,1.6537112,1.448384404,1.377732635,2.002509832,1.17759788,0.5886756182,0.6259586811,1.219707727,0.3990901411,0.7977884412,0.4401957095,0.5239172578,0.3111252487,0.7835978866,0.7007545829,0.4705625474,0.5829268098,0.6696737409,0.2991464734,0.2768430412,0.2796337903,thakana
0.2922453582,0.3702233136,0.3674083352,0.9815645814,1.304317951,0.8432248831,0.6662663221,1.352280259,1.364106297,0.7489580512,0.6996768713,0.689063251,0.3581591249,0.424616307,1.468472958,1.85365808,1.629989028,0.7477846146,1.168571353,2.120136738,2.247292519,1.957071185,1.879214764,3.548781872,3.27129364,1.643762231,1.145392418,2.363415241,2.440091848,1.526988268,1.053000927,2.640799761,2.850673199,1.577494502,1.144668341,2.513195276,2.392489672,1.903421044,1.84444797,3.301480055,3.169620514,2.158793688,2.530738115,2.618531227,1.899733424,1.529658675,1.443127394,1.868412018,1.362737417,0.7259073257,0.9774212241,1.064345241,0.8107118011,0.8904178143,0.7587141991,0.8746632934,1.003306627,0.9467210174,0.5350227952,1.021559596,0.8666576147,1.068498731,0.613345325,0.7977437973,0.8605694175,0.7813412547,0.3595291376,0.6088981628,0.4166798592,1.000993967,0.4692275822,0.5899192095,0.6979059577,1.074711204,1.163685441,0.8144599199,1.023511291,1.448849559,1.462700844,1.319137216,1.597647071,1.215040922,1.176303387,1.38081634,0.8688105941,0.5286544561,0.4667451978,0.5728936195,0.2541340888,0.185298875,0.2007264644,0.1317832619,0.08806729317,0.1948266774,0.2494935691,0.07971369475,0.07023379952,0.1037700027,0.1940390021,0.06884654611,thakana
0.2962859273,0.4128792286,0.448533088,1.039877892,1.395896435,0.7029214501,0.7334061861,1.59130013,1.773802519,0.6292005777,0.4516020715,0.9778118134,0.7890648842,0.5714125633,1.803742886,2.161765099,2.47172451,1.556990027,1.535407305,2.414870024,3.345809698,2.810140848,2.113741398,3.666164637,4.055584431,1.780919909,1.218906999,2.205199242,2.368507862,1.283215523,0.889705956,2.626026154,3.138843536,1.540077686,1.569840312,2.883414984,3.254934788,2.410734415,2.265969753,3.56282115,4.168408871,3.028629541,2.610249996,2.847971916,3.18282938,2.14762187,1.304887891,1.717345953,2.259941578,1.229588747,0.9281105399,1.089847684,1.829324365,1.388953686,0.635340333,0.7413333654,1.592781186,1.115381479,0.5147514343,0.7934464812,1.125713825,1.140418172,0.7480425239,0.7797768712,0.9858199954,0.7387103438,0.3630265296,0.3901533782,0.3077330291,0.4977034926,0.3386039734,0.6277317405,0.6029666662,0.6264801025,0.870400846,0.8202937841,0.6569826007,1.117678761,1.206249595,1.360355616,1.400632977,1.099922538,1.38766551,0.923633635,0.4173249602,0.5269127488,0.6208151579,0.3810379207,0.3672085106,0.7627577186,0.3661957681,0.3171463311,0.4876661301,1.519153476,0.7372350097,0.3045042455,0.2164852023,0.4613474607,0.4353871346,0.2997968495,thakana
1.601077914,2.37607789,2.434412718,3.942321062,3.379689693,2.518568993,2.209012032,4.477378845,4.239221096,2.0016644,2.272162914,3.455352068,2.549715996,1.880473733,3.710576773,3.908461094,3.72978878,2.605704069,2.750895977,3.843606472,4.166426659,3.964026928,3.143039227,4.500798225,5.085362911,3.44398427,2.725393057,3.609339237,3.457336426,2.811453581,2.031867266,3.071781635,3.849284649,3.309193134,3.403058767,3.868350267,3.78548646,3.985393047,3.512917757,3.567297697,4.486569881,4.154985428,3.973473549,3.454022884,3.569680691,3.11370492,2.699839592,2.600378752,3.273144245,2.105437517,2.508015633,1.638240218,2.221521378,2.082011461,1.532689095,1.774111509,2.435136318,2.045880318,1.58132875,1.658732533,2.020297527,1.982612848,1.683633924,1.308346748,1.769599319,1.3580302,1.34426713,1.202347517,0.998437345,1.313304901,1.029709578,1.015988111,1.257616043,1.490612388,1.551081896,1.411190152,1.51736629,2.106448174,1.89625895,1.959828734,1.928685546,2.287270308,2.539996624,1.895736098,1.381428003,1.997867942,1.390371323,0.83159554,1.247282982,1.40128696,1.066709638,0.7831032872,0.8281359673,1.269237518,0.8313128948,0.6490784287,0.5975006819,0.6658197641,1.081087112,0.4889162779,thakana
0.8406643867,1.02989161,1.233358145,2.519837141,1.858121634,1.291946888,1.343977094,3.61615777,2.778770447,1.230400681,1.267907619,2.079330444,1.326731682,1.099215746,2.541578293,3.024223804,2.465535641,1.749468446,2.121454,3.156676292,3.119621277,3.074717522,3.342250347,4.628600121,3.516437292,2.159328938,2.478820086,2.816534996,2.275312662,1.96099174,1.910654068,3.251229286,2.413028717,1.990591764,2.494306564,3.319859028,2.582170486,2.73023653,2.859987497,3.99552536,2.927770138,2.996754169,3.551520586,3.762416363,2.20403409,2.191064596,1.975128055,2.709391117,1.570939302,1.047989011,1.468318582,1.653911114,1.165522099,0.9503980875,1.013457775,1.641513467,1.008507133,0.8828991055,0.9781786799,1.764481068,0.8405752182,0.8193476796,1.139575124,1.342104316,0.8637663722,0.581412673,0.4578731954,1.050043702,0.5297628045,0.5941188335,0.4491601288,0.8362640738,0.8970495462,0.6858863831,1.017505288,1.365969658,1.111911774,1.126395583,1.438085556,1.948901653,1.508401275,1.480057836,1.512051225,1.841249704,0.8748846054,0.6232919097,0.5774915814,0.915196538,0.3110682368,0.3034884036,0.393542707,0.6913656592,0.2922411263,0.5172775388,0.6479591727,0.6480534673,0.1897311509,0.3004073203,0.6169493198,0.3619081974,thakana
1.483121634,2.247514486,2.10662818,3.523669004,2.563896656,2.275754452,2.121659517,4.519236088,2.765791178,1.917590141,2.627125263,3.388873339,1.669052839,1.87282455,3.562053204,3.488931656,1.919034123,2.344997883,3.506796122,3.378126383,2.436128616,3.460678816,4.865453243,4.211748123,2.665582657,2.618825197,4.44818449,2.821545601,2.452581406,3.454380751,3.769256592,2.50423193,2.533376694,3.764041185,3.701766253,2.679507256,3.185847521,4.110794544,3.944469213,2.556796074,3.990257502,4.089267254,4.050385952,2.830709696,3.416811705,3.353880882,2.784761667,2.492256165,2.544131756,2.160380125,2.121464014,2.057133913,2.194583893,2.270492792,1.551966429,1.73654449,1.660151958,2.031069994,1.516050935,2.069387436,1.778538704,1.72521162,1.700388312,1.572285175,1.906854153,1.323265195,1.317508459,1.191506982,1.239165187,1.316445827,1.311388731,1.19812572,1.693058252,1.445854545,1.741147757,1.618687272,1.962208629,1.989154458,2.203098774,2.325430632,2.606702805,1.912188888,1.757356048,2.199309349,2.211863279,1.084409475,0.7923811674,1.989552855,1.201295018,0.7559583783,0.7195203304,0.9433249235,0.4870363474,0.3430247605,0.2678334415,0.371227175,0.2482785136,0.1020800769,0.5836400986,0.5406955481,thakana
0.9060758352,0.7237064242,0.8769999146,2.284833908,2.29682827,1.445207715,1.505501151,2.978245735,2.91345048,1.549177766,1.390240669,2.194760799,1.463156939,1.084670067,2.052658081,2.454805851,2.640050411,1.472539783,2.548712969,2.266121864,3.007255077,2.55077219,3.456551075,3.259778261,4.260575294,3.327590704,3.37375164,2.35444808,2.303678036,2.508339167,1.36260426,1.686893821,2.58452034,3.104189634,2.497753143,1.807186007,3.028574944,2.94596076,2.243293047,2.125253916,3.296536684,3.0014925,2.601147652,2.712760448,4.078908443,2.38885951,2.305235147,2.278378963,2.343887568,1.717631459,1.227001548,1.572391748,1.777611732,1.417193651,1.181580305,1.603170991,1.520796537,1.245378852,1.241685152,1.492900252,1.218638301,1.10547924,1.398896337,1.399212003,1.154047489,1.078067541,1.10536778,0.9013733864,1.050886869,0.8926849365,1.302283883,0.8376243114,1.268749952,1.266822815,1.543576121,0.9139533043,1.408807755,1.094262958,1.40143466,0.9752411246,1.101384282,1.429283977,1.126267314,1.099811554,0.7963920236,0.8275891542,0.4133813381,0.2861167192,1.056522012,0.8739343286,0.7794095874,0.733648181,1.229246378,1.484053254,1.097691536,1.002865195,1.256475329,0.9481830597,1.012508512,0.7062116861,thakana
0.7177551389,0.7369222641,0.8859030604,2.334365606,2.832591057,1.551024556,1.372745156,2.802992821,3.504345179,1.589900494,1.408501387,2.26143837,1.717294812,1.071185112,1.920862079,2.719573736,2.814382315,2.15750885,2.98043704,2.457899094,3.617701769,3.153972864,3.89042449,3.37563014,4.462244987,4.043812275,4.056164742,2.332439423,2.35179472,3.065739155,1.981894374,2.180163383,3.099097013,3.925236464,3.034412861,2.195897818,3.052874088,3.755887032,3.036972284,2.573952198,3.749647617,4.247875214,3.572448254,2.913130522,3.805199385,3.590580702,2.339579105,2.058180571,2.94365716,2.756700039,1.661007881,1.903060675,2.04229188,2.335115433,1.738137603,1.857154727,2.414907932,2.167028904,1.579226136,1.859432459,1.759436846,2.050102472,1.788069606,1.897517443,1.783821225,1.870279431,1.381713152,1.411843419,1.538972259,1.332252026,1.333666086,1.549037576,1.808823824,1.623666763,1.558233619,2.014456749,1.819297314,1.47535646,1.70462358,1.680810094,1.307257891,1.465037584,1.560329795,1.156605721,0.5633029938,0.8955432177,0.5169309378,0.3549284637,1.020739913,1.357198,1.529241562,0.9646836519,1.433457375,1.713227868,1.780503511,1.052708268,1.614950418,1.464843035,1.704368949,0.9063882232,thakana
0.9313461781,1.152537465,1.335941315,2.843208551,2.756182194,1.284271121,1.723585844,3.858707905,3.538803101,1.403425932,2.157390833,2.525383949,1.860907435,1.149941206,1.995103955,2.247685194,2.801674128,2.578836679,2.824215889,2.177536964,3.518037081,3.692324877,2.848564148,3.239037752,4.648490906,3.851062536,2.642204285,1.931095004,2.954174995,2.685715914,1.123689413,1.955687642,3.565063,3.045032024,2.11704874,2.507773876,3.74149704,3.354521751,2.150670767,3.4464221,3.750537634,3.906121254,2.754416704,3.346107721,3.543225765,3.578851461,1.981346726,2.226027727,2.501239777,2.195667982,1.207794785,1.175321579,1.458168983,2.209390879,1.351258039,1.191435575,1.957590103,1.761673808,1.067989588,0.9230762124,1.226222277,1.922096968,1.114664912,0.9659456611,1.588455319,1.588485956,0.8260889053,0.6220635176,0.6853880286,1.078912616,0.8131455183,0.5347647071,1.111459374,1.413547516,1.013526201,0.7303583622,1.263271451,1.437237024,0.9370459914,0.8545836806,1.133031726,1.226617575,1.271938324,0.8556770682,0.745600462,0.6927332878,0.7906296253,0.3717131019,1.316533685,1.201390982,1.65168798,1.005021334,0.983764112,1.657827377,1.704461813,1.031010032,1.319923401,1.017801285,1.619603872,1.070217371,thakana
1.148380637,1.410617828,1.484246492,3.161087275,3.001292467,1.916142821,1.83338964,4.087472916,3.564073086,1.809600353,2.535078764,3.061775923,2.067275763,1.181394339,3.23579073,3.270901442,2.979334593,2.749661207,3.648768425,2.6118927,3.726334333,3.818328381,3.880018473,3.594247341,4.807490349,4.253320694,3.41333127,2.348427534,2.724452734,3.392783165,1.686605096,2.485210657,3.508727074,3.818031311,1.954536438,2.584341288,3.969661236,3.893734932,2.597714663,3.396149158,4.194058418,4.522171021,3.38660717,3.637038231,4.255464554,3.089935541,2.548488855,2.628296614,2.888730049,2.574346781,1.605211616,2.104003668,2.124816656,2.063459158,1.84958601,1.70430088,2.298983335,1.629781485,1.17340517,1.52693367,1.638980508,1.628660083,1.563977122,1.599703074,1.871400118,1.314683676,0.8497110605,0.7862249017,0.968855381,0.7264964581,0.8675584197,0.7670240402,1.093178272,0.9125268459,0.9075807929,1.147238374,1.04497838,0.8962316513,1.054156661,1.026545048,0.8843969107,1.156028271,0.7253237367,0.7241207361,0.6842111945,0.6670383215,0.3593341112,0.4054557085,1.159176707,0.9024294615,1.081912875,0.9618434906,1.286828756,0.945774734,1.334491491,1.324262977,1.283724546,0.92570436,1.06396389,0.7494269013,thakana
0.7071782351,1.046571612,1.164321184,2.375839472,3.089971781,1.931527257,1.403553367,2.588408709,3.672620535,1.916232347,1.743516207,2.059445143,1.847401857,1.318822742,1.82383132,2.458318949,3.126527548,3.079204321,3.042914629,2.529218435,3.616079807,4.165608406,3.802136898,3.376256943,3.736571789,4.238895416,3.578897715,2.506735802,2.156920671,2.916814566,1.744241357,2.256839514,2.986958027,3.87784481,2.992994547,2.637918711,3.640255213,3.217943668,3.050749302,3.078337193,3.709105492,3.928299665,3.729382753,3.88614893,3.87019372,3.948043346,3.563571215,3.116802454,2.180373669,2.514742374,2.146471739,2.663806915,2.101558447,2.375209332,2.436964989,1.952129126,1.997349858,1.986502409,2.01646471,1.964500785,1.768636227,1.919528723,1.899909973,1.760305166,1.473213434,1.471216321,1.456774831,1.073731661,0.9739028215,1.067817926,1.178059578,1.255423069,1.273252249,1.612458587,1.458021998,1.352068067,1.214119554,1.464481831,1.594633698,1.338989496,1.312982678,1.463429093,1.103118777,0.9135708809,0.9098831415,0.5553221107,0.4132994413,0.3488746583,1.083431005,0.9730853438,1.047516227,1.063929677,1.338525891,1.432467461,1.706278205,1.379079103,2.269362211,1.718590856,1.781929374,1.231269121,thakana
0.6309474707,0.7986449003,0.896366775,2.085726976,2.293396711,0.941173315,1.311331034,3.086292744,3.279361486,1.261102676,1.821275234,1.742626786,1.493193507,0.5704663992,2.123993874,1.640837312,2.644140244,2.329182386,2.492608786,1.928340673,3.495230675,3.735604763,2.875962257,2.625904322,3.604250431,3.97482872,2.824906826,1.500086427,2.435992718,2.354046345,0.9157194495,1.835660577,3.163008451,3.191496134,2.118211985,2.899883509,3.003899097,3.017778158,2.676506042,3.174070597,3.002878666,3.794270754,3.714296579,3.102075815,3.553152323,3.873425007,3.236147881,2.16967392,2.16234684,2.129940987,2.148774862,1.560040236,1.852300644,2.127168655,2.121450663,1.437654614,1.593120933,1.440190554,1.816220403,1.468600631,1.21961236,1.54945159,1.715708613,1.318050742,1.146555901,0.9907990694,0.9355546236,0.7001131177,0.63459903,0.6416220665,0.7333233953,0.6682457924,0.7397232652,0.9597762227,0.8406270146,0.9195333123,0.964481473,1.052390218,0.8238470554,0.877174437,0.8647447228,0.9478120804,0.7531086802,0.471891284,0.2864459157,0.2170645446,0.2503426075,0.1423555762,0.4372718036,0.6604022384,0.6575900316,0.883028686,1.211871862,1.192065358,1.19461596,1.45872438,1.643334508,1.135317564,1.038858294,0.7912656069,thakana
1.039344072,0.9190338254,1.246557236,2.762006521,2.807935476,1.614100814,1.647900224,3.494001627,3.375872374,1.45407331,2.303369761,2.354691029,1.724574089,0.7757286429,2.578429222,2.283033133,2.874533892,2.73884058,3.612665176,2.932470083,3.933040142,3.97941494,3.458840609,3.240810633,4.81837368,4.143291473,3.200845003,2.164228916,3.161257267,3.090635061,1.613431096,2.13314271,3.848755836,3.537751198,2.548162937,2.560991287,4.162419796,3.826789856,2.510845423,3.541291952,4.178240299,4.417844772,2.739622831,3.624449015,4.246494293,3.58048296,2.378882408,2.692401648,2.745548964,2.749825954,1.524537683,2.016649961,2.224649191,2.608395815,1.820516706,1.41682899,2.156832695,2.276171446,1.442924261,1.299724817,1.266109943,1.859195113,1.535877109,1.109140038,1.153961539,1.54544282,0.9481270313,0.7975707054,0.7902249098,1.149622202,1.090592861,1.050165772,0.9844469428,1.529572368,1.039463758,1.287085891,1.356982112,1.602147818,1.187044144,1.275090814,1.216028929,1.654506326,0.9269871712,1.102176547,0.6377580762,0.4246569872,0.3147185743,0.3956662118,0.6765841246,0.6226639748,1.178961635,0.6208406687,0.8188250065,1.151204348,1.3774122,0.5487442017,0.6089363694,1.119025588,1.117729783,0.5643329024,thakana
0.6158414483,0.9327594638,1.300874114,2.498414516,3.06221199,1.596831679,1.496771216,3.153810263,3.816456318,1.617574692,1.672076225,2.172515392,1.742643952,0.9936882854,2.216244221,2.578502417,2.874984264,2.663641214,3.195924044,2.786873102,3.673767567,3.711154461,4.364152908,3.748069048,4.416425705,4.251024723,4.267687798,2.410202742,2.493807554,3.471306562,2.380781412,2.571833134,2.929793596,4.063591957,3.086650133,2.438907862,3.251348495,4.289158344,3.258182526,2.964456558,3.861673832,4.655619144,3.531383753,3.242967606,3.745780945,3.962431431,2.826213837,2.235139132,2.731340408,2.795831442,1.921726704,1.956043959,2.054994822,2.433942318,2.230068684,1.786477327,2.442342758,1.960751295,1.890471101,1.813679457,1.899613261,1.860119939,2.03384757,2.033864737,1.875425696,1.453482509,1.4324646,1.588868141,1.488665223,1.119122267,1.518923283,1.829305649,1.90648365,1.640825987,1.76576674,2.078476191,1.897861123,1.683708787,1.626968741,2.033054829,1.506587505,1.659309506,1.687652707,1.664662361,0.8740133643,0.71561414,0.9102201462,0.3080712557,1.066251159,1.281178117,1.246348739,0.8419390917,1.499962687,1.539861441,1.53791666,1.573218465,1.557042599,1.421308994,1.387542248,1.252582073,thakana
0.958514452,1.228075624,1.379243255,2.894987106,3.099707842,1.871793389,1.776019454,3.653150558,3.863498449,1.806450129,2.226932287,2.571259737,1.989616394,1.031026721,2.544987917,3.061496019,3.36444068,2.905525446,3.484135389,3.02358222,4.063162804,4.071031094,4.251982689,3.987050056,5.051142216,4.536393642,4.133149147,2.557776451,3.225231409,3.562761068,2.144208908,2.640789509,3.477547407,4.062236786,3.090155363,2.787052393,4.030373573,4.288265705,3.341000557,3.346851587,4.228636742,4.742190838,3.716890812,3.388183117,4.604765892,4.038843155,2.877156019,2.606134415,2.492201328,2.750338316,2.106875658,2.108144999,2.426954746,2.537045002,2.173392057,1.862934709,2.450893641,2.315885067,1.984634519,1.87129128,1.743539214,1.994454026,2.069569588,1.62795341,1.760433793,1.82978487,1.342268705,1.277485609,1.111545682,1.223284602,1.239037275,1.473417401,1.288890243,1.465992451,1.368786931,1.764093399,1.50507164,1.512780666,1.318153143,1.821990013,1.422785759,1.789498091,1.372331142,1.506239295,0.8956979513,0.7724853158,0.5280472636,0.3747614622,1.264843702,1.214345455,1.067951441,1.226423144,1.22073257,1.502909064,1.483499169,1.348298311,1.436511397,1.201173306,1.407161355,1.189449549,thakana
1.37711072,1.28827107,1.856968999,3.494334221,3.292545557,2.22083354,2.23160243,4.648572922,3.445541859,2.285546303,2.705093861,3.248849869,2.046610355,1.260496736,3.070811987,3.862510443,3.253375053,2.81617403,3.465760469,3.643398523,3.878421068,3.9449687,4.448433399,4.855901241,4.886800766,4.109090328,4.187596798,3.090219975,3.348994017,3.42974925,2.571383476,3.549608469,4.118123531,3.724728584,3.307857275,3.159519911,4.378763199,3.994077206,3.69238615,3.817786455,4.343555927,4.177468777,3.725135326,4.155461311,4.4758811,2.88098979,3.356974602,4.019065857,3.251331568,2.209729195,1.771063089,2.891635418,2.973242521,2.101511478,2.500156164,2.347965002,2.746565819,1.755870342,2.050793409,2.276221752,2.480536461,1.968223929,2.109568119,2.026294231,2.183471918,1.788702607,1.507952452,1.380965233,1.511887908,1.533510685,1.345503449,1.615077138,1.817885876,1.815797567,1.386558652,1.828841686,1.832728624,1.859389186,1.643500566,1.802930832,1.814333081,1.97375071,1.583932877,1.521029234,1.27254045,0.7745451331,0.8332749605,0.6876215339,1.534340739,1.498998404,1.444530249,1.560539842,2.225373507,2.143109322,1.908431053,2.042673588,2.620214224,2.321857691,1.860901952,1.814614654,thakana
0.8948255777,1.268322229,1.369916558,1.749992967,3.358529329,1.8719244,1.421937704,2.372650862,3.759941339,2.689787865,1.368902445,1.977131844,1.572556853,1.772018194,1.943663597,2.890282154,2.231118679,3.278431177,2.735794544,2.528007984,2.514966726,3.664004326,4.047777176,4.044019699,3.626207352,2.975525379,3.470367193,3.222231388,2.256654978,1.878217578,1.911276817,2.973710775,2.248607635,2.040787458,1.605685472,2.669547081,2.844075918,2.250349283,2.052592278,3.686818361,3.880935669,3.040984631,3.335853338,3.575978279,3.715191603,3.75639081,1.784331799,2.188146591,1.737576127,1.820784688,1.259321809,1.265207767,1.802780747,1.908001423,2.171850681,1.518995881,1.290760159,1.538611531,1.896958351,1.791456461,1.22684586,1.665644765,1.956053972,1.806524277,1.380797267,1.054447293,1.327666044,1.805876732,1.320370078,1.321925044,1.177715898,2.05614233,1.343052864,1.625368834,1.456939578,1.854628205,1.422192216,1.21851635,1.621941447,1.787950993,1.249998331,0.7714579701,1.458459973,1.405672908,0.7131339312,1.092644453,1.130437136,0.9566764832,0.7048044801,0.6925241351,0.7242260575,0.6127886176,1.037476063,0.8155142069,1.045543671,0.4163498878,0.270929873,0.5553181171,0.6183345318,0.7156643271,thakana
0.8304144144,0.987883389,1.055861473,1.063839436,2.845862865,1.160040021,0.8056585789,1.825706363,3.721175194,1.932090044,0.9297012091,1.181580424,1.370640993,1.937498093,1.842477918,2.23889637,2.154351711,3.794854879,2.259935141,1.704620957,2.253940821,4.092556,4.169066429,3.193403721,3.617747545,3.260569334,4.088784218,2.513725758,2.391243935,2.118752718,3.307199955,2.587467194,2.377616644,1.893841267,2.489382744,2.957938671,2.377046108,2.179922104,2.408619404,3.874750137,3.809944868,2.982190847,3.36219573,4.135842323,3.583230019,2.254597187,1.328312516,1.539334059,2.438228607,1.734089017,0.585996449,1.329157472,2.136017323,1.773547888,0.8807361126,0.9727025032,1.935443521,2.043740749,1.356792092,1.228277087,1.550458908,1.928956985,1.798366785,1.117794633,1.272656322,1.649064779,1.456376076,1.086701751,1.296213269,1.226621866,1.004326463,0.9377872944,1.223319173,1.48642695,0.7143748403,0.8318627477,1.070069313,1.418730378,1.011175513,0.8119165897,0.9030888081,0.7974558473,0.5896884203,1.075368285,0.8513231277,0.5934067965,0.7345141768,1.303548932,0.8651014566,0.7056859732,0.4335686266,1.275283813,1.050984502,0.8582149744,0.2997956276,0.4050433934,0.5104802251,0.7792781591,0.2826331258,0.4593390822,thakana
0.4795241952,0.5847738981,0.4475070238,0.6905153394,2.350309372,0.6954035163,0.4238350689,1.011227489,2.86128664,1.884876132,0.5642103553,0.7307440639,0.850053668,1.412207127,1.428775787,1.88260591,2.000000238,3.350874662,2.291522741,1.541091442,2.168447733,3.343434334,3.87235117,3.085103035,3.906933069,2.803795099,3.833592415,2.833629131,2.316426039,1.567749381,2.150415182,2.94250226,2.733206272,1.915319204,1.772810578,2.848755121,2.735994339,2.13307023,2.167971611,3.246194839,4.106784344,2.925498962,2.959320068,2.886739731,3.836134434,2.546799183,1.282839298,1.338798404,1.786147952,2.109215021,0.5932446718,0.7826751471,1.667298794,2.144645691,1.610038757,0.7879552245,1.297298312,1.573215604,1.988567591,1.090916157,1.094988465,1.524862647,2.044218063,1.300454259,1.305001736,1.050293803,1.312824607,1.69357872,1.156310558,1.213347077,1.293901086,1.216510773,1.292165875,1.383863926,0.960342288,1.173674345,1.049007177,1.226804376,1.023010731,0.9852835536,1.467460752,1.516913652,0.796374917,0.7797217965,1.187426567,1.739058256,0.9882320762,0.7297333479,1.055475473,1.190883398,0.7719228864,0.6397508979,0.9500460029,1.110295296,1.289140224,0.3417258561,0.3928980529,0.8061999083,0.9724491835,0.4819194078,thakana
0.6708001494,0.7077955604,0.6362333298,0.750618279,2.759999037,1.022643924,0.6638506055,1.136892796,2.809119701,2.652894735,0.6675816774,0.8121334314,0.7524110675,1.307334185,1.048604131,2.193198442,1.633669615,2.465662956,3.540601015,1.637678742,2.078459978,2.81847477,3.984601736,4.210124016,3.494125366,2.462222338,2.702336311,3.078464508,2.204068661,1.42986393,1.838004708,2.823126554,3.293104887,1.854636431,1.471994162,2.163051128,3.476988077,3.181243181,2.067698717,3.370308161,3.631685257,4.425289154,2.855821133,2.197915077,2.750007153,3.243849039,2.299959898,0.952875495,1.062342525,1.424682617,2.078375101,0.8459757566,1.009181738,1.376238585,2.025851011,2.037461519,0.9485859871,0.9760501981,1.321097016,2.418375254,1.506340981,1.044433713,1.431295991,1.721720457,2.057215691,0.864323318,0.9950186014,1.125645638,1.437949061,1.205091476,0.8931220174,1.134664536,1.555428624,1.05591929,1.051323533,1.072093368,1.227797747,1.093016505,1.109678984,1.144028068,1.534901619,1.069988728,1.224655509,1.38387394,0.7884016633,1.06354785,1.126798511,2.036538601,1.036433578,0.9356492758,0.8603873253,1.316474438,1.519625664,0.8655641675,0.8207015395,0.5403497815,0.9454473853,0.7899925113,0.6573612094,0.8911677003,thakana
0.4792132974,0.7036440372,0.7507112622,0.910101831,2.32855463,0.7505244017,0.7052326202,1.159099221,3.00366807,2.018472195,0.6301922202,0.8817261457,0.8835356236,1.508414865,1.427398324,2.139052391,1.695489883,3.219349861,2.576666117,1.785017848,2.021205187,3.303775072,3.914345741,3.739716768,3.385282993,2.871896267,3.436150551,2.829742908,1.801404834,1.853400111,2.109564304,2.72716856,2.154469728,1.780961633,1.862021565,2.647627354,2.465679646,2.185161352,2.386131525,3.610515356,3.865903854,3.010968924,3.468606949,3.259623766,3.709211588,3.071971893,1.567340851,1.620597243,1.326871395,1.798545837,1.063713551,0.8670971394,1.843654752,1.97172606,1.763986945,0.8432914019,0.998079896,1.496941805,1.958601952,1.42526412,0.996873796,1.75254488,1.928347826,1.590890765,1.014064193,0.8660308123,1.186774015,1.513750434,1.076070666,0.7393035293,1.004692674,0.6981511116,1.300008535,0.8102032542,1.022232056,0.8012284636,1.052267551,1.042469263,0.8507267237,1.03798151,1.081487298,1.012462139,1.035246015,0.8743996024,0.5475051403,0.8857366443,0.8020163178,0.6518862247,0.6977655292,0.6333263516,0.6287382245,0.4139828384,0.7554809451,0.9717794657,1.041591763,0.2922031581,0.380664438,0.5949656367,0.6251676679,0.644382596,thakana
0.5184705853,0.6436135769,0.8909389973,0.9840509892,2.691349983,0.8253941536,0.6874522567,1.423668385,3.246830463,2.320004225,1.022859812,1.088112116,1.118158817,1.679790378,1.725754023,2.314900875,1.772019506,3.146903515,2.97183466,2.093698263,2.119091749,3.015545368,4.159223557,3.762573719,3.233330727,2.699888229,3.698147774,3.196528196,1.812875032,1.66826725,2.008165598,3.335299253,2.197902441,1.651064038,1.866042495,2.956042528,3.180776358,2.260791063,2.146591425,3.611364365,4.488610268,3.388593197,3.247997761,3.176740646,3.890569687,3.65702343,1.652088881,1.64373529,1.71342814,2.297508478,1.17348361,0.9872047901,1.686088562,2.083034754,2.305766344,1.037449241,0.6343404055,1.421003103,2.391038656,1.590553045,0.7847143412,1.513319373,1.719377518,1.912542939,0.9182624221,0.9317016602,1.308846831,2.008955002,0.9817827344,1.013518572,1.201185465,1.220121026,1.10849452,0.9785050154,1.266993761,1.409679413,1.1179111,0.8874893188,1.149889827,1.356120229,1.013259888,0.7406510115,1.08759582,1.062475681,0.7097371817,1.547730923,0.9171253443,0.7298714519,0.6998305321,0.9960868359,1.037622094,0.5809537172,0.8682561517,1.04896462,1.770041227,0.6368904114,0.5674930215,0.5877823234,1.063255548,1.471043944,thakana
0.3649025857,0.5776017904,0.493347168,1.008315563,2.688995838,1.085529804,0.6598068476,1.501690388,2.957174778,2.466640472,0.6923452616,1.237461805,0.9550264478,1.560893416,1.577620149,2.32589817,1.76590538,2.683049202,3.508564472,2.098157167,2.154629469,2.59577632,4.096533775,4.116685867,3.281512499,2.44832778,2.519252539,3.002382755,1.997820377,1.643086433,1.649704456,3.052590609,2.921234131,1.806261182,1.814863205,2.504631281,3.521476269,2.543964148,2.409885406,3.646950245,4.141907692,4.176668644,3.178750753,3.07816577,2.858524799,3.766525269,2.046322584,1.650780559,1.447860122,1.790976644,2.475440979,0.7683708668,1.519286871,1.585214376,2.330424309,1.751848578,0.8643397093,1.386176705,1.875218749,2.817261696,1.120603204,1.390234351,1.61514771,2.000502586,1.762056589,0.8615521193,1.329308152,1.517686367,1.742446423,1.055683613,1.121942043,1.150813103,1.466661572,0.8410490751,1.072399616,1.160526872,1.199343562,1.021619439,1.099730849,1.211376786,0.9437563419,0.8378390074,1.329261661,0.9974786639,0.5524194837,1.109289527,1.663675189,1.264740229,0.6750823259,0.7055885792,0.9363293052,1.51271522,0.8471315503,0.8590221405,0.943687439,0.9639317989,0.6948292851,0.399957478,0.4907677472,0.7184301019,thakana
1.1698035,1.771486282,1.486005068,2.528217077,3.617371321,1.889276505,1.766129732,3.22187233,4.338357925,2.462122917,1.637327313,2.559254885,1.886203408,2.294543505,2.002033949,3.269999981,2.660490751,4.00151968,2.818015099,3.142827272,2.82826829,4.255821228,4.549614429,4.470740795,3.849302053,3.426916599,4.394623756,3.548590183,2.69999814,2.282022953,3.10740757,3.414355993,2.51486516,2.362474442,2.985070467,3.449767113,3.028403759,2.540549517,2.808964968,4.266560555,4.301910877,3.31859231,3.774916649,4.339242458,4.286242962,3.203202009,1.927234054,2.451489449,2.221735001,2.145512819,1.081680298,1.508157253,2.67956996,2.391967058,1.813325405,1.827723145,1.841909409,2.128037214,2.066011906,2.202532768,1.851503134,2.601979733,2.412402153,1.923393488,1.67435813,1.767904162,2.126924276,2.117930889,1.451411843,1.767032385,1.818322539,1.932333469,1.608254075,1.687921166,1.438618541,2.070165157,1.412849307,1.630058646,1.474380612,2.11188674,1.509421825,1.130701065,1.472888827,2.325982094,1.514000058,1.925328374,1.492345452,1.809581995,1.70550561,1.352245808,1.162841678,1.262608409,1.597571731,1.165784597,1.250607371,0.6581054926,0.7749968767,1.138450503,0.7858532071,1.008158684,thakana
0.8601893783,1.66816783,1.158608317,1.989596009,3.090301037,1.240498185,1.295475364,2.790333748,3.983822823,1.752710223,1.606706977,2.403776646,1.900619864,1.95521605,1.795152307,2.886957169,2.627013206,3.930610418,2.246397734,2.58585453,2.765513182,4.739689827,3.825514793,4.171390057,3.776523113,3.585264206,4.233677864,2.745872736,2.693109512,2.418477535,3.774122238,2.844265938,2.46861434,2.188318968,3.140426874,3.283272505,2.749128819,2.479137659,2.937694073,4.338228703,3.225392818,3.255784988,3.721090317,4.816460133,3.3561728,2.139689207,2.171098232,3.038418531,2.822735071,1.356847763,1.162160635,2.063387394,2.961363792,1.531210303,1.25626123,1.74751997,2.698373795,2.147447348,1.478506446,1.869710803,2.282631159,2.513228893,1.506694078,1.528982162,1.899754405,2.353743315,1.551048875,1.401664734,1.543821931,2.137823343,1.737796545,1.247427225,1.539944768,1.472853541,1.683898687,1.475278139,1.660050511,1.272686243,1.541088343,1.598197937,1.667385578,1.330693007,1.974467635,1.914855003,1.264777541,1.328657269,1.849217296,1.985911846,1.167578697,0.9213680625,1.362499595,1.906728387,1.464470148,0.8915108442,1.10863173,1.220070601,0.9952292442,0.8809716702,0.6048725247,1.064390779,thakana
1.021206021,1.546221733,1.281447887,2.129857302,3.480982065,1.347091436,1.321402192,2.96718359,3.894558191,2.971384048,1.307576537,2.447012663,1.608487844,1.899242878,1.864441037,3.179732084,2.382847071,3.426938772,3.421753168,2.78431797,2.407750607,3.257123947,4.416638851,4.212953091,3.512911081,3.093153954,3.80273366,3.556589842,2.287372589,2.055284262,2.559902191,3.603820324,2.907012463,1.910350323,2.763428211,3.05833292,3.52657938,2.455178022,3.169350386,3.616651773,4.432941437,4.161429405,3.630852461,3.2948699,4.076693058,4.252773762,2.534776211,1.928160191,2.040917158,2.407787323,2.283992529,1.251195908,2.046887159,2.586530924,2.858014345,1.544089913,1.542318344,1.880054951,2.632731915,2.489728212,1.473963618,1.900997519,2.562242508,2.438143969,1.519815087,1.32148385,1.854187608,2.49109149,1.592407227,1.386745095,1.660429239,1.820509791,1.756806374,1.219489455,1.661731958,1.112655163,1.609416008,1.635471344,1.611106634,1.049712777,1.588692784,1.839315772,1.501448631,1.201381326,1.157046795,2.228833914,1.781971812,1.632392406,1.263988137,1.377673626,1.217826486,1.419352889,1.258375525,1.317674994,2.021928072,1.089502692,0.9992569089,0.9979457259,1.433475733,1.594949722,thakana
1.042237401,1.213076472,1.205669761,1.77683568,3.305627108,2.187333822,1.464662313,1.930423856,3.594838619,2.467545509,1.530813813,1.869772315,1.556008339,1.638550043,1.884530306,2.425197363,2.357151508,3.312399149,2.926827192,2.488602877,3.009003401,3.875454426,4.109346867,3.711286306,4.173202515,3.356725216,4.078522682,3.261561632,3.268516302,2.386702299,2.544865131,2.923110008,2.589579105,2.216703653,2.075265408,2.808133125,3.062275887,2.369683504,2.280871391,3.403705359,3.884007931,2.960473537,3.525762558,3.535824299,4.176152706,3.411402941,2.247150421,2.304524422,2.806503296,1.906097174,1.222732425,1.43815577,2.444214821,2.332811832,1.703103065,1.394275188,1.938544273,2.416207075,1.958906651,1.905040503,2.030199289,2.450388193,2.229692221,1.873359084,1.760371089,1.998989463,1.972693801,2.075584888,1.857396841,1.858469605,1.828877449,1.564355135,2.055046558,1.533294797,1.960709333,1.673891306,1.790023565,1.816639781,1.635332108,1.854046583,2.103120565,1.910829186,1.61248517,1.886177897,1.766935706,1.392263532,1.165994763,1.364891052,1.46104753,1.264048934,1.167820215,1.270228863,1.981644869,1.639456391,1.230646729,1.196396232,1.151403904,1.985262632,1.267146945,1.103087187,thakana
0.4506596625,0.4922834039,0.6804395914,1.299331307,2.261753321,1.18788147,1.01619792,1.92756772,3.28935194,1.167281866,1.106377602,1.681829333,1.439221621,1.419425726,1.689676404,2.388996124,2.34120512,3.531530857,1.854870558,2.103854656,2.461831093,4.641083241,3.035397768,3.823473215,3.357731342,3.669079781,4.075445652,2.575351477,1.936444402,2.27887702,3.431483269,2.021677017,1.781111717,2.315834522,3.196778297,2.261678457,1.477483034,2.111895561,3.312644243,3.798236847,2.553305626,2.937866688,3.957323074,4.611937523,2.03579998,1.882082939,2.751539469,2.975991726,1.925879836,1.098941803,1.131186724,1.644183874,2.155021667,1.048229694,1.497155786,1.864534974,2.513919592,1.244900346,1.415491343,2.157717466,2.366043806,1.873714089,1.592531562,1.730392933,2.040360212,2.05846715,1.256275773,1.638502479,1.716790557,1.639261365,1.122715831,1.689125657,1.580026627,1.637692451,1.301007867,1.7115978,1.103863716,1.545259595,1.320845366,1.481841564,1.256744742,1.716385126,1.725632429,0.9571823478,0.7903498411,1.61237669,1.306274652,1.118482471,0.7616584897,1.465530753,1.480424523,2.00462389,0.9803944826,1.460859656,1.17907393,1.82824409,1.109113216,1.574983716,1.361254811,1.363238573,thakana
0.9062664509,0.8801433444,1.008526802,1.801119447,2.889792681,1.613492727,1.296254039,2.590800524,3.865188837,1.736869931,1.513345361,2.505652666,1.960502267,2.082511902,1.943012714,2.733072042,2.594421148,4.039842606,2.317898989,2.336968422,2.595822096,4.762951851,4.068355083,3.739546299,3.258781195,3.38031292,4.606713295,2.961521864,2.147218704,2.254641533,3.358967543,2.028534174,1.770847321,2.128577709,3.132523537,2.821581364,1.97138381,2.051912546,3.13061595,3.986165524,3.0678792,2.792358637,3.751220465,4.445456028,3.494602203,1.955271602,2.504538536,3.524777889,3.142236233,1.639514685,1.138619542,1.724658608,2.876663208,1.970206261,1.249592662,1.811689377,2.658922195,2.453136206,1.247173071,2.021731138,2.570544004,2.753702164,1.903547525,1.696104527,2.13880825,2.3688097,1.722671628,1.750355244,1.779423714,1.953788757,1.694669724,1.902974486,1.994381785,1.794747829,1.925566316,1.418582678,1.713751078,1.889935374,1.622504354,1.43851316,1.820542574,1.570713878,1.822036505,1.837775946,1.225206256,1.249062657,1.342490435,1.583038926,1.176299214,0.9550967813,1.496795654,1.887319922,2.060744047,1.029851794,1.279687285,1.719735265,1.766638517,1.534610271,1.217296958,1.447157264,thakana
0.9319069982,1.28348279,1.635343671,2.633722782,3.554273129,1.50881815,1.59025538,3.2409935,4.054060459,1.994741201,1.710912347,2.932336807,1.944728851,2.074390888,2.082397699,2.96638298,2.23367238,3.852473259,2.347554684,2.62144208,2.448371172,4.242924213,4.072321892,3.770758629,3.340726376,3.137564659,4.4728508,3.019640446,2.604100227,2.096649408,3.172188759,2.328635454,1.680569768,1.868230104,2.522046328,3.095311403,2.117017984,1.784577012,2.432952166,4.045910835,3.016850233,2.323488235,2.912322283,4.217879295,3.325793266,1.66977942,1.953782082,2.826355219,3.006479502,1.367753386,1.00127995,1.458028555,2.77933526,1.681369185,1.029622316,1.487866044,2.418635368,2.261016846,1.158684015,1.474009037,1.99285686,2.673057318,1.561961174,1.324916601,1.575810552,2.275114536,1.579285383,1.155449152,0.9722800255,1.415593028,1.383482218,1.306082368,1.216867805,0.9568103552,1.505065322,1.372717857,1.088877439,0.877486527,1.291151524,1.649790287,1.387883544,0.8309810162,1.641731739,1.920426011,0.8197011948,0.750831008,1.07084024,1.542185783,1.076217532,0.6308059096,1.009016275,1.896032333,1.988624215,0.9404101372,0.4734269083,1.405111313,1.673439026,1.468432188,0.7636584044,0.8543385267,thakana
0.5334618092,0.6990658641,0.4744041562,1.349218845,2.502048016,1.175527453,0.9038192034,2.14167881,3.569622517,1.68579495,1.487905502,1.878278613,1.831344247,1.282095551,1.520422459,2.452246904,2.63602519,3.362107992,2.034801006,2.275905848,2.682391882,4.646886349,2.6389153,3.92379117,3.443319798,4.089945316,3.456076622,2.87734127,2.44659853,2.613629103,2.996647835,2.716541767,2.13303566,2.08707428,2.761229992,2.912519693,2.268426657,2.063482523,3.387412786,3.753428698,2.923589706,2.826553106,4.324594021,4.058131695,2.090970993,1.763777733,3.232137203,3.101580143,1.556291342,0.9716893435,0.9399591088,1.825588584,1.567741394,0.8175805807,1.22773397,2.375051498,2.267475605,0.9434369206,1.239548802,2.421842575,2.356713295,1.387116313,1.445076585,2.085758448,2.421551228,1.362093091,1.283353448,1.682938576,1.815826297,1.588532805,1.099294305,1.819975495,1.831620336,1.42442894,1.473850846,1.725798726,1.583715916,1.231431603,1.320497036,1.803030968,1.792570233,1.528173804,1.832511902,1.646635652,0.7478090525,1.885919094,1.50500536,0.5957289934,0.7393866777,1.573441148,1.914539814,1.124787569,0.8727658391,1.341062427,1.859898806,1.071784377,0.5980402231,1.232886672,2.062403202,1.586929321,thakana
0.5531281829,0.5623040795,0.6875547171,1.561398864,2.697035551,1.490416646,1.050010204,2.453969479,3.656323671,1.665021658,1.312350631,2.234117031,1.834914207,1.434072137,1.752336144,2.652223825,2.714127541,3.401441336,2.277406454,2.29846859,2.793210983,4.725656986,2.763622999,4.023799419,3.689675808,4.281440258,3.379395723,2.953032732,2.411299229,2.973040342,3.116916418,2.616385698,1.917142034,2.441887617,2.966632128,2.971530676,2.28483057,2.397028208,3.754502535,3.83380127,2.941844463,3.123207808,4.59940052,3.90123105,2.252316236,2.038693666,3.184030056,2.991981745,1.407179117,0.9725402594,1.273170471,1.822191119,1.405633688,1.192825794,1.486482978,2.4772861,2.180752277,1.331182837,1.619875908,2.510151625,2.398432255,1.203070641,1.600666165,2.254430294,2.399830818,1.29629159,1.4542377,1.748096108,1.892834187,1.228672266,1.221966624,1.834010363,1.700808048,1.424647093,1.668379664,1.714498997,1.615017414,1.366070986,1.523757696,1.725556493,1.919316173,1.631171584,1.863961935,1.542927265,1.036227226,1.77026844,1.467985749,0.618802309,0.7649086118,1.514334917,1.759387851,0.9001314044,1.198412418,1.440704107,1.744103432,0.7264274955,0.8217462897,1.487855434,1.932760954,1.645517707,thakana
0.5195686221,0.7654253244,0.649510622,1.213491678,2.79065299,1.753301382,1.148562551,1.718461871,3.379915237,1.771245122,1.14086771,1.248266816,1.540069342,1.652340651,1.869108438,2.503033161,2.684447289,3.815506935,2.358612537,1.995426416,3.076119661,4.727190971,3.421694994,3.659723282,4.356957436,3.843151331,4.086867809,2.832844019,3.429567337,2.481120348,3.363718033,2.684311867,3.290022612,2.604856253,3.067897797,2.875681162,3.560902119,2.806441069,3.183750391,3.812551022,3.937487125,3.2453053,3.814723969,4.637491226,2.586800337,1.965836287,1.976626158,3.163215637,2.689131737,1.126029134,0.8506282568,1.608237624,2.595234394,1.298704863,1.277109623,1.430157065,2.583928585,1.661738873,1.344422817,1.763482332,2.47532177,2.106875181,1.325649738,1.64581728,1.973744392,2.164113045,1.162528396,1.590618014,1.604751706,1.733046055,1.167204857,1.626016855,2.008867979,1.527809143,1.527530432,1.467114449,1.662939429,1.662821054,1.240537405,1.376538038,1.911384106,1.668829918,1.542398334,1.396541238,1.409015417,1.086331129,1.070610166,1.049810886,0.791229248,0.601896286,0.8591250181,1.451910615,0.9343052506,0.5866484046,0.6693389416,1.320291638,0.8048706055,0.5709557533,0.8440343142,0.9979409575,thakana
1.27136898,1.457843423,1.837052941,2.315575123,3.605828762,1.929858565,1.758672953,2.736483574,4.264743805,1.910151482,1.736507297,2.121576071,2.003877401,2.212250948,2.321853876,2.920147657,2.811323404,4.043646336,2.357744455,2.663732529,3.048241854,4.789783955,3.852981806,4.39273119,4.191643238,3.539137125,4.613865852,3.452433825,3.426697969,2.510797501,3.477320671,3.140742064,2.967775106,2.66778779,3.167281151,3.686056852,3.328032255,2.652258158,2.768971443,4.431004047,3.757388115,3.298199177,3.69488883,4.831865311,3.043326378,2.110274792,2.173785925,2.979384422,2.996039629,1.257948518,1.109537959,1.574402928,2.930818319,1.476239324,1.333216786,1.940210938,2.594996929,2.213405848,1.215637803,2.271245241,2.326606035,2.392972708,1.344329953,1.937206984,2.135530233,2.35300684,1.380201697,1.584488988,1.824133873,1.87492013,1.352983475,1.740028143,1.995420218,1.417407393,1.921754599,1.767864585,1.817666054,1.409276128,1.486887693,1.936489105,2.046816826,1.661041856,1.546175241,1.98020339,1.254619122,0.8740868568,0.8983178139,1.527153492,0.8475919366,0.7839739323,0.8341912031,1.700340629,1.327490687,1.127450228,1.010687947,1.586864233,1.294670701,1.17293489,0.8910924196,1.055219173,thakana
0.663009882,0.7723587155,0.8580275774,1.538730979,2.683013201,1.003023028,1.171157837,2.296396255,3.693886757,1.527623892,1.12717247,1.658562303,1.763486385,1.522385836,1.921445608,2.524973631,2.540180922,3.881441116,2.215208292,2.192746639,2.664173365,5.021291733,2.813332319,4.15132761,3.752974987,4.029850006,3.883894444,2.790852308,2.326973677,2.328837633,3.384719849,2.874377966,2.355713606,2.005997658,3.254933596,2.88874197,2.409254074,2.088944674,3.512546062,4.108885288,3.289296627,3.070225716,4.131963253,4.735905647,2.818217278,2.095155716,3.181355476,3.65277195,1.86145246,0.9397075772,0.8136550784,2.236341,2.299671888,1.25658524,1.232813239,2.06305337,2.851774454,1.272603393,1.271146655,2.359623194,2.682901621,1.626156807,1.393003345,2.09777236,2.533314228,1.747236371,1.224471688,1.671713114,1.782629371,1.871032953,0.6425777674,1.697003245,1.48711431,1.636640549,1.080338478,1.518301368,1.47190249,1.595331907,1.117837191,1.560009003,1.864338636,1.457777739,1.745864034,1.744564533,1.052986622,1.372846007,1.370143652,0.8675280213,0.7310679555,1.261938453,1.669374347,1.642466187,1.225801706,1.355583668,1.695572019,1.823258638,1.004684091,1.191231966,1.643134832,1.755334139,thakana
1.257132292,1.574633002,1.507361054,2.745972395,3.605046988,1.865374088,1.770530581,3.593601465,4.258265495,1.981843233,2.007192373,3.067135096,2.168842077,1.901365519,2.252256155,3.596287966,2.95889926,4.057348251,2.435735703,3.094738007,3.057017326,5.140032291,3.352998018,4.548398972,3.763317823,4.125329494,4.63175869,3.243213415,2.150887489,2.891125679,3.84424758,2.923092365,2.221303463,2.219617605,3.552819729,2.942657948,2.389088631,2.28733182,3.901887655,4.316133976,3.205356836,2.991489887,4.159751415,4.809466362,2.786585808,2.331608057,2.94953227,3.662617207,2.41499424,1.219448686,1.587065935,1.951550841,2.647379637,1.538941145,2.349730253,2.142077446,2.928314209,1.734278321,2.1824224,1.911251664,2.702876568,2.328835011,2.284126997,1.973630071,2.506663799,2.448735714,1.9123106,1.542627215,1.87794137,2.352275372,1.743652701,1.548425078,1.779926181,2.119852304,1.997457027,1.853851318,1.328781247,1.933215141,1.904536605,1.658971429,1.487632751,1.825189233,2.31470418,1.385997772,0.9102019072,1.856559277,1.779947996,1.343655825,0.8972257972,1.525491357,1.660318494,2.162494421,1.331841707,1.268122554,1.58030355,2.191334248,1.307951927,1.463349223,1.393134236,1.987576604,thakana
1.310728788,1.454222918,1.710097313,2.590662479,2.808693171,1.667306781,1.612685204,3.824683189,4.008441925,2.016259909,1.877822638,3.238942146,2.328326464,1.545125961,2.545038462,3.252858162,3.369042158,2.318414211,2.976909876,3.606945038,3.982256174,3.465842962,3.134043694,4.275985241,4.278102398,4.303797722,2.973497152,3.367462635,2.126978636,2.666456223,1.551198483,2.468389988,2.253182173,3.594300508,3.230335474,2.58529973,2.407689571,3.315448523,3.257891655,2.675248146,3.248845577,4.222668648,4.399161816,3.041859388,3.363259792,4.293187141,3.383779049,1.575582027,2.072912216,2.842010021,3.371101618,1.644685388,2.015715122,2.306973219,2.66398716,1.145662904,1.187116385,1.919638753,1.67166698,1.038503885,1.173178792,1.624613523,2.437082767,1.372938991,1.209660411,1.7136935,1.781864643,0.9849461913,0.615896821,1.222339511,1.206336021,0.8871604204,0.8523414731,1.352922201,0.9950065613,1.249745607,0.9395831227,1.811061382,1.356294274,1.529538631,1.155079603,2.179862976,1.025579453,1.570323706,1.302321196,2.192578793,1.347715259,1.946645141,1.599961758,1.454053283,1.753757834,2.120391369,2.392382622,0.8495732546,0.6596720219,1.028731346,0.9996352792,0.3563457131,0.4752731025,0.7747166753,tyakana
0.7506502867,0.8525111675,1.132562399,2.55087328,2.265361309,1.368525267,1.491155505,3.836340189,3.069617748,1.288989425,1.891275764,2.333767891,1.855705976,1.026387572,2.36378479,3.138799191,2.843417883,2.047992706,2.197764635,2.740665674,3.618324518,4.046480179,2.722454548,3.979691505,4.408959866,3.304708719,2.530260086,2.662719488,3.322178364,2.882218838,2.09696579,2.599172831,3.114202261,2.670637131,2.244824171,3.054257393,3.455435514,3.359689951,2.526116133,3.484905481,3.755331993,3.617505789,3.359574318,3.865389824,3.528954268,3.202368498,2.516969204,2.45217061,2.433356047,1.592937708,2.210048914,2.217310905,2.246661901,1.69557631,1.606060624,1.728536963,1.713141561,1.538300753,1.376828313,1.743462324,1.681808114,1.379412293,1.516204,1.497391343,1.448330522,1.077772021,0.9506303072,1.124632239,0.9423548579,1.061533809,0.9789697528,0.9626508355,1.065073252,1.219399452,1.559470296,1.514190793,1.307959437,1.448334217,1.690499783,1.982888937,1.563264012,1.50170207,1.674755812,2.039122343,1.341648817,1.006321907,1.242701411,1.326668978,1.67899549,1.344093442,1.10850656,1.131743073,1.139971614,1.61329782,0.9615778327,1.327739358,1.058376908,0.9681755304,0.9237131476,0.8796447515,tyakana
0.839856565,1.145362377,1.123008132,2.668626308,2.314513206,1.392703176,1.470806241,3.897684097,3.131947994,0.7379392385,1.955376983,2.274554014,2.011932611,0.8775586486,2.563511372,2.831671238,2.933168411,2.173013926,2.00997138,2.651914597,3.557276249,4.096307755,3.024193287,3.692598343,4.550108433,2.959909916,2.465978622,2.775672197,3.718844414,2.715604782,1.935001493,2.77445817,3.419694424,2.438521862,2.213146448,3.201481581,3.470262766,3.059651136,2.69487977,3.680831432,3.955025434,3.564980984,3.842888832,3.877020121,4.171573639,3.440016031,2.656546831,2.658412218,2.651857853,1.837498188,1.902732491,1.947022319,1.90017426,1.491959572,1.105264664,1.681354046,1.753267169,1.330398321,1.018010616,1.68898344,1.532931805,1.005552888,1.212308764,1.569692492,1.427609324,0.7786622643,0.6420193911,1.097284555,0.8149070144,0.7130875587,0.3838076293,0.9464617372,1.359663844,0.9873098135,1.086529493,1.345202565,1.811023116,1.51433599,1.647547722,1.279372573,1.522598267,1.445675492,1.751831651,1.322845578,0.9486230016,0.997240901,0.7161273956,1.126928091,1.190689564,0.8549743295,0.9793207645,1.284124255,1.20955348,1.438401222,0.9512357116,1.179836392,0.8180342913,0.6031503081,0.9586176872,0.9388902187,tyakana
1.23319912,1.277299404,2.027469158,2.288320065,3.018468618,1.70701158,1.593291163,3.278139114,4.27674675,1.40905416,1.268001795,2.543035984,1.740666032,1.272071958,2.202291965,2.976840734,3.152867556,2.483434677,2.239973545,3.078822613,3.570428371,4.169840336,2.626562834,4.174769878,3.427843332,4.584385395,2.814878941,2.689718008,2.049898148,3.353743315,1.80165875,2.595616579,1.939826846,3.468931913,3.392280102,2.315460443,2.188937426,3.957556248,3.895101309,2.969502926,2.928144932,4.274072647,4.614221573,2.825692892,2.546025991,3.271381378,3.811122656,1.600201964,1.708865762,1.98845768,2.977508545,1.497543335,1.640632033,1.647714853,2.589645624,1.746996164,0.7053435445,0.9948498607,1.35008347,1.397336364,0.6735426188,1.196771264,1.526661634,1.503293037,0.8668049574,0.9731975198,1.005230188,1.160501957,0.6255930662,0.8552350998,1.225768089,0.617282331,0.8796820045,0.9929283857,1.080863357,0.9665950537,0.6671373248,1.642909169,1.540104747,1.045280218,1.166645765,1.754021406,0.6015284657,1.257279038,1.781921625,1.327955127,1.233141422,1.166093707,1.522950888,1.022217035,0.9012795687,0.6591883898,1.328276873,0.4882267118,0.1627006084,0.2681265175,0.1424557567,0.06712861359,0.1216737032,0.1234473512,tyakana
1.136202455,1.23264575,1.430064678,2.014413118,2.732970715,1.372423649,1.438680887,2.555872917,3.934124708,1.163072705,0.854095757,1.849055409,1.654199004,1.045089006,2.131204844,2.256207705,3.328751326,1.955386877,2.716948271,2.451912165,3.9227283,3.667401552,2.882703781,2.779315233,4.305034161,4.47121954,1.781202316,1.406443834,2.804260492,3.278201103,1.511457443,1.432615995,2.047382593,3.62970233,1.729384184,1.469593525,2.338925123,3.915402651,2.191190243,1.792144656,3.381274939,4.521531582,3.375320435,1.934068203,3.082915783,4.301642895,3.082366228,1.252433777,1.67412889,2.614903927,3.108698845,1.228898406,1.833268404,2.182629108,2.444260836,0.7264111638,0.8552510738,1.088733554,1.488796115,0.8482261896,0.7780532837,0.9654972553,1.672845244,1.045512795,0.7008082271,0.6837276816,1.137255073,0.9186917543,0.3736273944,0.57426548,0.7142506242,0.7324893475,0.5388899446,0.9153636098,0.8748959303,1.20887053,0.8500567079,1.205548406,1.431963086,1.304187894,0.8424476981,1.503965378,0.9312998056,1.699875712,1.298189163,1.713444233,1.622509718,2.015524387,1.19124651,1.351086259,1.835652471,2.227623224,1.91421628,0.3551408947,0.2568995953,0.8669476509,0.5330843329,0.1453513205,0.2301303148,0.3992149532,tyakana
1.007041216,1.622963428,1.643381953,2.558341742,2.816614151,1.645767212,1.313105822,3.610472202,3.776056051,1.389580369,1.188911676,2.93352437,2.156420469,1.357061386,2.693343878,3.033615351,3.676446438,2.115056038,3.503525496,3.261292696,4.266656399,3.09864521,3.529946566,3.107023478,4.791285515,3.516443253,3.352119923,1.604669213,2.796954632,2.905089378,2.090628147,2.052485228,3.24687624,3.689813852,2.03184104,2.000614405,3.462321043,4.116846085,2.368950367,2.826967001,4.622870922,4.585345268,2.723188639,2.902970314,4.122258186,3.480873585,2.099704027,1.694717526,2.51725626,2.591985226,2.654746294,2.461181402,2.618287802,2.503136396,2.128587246,1.703895688,1.771665812,1.599687576,1.565566659,1.759764314,1.683454275,1.843634844,2.04319787,1.757644296,1.59561038,1.55503726,1.639304161,1.819800615,1.085750818,1.179408312,1.460022807,1.737899423,1.173938036,1.063380122,1.55619216,1.603311896,0.7601377964,1.119535565,2.12338829,1.150974035,1.117797256,1.460289001,1.177087784,1.796498656,1.257988214,2.472948074,1.588507533,2.322550774,1.418515921,2.008931398,1.711744308,2.418062449,0.9741982818,0.7944449186,0.5914908051,1.541928053,0.5178735852,0.4198910892,0.392242521,1.099242449,tyakana
0.5403363705,0.5280125737,0.9587016106,1.0774225,1.596259713,0.391754359,0.635943234,2.059476376,3.018139601,0.6787694097,0.5933451653,1.175052047,1.077663898,0.6014026999,1.50344038,1.778129458,2.676061153,1.186964989,2.263242722,1.829670191,3.551493168,2.470355034,2.764808178,2.47588253,4.205895424,3.576798916,2.689986467,1.39248538,2.231949806,2.700187922,2.250531673,1.640531659,1.883698583,3.259221792,2.459262848,1.485206485,1.826223254,3.67193079,2.225737572,2.054932594,3.220000505,4.253834248,2.685768604,2.269381046,3.341976643,4.20758152,2.350529671,1.450330853,2.070638418,2.65512228,2.314073324,1.252517819,1.8094064,2.660789013,1.686600089,0.6830449104,1.154102802,1.564782858,1.128884435,0.6201065779,0.9153459668,1.947084904,1.978728652,0.7504171133,1.1276896,1.480449677,1.880821109,0.62346524,0.7387173176,0.9913525581,1.322654009,0.626873076,0.8836041689,0.8084759116,1.043134928,0.6984449625,0.7275942564,0.5941569209,1.150969028,1.336770058,0.9206275344,0.886027813,1.211357713,1.411778808,0.7398441434,1.756783366,2.090679646,2.023579359,1.257189274,1.57015574,2.347049236,2.434905767,1.470167637,0.7964805365,0.790773809,1.500490665,0.632456243,0.5152572989,0.5053436756,1.01269424,tyakana
0.8393327594,0.8886189461,0.9291104674,1.571233392,2.655558348,1.258741617,1.078061819,2.778097868,3.870418072,1.573220491,0.9963061213,2.423149347,1.694856286,1.47110045,2.23139739,2.55014801,2.234721899,3.290779591,1.989642382,2.538606882,2.664925814,4.431146145,2.977992058,3.640545845,3.043279648,3.630573988,2.669264555,2.443637609,1.276281476,1.967186928,2.428152084,2.289251566,1.717716455,2.901264191,3.367451906,2.578742981,1.937265754,2.381371737,3.342048883,3.461260796,2.565018654,3.313271999,4.402805328,4.160051823,1.589975357,2.751160145,2.632447958,2.360350609,1.649080634,2.182511568,3.194089413,2.960388899,1.975571632,1.489150643,2.124100924,2.142467022,1.681746364,0.5507907867,0.883638978,1.400797606,1.046039939,0.8642064929,0.9881916642,1.120112658,1.281753421,0.8612840176,0.5445158482,0.4898291826,0.3817026615,0.5014501214,0.5384637117,0.519946456,0.8803973794,0.9377917647,0.7891302705,0.8621603847,0.8203628659,1.140652537,0.796841979,0.9153393507,1.059779167,1.434528947,0.6306022406,0.5836557746,0.7583503723,1.232798338,1.2598207,0.9308981299,1.033567429,1.508238196,1.501260281,1.27393949,0.7228760719,0.2740522027,0.3330825865,0.5449351072,0.3512380719,0.2477224022,0.2639316618,0.2429034561,tyakana
0.5469162464,0.652074337,0.901363492,1.020708919,2.130283356,0.8873228431,0.6463057399,2.102809191,3.578011274,1.270077348,0.9413813949,1.920312285,1.376405716,0.9417550564,2.433985472,2.858066797,2.627673626,1.898656845,2.217375517,3.234940767,3.043693066,3.812605858,3.376161814,3.08780241,2.931125164,3.952899694,3.207606554,1.598387837,1.374629259,2.393842936,1.671409607,0.8383942842,1.14065361,3.310261488,2.725788116,1.096082211,0.9371762872,3.0900352,2.952172041,1.304846287,1.698437929,3.834630251,4.071720123,1.56442368,1.270268798,3.483934164,3.515720129,1.375987649,0.7568863034,1.804083943,3.214719772,1.496602654,0.7947836518,1.280508637,2.176755905,1.339130402,0.2460844964,0.371612072,1.113413095,1.375899673,0.3504951,0.5546904206,1.44546032,1.502071023,0.4044867754,0.3364141881,0.9209695458,1.204731703,0.4624777138,0.2646386623,0.4650258422,0.5952398181,0.6718863249,0.3977912366,0.2894992232,0.4330119491,0.8157650232,0.2824756503,0.3607600033,0.7289172411,1.379365563,0.4709086716,0.2335484922,0.9578709602,1.122194052,0.5530780554,0.6243560314,1.207893372,1.52905786,0.747956872,0.3251212537,1.16068995,1.486812592,0.6536235809,0.2015523314,0.2810910344,0.2770955563,0.2394625545,0.07201378793,0.239127174,tyakana
0.3797641695,0.8415647745,1.120182037,1.857865095,2.705492973,1.32787776,1.394418716,3.154244661,3.833070278,1.393652678,1.437835217,3.048454523,1.921212554,1.170117855,1.711965919,3.28631115,2.598232985,2.691897631,2.466968298,3.372863293,2.702240229,4.259579182,2.782146692,4.040244102,2.368346691,3.438541412,3.051501751,2.905132771,1.458154082,2.342998505,1.64427948,1.789612532,1.172211409,3.201363802,3.887961626,2.582401752,1.382175207,2.863488197,3.958940744,2.788943529,1.914621472,3.186543465,4.867230892,2.690523148,1.287974119,2.840357065,3.7011168,2.027257919,0.968059957,1.274973869,3.182636499,2.483251095,0.7950541973,0.5531790257,1.424859524,1.704130888,0.4622855783,0.3221155703,0.4897678196,1.513166189,0.5948424339,0.6128794551,0.6513685584,0.8279887438,0.563390851,0.4742964208,0.448662132,0.5566464663,0.40763399,0.5929567814,0.6410050988,0.5363844633,0.8017190695,1.145059347,0.7027267814,0.5991889834,1.004879236,1.391834378,0.5675727129,0.6199296117,1.399079442,2.076381207,0.5599246621,0.434097141,1.143419385,1.939172506,0.8540836573,0.3992618322,1.455189466,1.539323211,0.4493228793,0.4024780095,0.7419153452,0.6389809251,0.172986865,0.1260088831,0.1674139798,0.235358879,0.1036962271,0.1494741291,tyakana
1.663228393,2.099336147,2.200067997,3.195035696,3.661173344,2.293930531,1.925774336,4.138586521,4.572887897,2.34883976,2.036249161,3.53368783,2.474040508,1.762649298,2.864493608,3.787848711,3.47744894,3.363196135,2.855480909,3.955967426,3.088796854,4.727356911,2.815960884,4.483166695,3.270503521,4.26236248,2.288339138,3.266805649,2.117554188,3.291270971,2.313845396,3.373571873,2.237884045,3.727695942,3.70638442,3.621533155,2.319689751,3.591271639,4.409846783,3.933693886,3.303312063,4.04845953,5.191163063,3.976340532,2.529591084,3.129462957,3.670809746,2.823610783,2.275332689,2.259917259,3.523875237,3.173244715,1.624075532,2.284643888,2.986513376,2.804429293,1.189080358,1.044217348,1.710865974,2.387447119,1.161445856,1.594685435,2.691472054,2.414863825,1.877535701,1.633009553,2.263885498,2.098599672,1.60192883,1.429633498,1.882089138,1.61988616,1.697046638,1.815626264,1.540747404,1.348337293,1.222318769,2.03283906,1.753824949,1.478603959,1.742457867,2.410208225,1.254988194,1.700055957,2.262545109,2.910777569,1.786685944,1.801043987,1.99410665,2.373999834,1.633034945,1.070461631,1.378334999,1.311980844,0.5447964072,0.522167623,0.4656500518,0.6820608377,0.4100695252,0.60065943,tyakana
0.9962536693,1.51093936,1.844224215,3.148154259,2.851950169,2.055221796,1.676273942,4.12466526,3.806019306,1.911476254,2.088320971,2.828082085,2.227939844,1.548927665,2.453606367,3.667058229,3.119275808,2.088808775,2.729274035,2.705989599,3.76378727,4.236915112,3.152505398,3.804438114,4.459964275,3.524016857,2.612505913,2.618522167,3.254235506,3.224292517,2.148952484,2.633030176,3.25374341,3.233071327,2.262392998,3.069185019,3.54113102,3.544952393,3.024773121,3.490443707,3.916090012,3.562145472,3.722491026,3.677594423,4.021113873,3.123837233,2.692990065,3.000544548,2.781376362,1.850640059,2.225811005,2.309332609,2.727918625,1.673946261,1.564718604,1.631237626,1.98812294,1.526490569,1.396072865,1.937993288,1.840388179,1.320863724,1.232239008,1.621478558,1.639083505,0.9785889387,0.6425359249,1.225390077,0.9787405729,0.9484805465,0.4588248432,0.9821169376,1.110847712,1.20270586,0.9922472835,1.337555408,1.274487376,1.777962208,1.41774416,1.610809922,1.621026039,1.320857286,1.341544271,1.59485817,1.495973229,1.032201171,0.9939073324,1.440667033,1.450260639,1.239166021,0.7510334253,1.097854018,0.9203432798,1.098445415,0.7011117339,0.951490283,0.5209776163,0.4782470167,0.5398029685,0.3955524266,tyakana
0.6793702841,1.238138914,1.197092295,2.626189232,2.448089123,1.22779417,1.164739013,3.410913706,3.171732426,0.9839106202,1.373899817,1.835668921,1.82136035,0.6418191195,1.892956495,3.128746986,2.896544695,1.68338716,2.502615929,2.202002287,3.511999846,3.448359251,3.294334412,3.47718668,4.447802544,2.898984909,2.756011724,2.485414743,3.443068266,3.20220232,2.106385946,2.134126902,2.899164438,3.036446333,1.973845005,2.359900713,3.473793983,3.452365398,2.214730263,2.588053942,3.8627882,3.699855566,2.752586365,2.834949493,3.928115606,3.485188246,1.857722402,2.241882801,2.347847462,1.877861857,1.582936883,1.853582859,2.349750042,1.303694487,1.060314655,1.333651662,1.892802596,1.461423159,1.012563348,1.534666181,1.619623661,1.266538978,1.143731356,1.032518148,1.627312541,0.9630755782,0.7260045409,0.9165691733,0.8219344616,1.016682386,0.8132514954,0.7626737952,0.9421727657,1.2094239,1.275663972,1.114618182,1.113594294,1.871264577,1.62407136,1.628688574,1.636360645,1.805638433,1.50128603,1.043845296,1.310490131,1.39568603,0.8184105754,1.180181265,1.595554471,1.02668035,0.7537773252,0.9282422066,0.9378257394,1.067519665,0.5309584141,0.5707883239,0.5404538512,0.417817235,0.4292631745,0.6015809774,tyakana
1.245087385,1.418236017,1.723058701,2.860002995,2.986624241,1.86052072,1.790138364,3.730498791,4.030760288,1.850119114,2.027198792,2.811461687,2.203372478,1.740850329,2.180413246,3.687921047,3.479488373,2.082597494,2.750745535,2.206997395,4.166395664,4.255646229,3.836321354,3.731684685,4.62607336,4.228494644,3.689342499,2.172183037,2.977390766,3.661879301,2.8740592,2.006639957,2.905130625,3.714024544,2.515963554,2.625688791,3.124716043,4.107019424,3.231127501,3.287243605,3.975703001,4.266923428,4.158819675,3.013991594,3.38361764,3.869156599,2.539381027,1.536365747,1.997005105,2.017006636,2.35006547,0.7589538097,1.85105896,1.667253613,1.538150191,0.6707835197,1.248068929,1.550599098,1.358081102,0.8240482211,1.231328726,1.454524279,1.398416519,0.882006526,1.029634595,0.84088099,0.7105586529,0.769972682,0.528154254,0.6496379972,0.4126128852,0.8309849501,0.707881391,0.7981849909,0.8300583363,1.281417489,0.858142972,1.407207012,1.268692255,1.986511707,0.9213638306,0.9184561968,1.483121753,1.85423255,0.490209043,0.6454594731,1.027576089,1.005041361,0.6839948297,0.7084567547,0.7571347356,1.086276174,0.8067102432,0.8640410304,0.4903675914,0.9707666039,0.6283089519,0.3789079785,0.6346033216,0.5841982365,tyakana
1.083538055,1.249517202,1.382014751,2.884758234,2.677364111,1.639898419,1.61374867,3.879744768,3.792200089,1.500586271,1.600299239,2.463388443,1.926044464,1.061231017,2.611084938,2.921324253,2.913216352,1.829736352,2.0591712,2.540864468,3.650832891,3.548284531,3.588443995,4.058833599,4.518420219,3.636838198,2.954720259,2.804411173,3.376095295,3.249311686,3.013980627,2.983150005,2.580192566,2.853410959,3.185822248,2.80126071,2.943466902,3.668900967,3.694728374,3.245256901,3.362139463,3.763700247,3.914044857,2.917120934,3.850139141,4.340130806,2.875992298,2.270372629,2.1613307,1.913670421,2.527749062,1.238202214,2.597432137,2.451412439,1.644110084,0.8858017325,1.635933995,2.166077852,1.505862832,1.353322029,1.643796802,1.999640226,1.607038617,1.148284793,1.376280904,1.559403181,0.9780877829,0.8476923704,0.524805665,1.022273302,0.8088865876,0.865019381,0.7553659678,1.403276205,1.202379823,1.372185707,0.9109541774,2.04803133,1.795923948,2.114582539,1.263789535,2.016455173,1.738194346,1.497013211,1.131284833,1.537415624,1.230426669,1.065002918,1.203925133,1.09204495,1.130534053,1.498607755,0.8578208685,1.267044783,1.171973944,1.180746794,0.7218268514,0.6623573303,1.370586514,0.9566977024,tyakana
0.6234865785,0.6166356802,0.9031918645,1.434851408,2.387816191,1.321772695,1.313051224,2.336963654,3.652860641,1.01201582,0.80529809,1.597331405,1.559068203,1.162460923,2.544018507,2.662693739,2.671071053,1.821823359,1.514870644,2.698387861,3.48741293,4.195733547,3.182209253,4.220518589,3.858439684,3.969619274,2.838081837,2.780994892,2.286542654,3.22434473,2.30030489,2.73050642,2.336028576,3.328324318,2.858589411,2.883602619,2.130763292,3.679495335,3.462298632,3.446073294,2.552205563,3.892766953,3.772999287,2.929830313,1.640446305,2.641283035,2.399854422,1.959439397,1.16627872,1.165258408,1.945565939,1.048741221,0.9232559204,0.4799472094,0.8996335268,0.72729671,0.7809358239,0.3734950125,0.6642933488,0.706361115,0.8975313306,0.4006821215,0.7137756944,0.608242929,0.8974596262,0.3972751796,0.5028207898,0.5902469754,0.7031744123,0.6531003714,0.4516029954,0.6380693316,1.122319102,1.098705053,0.9329960942,0.9871935844,1.35532403,1.751906276,1.265004516,1.395430207,1.350175142,1.378760457,1.41683197,1.242566347,0.5489671826,0.7571568489,0.500928998,0.3790742755,0.5613503456,0.4346335828,0.1887770742,0.3591810465,0.3650904596,0.245648697,0.1601203531,0.2028747648,0.1046140045,0.07785482705,0.1548578888,0.1346459985,tyakana
1.070100665,0.9369897246,1.292997837,2.5623734,2.640488625,1.654408574,1.449862599,3.475099802,3.415649652,1.078664899,1.313674212,1.875490904,1.977321029,1.047888875,2.697191477,2.608806372,2.989938259,1.442742229,2.264300585,2.352122307,3.602671146,2.982933998,3.638560534,3.796670437,4.808824539,2.87587595,3.38888526,2.828732967,3.879838228,2.9710536,3.11463666,2.548541784,3.552177429,3.245337009,2.836587191,3.175055265,4.326878071,4.033649445,3.171556711,3.276334763,4.829303265,4.267309666,3.176955223,2.742337227,3.409357309,3.309614658,1.937837601,1.7674191,2.55547595,1.835602522,1.331071496,1.05542028,2.013545513,1.766053438,0.9143036604,0.7998287082,1.723397851,1.578499436,0.6912532449,1.268391848,1.571034312,1.539921761,0.9957455397,1.049174905,1.577922344,1.346319318,0.6717555523,0.8216430545,0.7721273899,1.142169952,0.7037185431,0.8435996771,1.013134837,1.313089609,1.312641382,1.184818149,1.401192188,1.791142464,1.721906066,1.686868429,1.744247198,1.598475695,1.305813909,1.676303029,1.29454124,1.008228183,0.8450587988,0.7938408852,0.9478051662,0.8540908098,0.7606764436,0.6967509985,0.8563225269,1.292114258,1.25150907,0.6712427735,0.5861322284,0.4417283237,1.059178114,0.362944752,tyakana
1.09639895,1.044104457,1.013996482,2.522323132,2.718922377,1.607203245,1.534885883,3.541679859,3.531411171,1.225042224,1.603262544,2.102213144,1.854426384,0.9206119776,2.305689812,2.552190065,2.878099918,1.634256959,2.338815451,2.442310095,3.314045191,3.533264399,3.696862221,3.881764889,4.459206104,3.04856205,3.479758263,2.561793327,3.184909582,2.746621847,3.043403387,2.615655184,2.877189636,2.630786657,2.998588324,2.707049131,3.354168892,3.606949568,3.410975218,3.327724695,4.132327557,3.997062683,3.577942133,2.970025778,3.422411203,3.40557003,2.212216616,1.664521933,2.22200489,1.598119259,1.616416097,0.9436061978,1.79177773,1.713559151,1.223262191,0.7720628977,1.525964856,1.378075004,1.132782221,1.182197571,1.552541614,1.532764554,1.272183537,1.14931047,1.379135132,1.100597978,0.8739020228,0.8831081986,0.7217974067,1.159873009,0.9445368648,1.068686128,0.7850272059,1.353473425,1.306877851,1.622417212,1.158655524,1.892315269,1.303709388,1.603200316,1.378142834,1.772889853,1.104601622,1.691142678,1.22282362,0.7885993123,0.5258164406,0.6821975112,0.5264729261,0.4937760532,0.3539122641,0.4476155937,0.6316729784,0.9887744188,0.245039314,0.2030745,0.1915270537,0.2770751119,0.6905920506,0.2681402862,tyakana
1.281551957,1.149366736,1.630247593,3.130928278,2.928442001,1.701080203,1.774466276,4.106842518,3.479716539,1.415173531,2.2908566,2.440175056,1.985786438,1.209458828,2.35669136,2.97693634,3.165378332,2.396084547,3.060389757,2.639954329,3.633992672,3.872476816,3.374654055,3.650491476,4.793182373,4.14165163,3.148474932,3.053624868,3.381277323,3.670168877,1.644740582,2.44926095,3.425662994,3.470426559,2.161202192,3.15388751,4.205104351,3.34265089,2.355491638,3.355666161,3.876162052,3.591320992,2.394431829,4.183546543,4.765067577,3.194307804,1.922933817,2.888209105,2.526730299,2.085436583,1.447581887,2.768671513,1.990064144,1.18746531,1.4057585,2.007857084,2.36988306,1.394008636,1.514683485,1.356827378,1.259417892,0.8672286272,1.415470839,1.522765398,1.588860631,1.201582909,1.215622067,1.079035044,0.9754744172,1.081603765,1.149605989,1.249169469,1.291314125,1.624639392,1.277573466,1.6380651,1.69203794,1.52535665,1.397808313,1.327927589,1.729762912,1.578055382,0.9410044551,1.004773974,1.409643888,0.6017835736,0.3642887473,0.6327653527,1.315171719,0.7727776766,0.8098037839,0.970538497,1.315774202,1.152593732,0.9607523084,0.8635845184,0.8713356256,0.8681189418,0.9520229697,0.677344799,tyakana
0.859963119,0.9306312799,1.125898004,2.880438089,2.533238411,1.502097726,2.042919159,4.148659229,2.691438198,1.642956853,2.299962282,2.798280716,1.620357394,1.32508111,2.006628275,3.591489315,2.604981899,2.520287752,2.971701384,3.182898521,3.106008291,3.862554312,3.457289219,4.604791641,4.397467136,3.972846031,3.303109884,3.381581783,3.371549129,3.41251564,1.895965099,3.199183226,3.422719002,2.99156642,2.636185169,3.520162106,3.982748747,3.324849367,2.938011408,3.767360687,3.801073074,3.044686079,3.277649641,4.311454773,4.035735607,2.932320833,3.569756508,3.588071585,2.494675398,1.72423625,2.127591848,3.073363781,2.132846355,1.647565246,1.69177711,1.969302058,1.988412619,1.387935162,2.137554407,2.126054764,1.52440846,1.289907336,1.753614783,1.778429031,1.618901134,1.546821475,1.542673707,1.327482343,1.180936694,1.023735046,1.424951196,1.312378168,1.470186234,1.514684916,1.395623922,1.557411909,1.606301665,1.286228418,1.350569606,1.508649468,1.297520995,1.523393631,1.34615612,1.298570752,1.063922882,0.7618657947,0.8663124442,0.7948743105,1.529722691,1.238496184,2.031735897,1.289190173,1.761808395,2.086551428,2.535580158,2.018026114,2.262039661,1.979403138,2.116224051,1.319092274,tyakana
0.6659434438,1.086025596,1.252271533,2.390379906,3.113730431,1.666979313,1.562363863,3.268376112,3.816747665,1.6027987,1.454325676,2.621006489,2.027432919,1.215642333,1.237219453,2.952461481,2.6881392,2.968357325,2.105746508,2.653711557,2.998010635,4.41370821,3.491407871,3.574881077,3.268741369,4.289714813,3.634894848,2.890586615,2.148555756,2.884439468,2.054614305,2.053527832,2.103578568,3.027225971,3.70458436,2.589341164,2.312806606,2.947541475,3.781338215,2.937286377,2.350889206,3.524939299,4.216895103,3.762927532,2.525190592,3.259792566,3.781125784,3.089221478,1.618068933,2.084699392,1.949764967,2.393109322,1.385264635,1.608669519,2.241630316,2.027584076,1.590665579,1.515549064,1.795268655,1.914893985,1.372422695,1.382995248,1.446703315,1.613253951,1.365756512,1.336532474,1.01255548,0.9557244778,1.045871139,1.238839269,1.075484037,0.9227491617,1.313232541,1.453796029,1.541211367,1.360421658,1.527294517,1.318303108,1.525640726,1.149140239,1.640458941,1.464374661,1.020877719,0.8809040189,1.325196981,0.430668056,0.4014788866,0.561075151,1.454205632,1.160116553,1.313652515,1.261809707,1.823405266,1.956894517,2.140764236,1.488933444,2.319578171,2.009880304,1.960553885,1.268247962,tyakana
0.8313202858,0.9844377041,0.8865953684,2.535290003,2.934391975,1.456054449,1.411275268,3.431753159,3.770687342,1.699468374,1.688147187,2.32100749,1.58069706,0.9791808128,1.778014183,2.508682013,2.84749651,1.911324024,2.701349258,1.905531049,3.527014494,3.177014112,3.394021511,2.983018875,4.310349941,4.136624813,3.479219913,2.031336784,2.582148075,3.193105459,1.511635303,1.542994857,2.672660589,3.68748188,2.785663128,1.660388112,2.881397009,3.652870893,2.72640872,2.212084532,3.194574594,4.115283489,3.140089035,2.122253418,3.183215618,4.040499687,2.533212662,2.091690302,2.238469362,2.535367489,1.827462316,1.488350153,1.184451461,2.269279957,1.858321309,1.054413319,1.375268102,1.541427016,1.533096671,1.131302357,0.8934170008,1.34728229,1.500902653,0.9821335673,0.8999567032,1.067660093,1.115813494,0.6939018965,0.6057856679,0.6923125386,1.200208306,1.06794858,0.8062947392,1.061347246,1.320011616,1.518558741,0.9976667762,1.211171508,1.237687349,1.446272135,1.123497248,1.176575184,1.252840281,0.9689047337,0.7223065495,0.4324711263,0.3441731632,0.2948273718,0.9108349085,0.744428575,1.322739363,1.389160514,0.8650953174,1.111533642,1.279162049,1.418750525,0.9332702756,0.967346251,1.348062038,1.175654769,tyakana
0.8807079196,0.863961935,1.295185566,3.344516993,3.127704382,1.664117694,1.899865508,4.437286377,3.97942996,1.799134731,2.061299801,3.242729187,2.266266823,0.9651252031,2.71254611,3.248064041,3.446956635,2.441692591,3.241569996,2.507413149,3.814823151,3.299127579,3.857454538,3.201390266,4.659088135,4.123738289,4.003045559,2.335068464,2.985449553,3.293971062,1.979448318,2.352066994,3.359354258,3.784755707,3.198845387,2.315125704,3.316271544,3.811811447,3.023854017,3.106055737,3.906169176,4.160132408,3.338770866,3.185275793,3.558170557,4.115613937,3.065349579,2.895683527,3.11275053,2.275468588,1.854840398,1.491723299,2.080498457,2.759487152,2.027465582,1.760113955,2.126532793,1.770186186,1.74498868,1.348315716,1.254578471,1.917919278,1.600059748,1.471466064,1.207774758,1.273177147,1.281626463,0.9657003284,0.9587741494,0.8849400282,1.337694287,0.9549162388,1.215322375,1.251433849,1.534337044,1.478808045,1.509938002,1.057447553,1.283885241,1.235977173,1.325369,1.102879882,1.253055811,0.7115814686,0.6025190949,0.6491154432,0.4705811143,0.2929078341,1.154447794,1.565668702,1.630837083,1.416723609,1.190534234,2.039191961,2.101122618,1.838590741,1.876064181,1.516475558,2.20299387,1.334744692,tyakana
0.5498046875,0.6558921933,0.6063848138,2.381311655,2.172436714,0.9542984962,1.286774635,3.552594423,3.087054253,0.7859042883,1.670004725,2.365581512,1.638306379,0.840067029,1.887608767,2.460119486,2.887648344,2.403677464,2.716247082,2.331311226,3.50164938,3.813280344,3.006693602,3.419861317,4.634346962,4.10196352,3.13762641,2.270936966,3.017860889,3.116787434,1.287542462,2.360699892,3.3857162,3.31612277,2.519469261,2.93838501,3.717733145,3.497529268,3.059875488,3.631733418,3.665956259,3.963749409,3.544409275,3.520271063,4.078238487,3.59409976,3.201841116,2.859767199,2.443270922,1.851080418,1.439654112,2.052491665,2.215930939,2.116462708,1.958990574,1.619649649,1.766453624,1.400007248,1.338406444,1.444977045,1.388734221,1.522416472,1.388094544,1.224861741,0.929680109,1.136102438,1.058915496,0.7670042515,0.9896557927,1.268729568,1.378418922,1.094373345,1.334945202,1.718797326,1.657169461,1.548801184,1.685610533,1.671592951,1.618445873,1.338795424,1.300901413,1.05837357,0.9280998111,1.070937753,0.7287679315,0.3988968134,0.6040474176,0.3146697581,1.158275247,1.073575735,1.420812249,1.346679211,1.84804976,1.645152688,2.008486509,1.806213737,2.140858889,1.764881611,2.448990107,1.635033727,tyakana
0.6670469046,0.8165588975,1.045176029,3.008341074,2.870575428,0.9608873725,2.062426805,4.227619171,3.60848403,1.68369019,2.514940023,2.758126974,2.044934034,1.04872036,2.131595612,2.669820786,3.124759912,2.824344635,2.41684413,2.198930025,3.640589476,3.653752804,2.955132723,3.261207342,4.542376041,3.924858093,2.951875687,2.615660191,3.063269377,2.926426649,1.252847552,2.534598589,3.08257103,3.164436102,2.238087893,2.86209178,3.44636035,3.346826077,2.707108498,3.120279789,3.445363998,3.647168159,3.008068562,2.926353693,3.762979746,3.814192295,2.685594559,2.690477371,1.98456943,1.821772933,1.672643065,2.093347311,2.237861872,1.992959738,1.456154943,0.7913599014,1.662039161,1.696561933,1.289699316,1.453547835,1.494143724,1.341964245,1.249862075,0.9072121382,1.283343673,1.372311473,0.9896735549,0.9099540114,0.8700067997,0.6446583867,0.6930675507,0.7605811954,1.16960144,1.040635228,1.034246564,0.9526010752,1.267108202,1.008459449,1.097855449,1.043439746,1.383820534,1.501689315,1.286826015,1.306144834,1.244105458,0.6895736456,0.8429347277,0.5073860288,1.442690372,1.517304659,1.475747824,1.108583212,0.8003566265,0.6912741065,1.355544448,1.059777975,1.362648964,0.9202334881,0.9187684655,0.8263880014,tyakana
0.8655411601,0.726739645,0.9283404946,2.833425283,2.667451382,1.277140379,1.307524323,3.548233509,3.203672647,1.722310543,1.804374814,2.705198765,1.748327732,1.010820389,1.826436758,2.887022972,2.823857784,2.054475069,2.931455612,2.290206194,3.099755764,2.747630119,3.690237761,3.274740696,4.419565201,3.466222048,3.646258593,2.641638994,2.549058199,3.105244875,2.112928391,2.485525608,3.240571976,3.377902746,2.793545246,2.368958235,3.363115788,3.526934385,2.805561304,2.867740393,3.491879463,3.53358531,2.848677158,3.055634499,4.010620117,2.952322721,1.901446581,3.185805798,3.33745718,1.890927076,0.9301778674,1.981532335,2.602041721,1.779345393,1.104441881,1.653297424,1.914051056,1.251054883,0.8539971709,1.721337914,1.676206946,1.182322741,0.9283684492,1.458810091,1.208607912,0.9546568394,0.8535991311,1.180824995,1.274114013,0.9379013181,1.07051909,1.351750731,1.631326795,1.180398822,1.705250621,1.617579937,1.931028843,1.392181754,1.570718169,1.292299628,1.252900958,1.651984096,1.650621295,0.834148705,0.8522887826,0.8672986627,0.540944159,0.5251924396,1.216653824,1.519020677,1.53883636,1.237016916,2.011005163,1.602826238,1.493354917,1.394778371,1.507515311,1.850233555,1.586578369,0.9590227604,tyakana
1.517732382,1.434171557,1.608786345,3.338307381,3.309758663,1.826000333,1.527277946,4.181252003,4.101944447,1.451321363,1.732174754,2.742539406,2.233519554,1.232117057,1.753559709,3.030661345,3.530666113,2.496715546,2.670105934,2.636178732,3.657059669,3.983144045,4.005728722,3.411564827,4.851109982,4.514779568,3.494072437,2.882928848,2.812241554,3.244418144,2.16591835,2.356402159,3.244174004,3.608202696,3.080948114,2.522942781,3.065623522,3.742526293,3.707800388,2.771040916,3.457451105,4.088476181,3.781562805,3.064366102,3.50737524,3.863188505,3.266729116,2.752198219,3.119578838,2.843711138,1.490413308,1.861191869,2.351917982,2.473729372,2.206391811,1.36504519,1.905385137,1.142624497,1.028461099,1.154904962,1.72573638,1.60516417,1.398893476,0.9424066544,1.210599422,0.6445949674,0.7404158115,0.6842510104,1.249521732,0.9271770716,1.167482972,0.7967419624,1.219931841,1.062563896,1.16155231,1.486986279,1.385703564,1.174342632,1.494106293,1.306296706,1.153935313,0.7900586724,0.8274723887,1.421508193,0.8188710213,0.3974834085,0.2763820291,0.5205659866,0.5258359909,0.4956611395,1.21622777,1.023789763,1.430194497,1.534440994,1.945804715,1.807829976,1.653887033,1.258322001,1.191746831,1.338237047,tyakana
1.913608313,1.580126524,1.409831524,2.952481508,3.193162918,1.290022731,1.807221293,3.416646004,4.140334129,1.282270312,1.758659244,2.249459028,2.256991863,1.34474194,2.285548925,2.685482979,3.655505896,2.452413797,2.551675081,2.156309605,4.276043892,3.86444211,3.397164106,3.180489063,4.906658173,4.500079155,3.209127903,2.540595531,3.536675453,3.846837997,1.854459882,2.018112183,3.117193699,3.895507812,2.438210964,2.509140968,3.79989934,4.261327267,3.371584654,3.012358904,3.926710606,4.638201714,3.882249117,3.015486956,4.634943008,3.738001823,2.804112673,2.334017277,2.707948685,2.918762445,2.000558615,2.031875849,1.775443316,1.262986422,1.491672277,1.278553605,2.060314417,1.838167906,1.397917151,1.002434254,0.7815157175,0.9991265535,1.183231473,0.8903208971,1.166590691,1.098783255,0.5845572948,0.7561410666,1.049854398,0.7023508549,0.7725228667,0.7516038418,1.428066254,1.085299969,1.293290257,1.364958405,1.653294206,1.141757727,1.160903454,0.9163007736,0.7502036691,1.435816526,1.079455495,0.6154875755,0.6008611917,0.5030023456,0.4222821295,0.4812184274,1.00533402,0.8247870803,0.6193130612,0.7640227675,1.50925076,1.330827951,0.9239069819,0.6572066545,1.32226789,1.238376617,0.8121147752,0.830229938,tyakana
1.036327362,1.473843575,1.179753304,1.217188239,3.573122263,1.611923575,1.348866582,1.595790386,4.225604057,2.440314531,1.104593635,1.163258433,1.924712658,2.376214981,2.020280123,2.310350657,2.433048725,4.254486084,2.557789087,1.578095317,2.664622545,4.06355238,4.481223583,2.721313953,4.237871647,3.610047579,4.471268177,2.519229889,2.580928564,2.603758335,3.491257906,3.039538145,2.445818901,2.910577774,2.536428928,3.236355305,2.678773403,3.085922718,2.524145126,4.17206955,4.077394962,3.521780729,3.192646503,4.011426926,4.174047947,2.502583265,1.413213134,1.958416224,2.792625904,2.092784405,1.27382338,1.289074421,2.385969639,2.103189707,1.261088967,0.8562265038,1.493133426,2.349813461,1.535595417,1.369906902,1.074434996,1.996326685,1.925337434,1.200169563,1.304879069,1.501867056,1.880102515,1.135155678,1.407568097,1.289221287,1.206293821,1.517812371,1.44658792,1.327841759,1.386692166,1.861378908,1.107233644,1.152530789,1.211574197,1.531377196,0.9822871089,1.04752779,1.569198966,1.549178004,1.249571323,1.072960258,1.074736714,1.411034703,1.544237375,0.8167538643,0.3694326282,1.234292984,1.69890368,1.515242934,0.5109926462,0.4713899195,0.6620235443,1.322945833,0.5669807196,0.4790432155,tyakana
0.7827961445,1.316389561,1.045300841,1.362594247,3.181433439,1.54772377,1.275606394,2.018053532,3.889868736,2.005394936,1.154674053,1.322995901,1.347640634,1.966575742,1.68117547,2.707933187,2.586158276,3.896788597,2.409540892,2.168350458,2.742380619,4.200335979,4.022688866,3.575391531,4.366939545,3.349808931,4.382315636,2.072045326,2.850841284,2.451938868,3.743745804,2.590720654,3.166962624,2.460826397,2.595228672,3.332855463,3.149114609,2.699436665,2.610541105,4.524329662,3.967451096,3.086081743,3.288025856,4.20904398,3.172762632,1.83031559,1.561467052,1.86423707,2.82964921,1.241916656,1.017213345,1.317992449,2.496451616,1.591011524,1.045542598,1.085941195,2.045420408,2.081583977,1.031567812,1.212631106,1.531365991,2.296061993,1.50909996,1.126991749,1.699349642,1.691300273,1.684524298,1.433483601,1.466531992,1.761335492,1.59977138,1.754442215,1.703309178,1.789042711,1.572701931,1.79306972,1.807444811,1.86899519,1.227035165,1.319928765,1.988878608,1.564725161,1.189929008,1.951346636,1.248681188,0.9642527103,1.125457883,1.817511916,1.398451328,0.5349966884,0.5988645554,1.378572106,1.546073198,0.537553668,0.4253723919,0.5131995678,0.9382992983,0.6378344893,0.3364601731,0.7583941221,tyakana
1.413123131,2.023959398,2.287185669,2.719413996,3.578393221,2.738389254,2.334329605,3.610332251,4.225352287,3.113334656,2.19392705,2.756045341,2.06733942,2.472588778,1.717399478,3.278218746,3.378155231,3.725703716,3.608438492,2.972435236,3.468043804,4.279623508,4.932373524,4.563446999,4.318714142,3.604676485,4.675281525,3.637419224,2.541147232,2.87925458,4.187672138,3.833662271,3.303650379,2.741999865,3.020331383,2.893828154,3.527723312,3.576481819,3.502516985,4.18608427,4.497357845,4.291544914,4.142338753,4.056619644,4.125527382,4.179784298,2.811711788,2.847921371,3.076153517,2.509361506,2.067150593,1.770864964,2.749122143,2.725640774,2.892920017,1.962797046,2.425084352,2.168619394,2.307712078,2.821339369,2.584469795,2.923289061,2.666483641,2.61471653,2.491024017,2.537828445,2.151342869,3.046877146,2.580889463,2.762385607,2.429960251,3.073321819,2.678869247,2.408650875,2.331280947,3.051060438,2.936483145,2.179164648,1.656325221,2.812112808,2.373870134,1.681525826,2.243626356,2.813704014,1.819734812,2.01287818,2.034919262,1.826661587,1.706707239,0.9741405249,1.206024647,1.276328802,1.294228554,1.400499821,1.391067743,0.9413836598,0.4936106205,1.044042468,1.020849347,1.238909006,tyakana
0.4612309635,0.5480164289,0.7471131086,0.9336172342,2.525425196,1.170052528,0.8930191398,1.703194261,2.983166218,2.561850548,1.014979124,1.263139606,1.069320798,1.421903372,1.28942287,2.314186573,1.795807481,2.566737175,3.277433634,2.050391912,1.706533909,2.861153126,3.677916765,4.289230347,2.984647036,2.174502611,3.104311228,3.327952623,2.849575281,1.567824483,2.106259346,2.757322788,3.05354929,2.10006094,1.93423152,2.255014896,2.651730537,3.190597057,2.508244514,2.986216784,3.354803324,3.707949162,4.130394459,2.842346668,3.559255838,3.916122198,3.363656998,2.178456068,1.804027319,1.931532145,2.111915827,1.716952682,1.625296831,1.78752768,1.907408834,1.557303667,1.498472571,1.688151479,1.985564351,2.183859348,1.957709074,1.585979342,1.780824542,1.668009043,1.658616185,1.366873384,1.276725531,1.704215765,1.353038192,1.543476701,1.333466053,1.12729001,0.9935098886,1.533992529,1.512290955,1.479796052,1.004261732,1.589665294,1.466063619,1.421434402,0.9993156195,1.465180039,1.411927819,1.519641519,1.080465674,1.66005826,1.17171967,1.55406177,1.4669981,1.222421646,0.7945337892,1.052722931,1.271028519,1.071239471,1.154062748,0.6136705279,0.650669992,0.6882115006,0.9704514146,0.9048498273,tyakana
0.6268513799,1.058181047,0.9212626219,1.210544586,2.703494072,0.951320827,0.9011753798,1.977641106,3.884049177,1.524576664,1.166542768,1.349527717,1.652952075,1.982637405,1.332428336,2.524107218,2.166042328,3.698694706,1.963839293,1.985965371,2.194599152,4.166684628,4.023068428,3.561953068,3.585563421,3.232113838,4.194369793,2.47077322,2.239201307,1.987032413,3.622980356,2.653628826,2.090949059,1.967141032,2.651492596,3.160743475,1.823014021,2.176800251,2.754832029,4.359079838,3.420426369,2.85821557,3.786045313,4.490537167,4.220623016,1.963460565,1.854582906,2.556429863,2.932906866,1.567965508,1.081547856,1.313494444,2.3151474,2.052184105,0.8950746655,1.588051081,2.394701958,2.288045406,1.109638095,1.378149033,1.542818546,2.510151863,1.862658978,1.09828794,1.459877372,1.650011778,1.587667465,1.197981,1.168354154,1.402065635,1.760994315,1.280039907,1.223462462,1.358907104,1.372147322,1.598467827,1.283012748,1.272770166,1.315428376,1.596261501,0.9008247256,0.8183400035,1.174918652,2.067630529,1.815842867,1.086036325,1.446531534,1.918907642,1.847892165,1.035067439,1.019302964,1.15544188,1.646695256,1.129654884,0.8503750563,0.7807170749,0.6837416291,1.157226324,0.3120671213,0.5964629054,tyakana
0.6738367081,0.7145990133,0.7186836004,0.9057428241,2.425631523,1.218911052,1.063038349,1.599685311,3.564546108,1.988395333,0.9819689393,1.152870536,1.419109344,1.779066563,1.240988135,1.855998635,2.258252144,3.402051926,1.982407689,1.71673131,2.019889832,3.697114229,4.15109396,3.565826178,3.11070919,2.651497841,4.059140682,2.844347,1.873846412,1.809120893,2.955093622,3.223226547,2.009345531,1.686534524,2.249928236,3.012271166,2.138576984,1.768929482,2.268559456,3.820616484,4.127243996,2.328417063,3.426540613,3.828641891,4.179758549,2.41309166,1.63397491,1.905812025,2.412728786,2.192835331,0.8009328246,1.003098488,1.991696239,2.166133165,1.059555888,1.240997434,1.621430993,1.784890175,1.583004475,1.266446948,1.222470403,1.862485409,1.825547218,1.346745372,1.266394854,1.028667688,1.344516277,1.479510546,1.068058848,1.198959827,1.102697372,1.667538285,1.28111887,1.1641258,0.9679620862,1.640618443,1.38124907,0.9349532127,0.953471303,1.819072843,1.377029657,0.6885527968,1.012097478,1.825920224,1.684164405,1.590200782,1.225680113,1.211081386,1.402883172,1.040164351,0.6387578249,0.6169502139,0.8360643387,1.093482852,0.5365762711,0.3795675933,0.3059494197,0.6551193595,0.5842671394,0.5410366654,tyakana
0.4614877701,0.5952106118,0.8882827163,1.108535528,2.572012901,1.303957939,0.9554193616,1.269870996,3.32833147,2.045500994,1.192319393,1.142600775,1.104803324,1.725312829,1.527137756,2.163767576,2.195842505,3.354841471,2.380987883,1.991889,2.079708338,3.701091051,4.209032536,3.484068394,3.413105011,2.980250597,4.173735619,2.992780447,1.966889501,1.653329372,3.174790144,3.2575984,2.230302095,1.590545654,2.427604437,3.151471376,2.898490429,2.106640816,2.289913416,3.981101513,4.523871899,3.151090622,3.121552706,4.086980343,4.148318291,3.180383205,1.727707744,2.054075241,2.310210705,2.175709248,1.02777648,1.274416327,2.289458036,2.079918623,1.900932789,1.309008121,2.017371416,2.293145418,2.145404577,1.323944449,1.132344127,2.09098649,2.240352631,1.668661118,1.101849914,1.506162882,1.520418048,1.810005188,1.395786166,1.611468554,1.710485101,1.131310701,1.914119124,1.509757876,1.414551497,1.49898386,1.655850053,1.322264552,1.282425761,1.409729481,1.394122481,0.8788934946,1.338216305,1.44154644,1.189065218,1.800444722,1.177392125,1.488716245,1.304628611,1.094299197,1.200925708,1.415838838,1.562032223,1.333334684,1.519068599,0.5412017107,0.8063092232,1.094107389,1.027798653,1.160923839,tyakana
0.5759959817,0.7801148891,0.7460879683,0.9665513635,2.433293343,1.139306426,0.8444464207,1.580619812,3.444254398,1.459614873,0.91025424,1.130401254,1.299710393,1.677741051,1.130118608,2.132240295,2.275395632,3.455005169,2.297292471,1.994372129,2.355497599,4.38397789,3.726551056,3.367416859,3.882457972,3.464096785,4.067371845,2.163874626,2.412451744,2.134241581,3.513794184,2.417989731,2.517760992,2.033634424,2.85052681,3.120319366,2.619229317,2.305236101,2.519119263,4.164399147,3.433721066,2.628362179,3.245040417,4.555314064,3.582155704,1.399414897,1.543574095,2.597756624,2.402987242,0.9908784032,0.8482204676,1.749137521,2.596145153,1.341405153,0.782821238,1.167115808,2.255072117,2.002779007,0.8191307783,0.9261482954,1.507945895,2.158750534,1.290964007,0.9005427957,1.34950757,1.697121739,1.632190466,0.9281730056,1.110986114,1.498833776,1.504116654,1.519565225,1.313130975,1.374041557,1.289826155,1.528136849,1.205681086,1.267731071,0.9428986311,1.254089952,1.358591557,0.8658638597,1.115834355,1.655082583,1.002713919,0.8590806723,1.340764403,1.748111963,1.331505895,0.7652528286,0.8418985009,1.426952839,1.41796267,0.8352444768,0.4615107775,0.5589540601,0.7175933123,0.8557907939,0.4809598327,0.9027433991,tyakana
0.4733940959,0.843958199,0.568741858,1.024886608,2.433079481,0.77197963,0.768399179,1.60896349,3.511180878,1.408306718,0.8761198521,1.227116585,1.312304258,1.680038095,1.130340219,1.606210589,2.374048948,3.608208418,1.898438931,1.72193265,2.253752232,4.1713624,3.587158203,3.503438234,3.726316452,3.180081367,4.158555984,2.142666578,2.601263523,2.190471411,3.948280096,2.494089603,2.712340117,1.946330309,2.801181316,3.401754379,2.354587078,2.393408298,2.759124279,4.863461971,3.318751335,2.610920668,3.320111752,4.588242054,2.930532217,1.415122986,1.344236493,2.33265996,2.90315938,0.8621179461,0.6866249442,1.261969805,2.602669954,1.157176971,0.8541013598,1.047929168,2.215479612,1.956716061,0.7955508828,0.9942294955,1.212989211,2.317284584,1.095358014,0.9841786027,1.225870967,1.766193867,1.277579069,1.234358072,0.686548233,1.574340224,1.228720665,1.52693975,1.250384092,1.541242003,1.190886736,1.401754379,1.274955153,1.305789948,1.320145845,1.412667274,1.485437155,0.9056978822,1.401274204,2.073748827,1.004456878,0.7963511348,1.383847117,2.277612925,1.370691895,0.5108402967,0.7564875484,1.710892081,1.695519805,0.5425130129,0.5281379819,0.631526649,0.9487703443,0.4918217361,0.2832350433,0.7225993276,tyakana
0.6226235032,1.010766745,1.119518518,0.9381277561,2.931124926,1.73818481,1.415649176,1.631295085,3.852903128,1.999742746,1.424894691,1.348215938,1.490036488,1.858780384,1.684543967,2.431819916,2.543623686,3.790462971,2.338357687,1.730530739,2.6775527,4.368623734,3.724884033,2.881394386,4.492337227,3.792312622,4.121099949,2.080317736,2.724121332,2.313206434,3.751821756,2.410864353,2.989597559,2.801959753,2.889736176,3.101304293,3.050792933,2.847329855,3.03166461,4.473436356,4.047092915,3.171127796,3.837110043,4.485067844,3.481078863,2.27314949,1.839189053,2.484636068,2.49373436,1.454496384,0.981313169,1.421163201,2.367726326,1.529501319,1.216689467,1.256702542,2.148641348,1.854850411,0.9902545214,1.460753322,1.534256339,1.813401699,1.582397819,1.248690844,1.618749261,1.54632473,1.482497811,1.212641954,1.53485167,1.372782707,1.352514267,1.587833405,1.369220972,1.519310236,1.60284555,1.639188886,1.451025248,1.414788008,1.298641443,1.376554132,1.368095279,1.781564951,1.226739049,1.357890606,1.051075101,1.682170272,1.202454925,1.455722332,1.024225593,0.6478270888,1.105713487,1.760339022,1.357377529,1.012717485,0.7057157755,0.7457427382,0.7775232792,0.7365962267,0.512572825,0.9286347628,tyakana
0.8311935067,1.290674806,1.416355252,1.813653708,3.589904308,1.494769573,1.01552701,2.369313955,4.101363182,2.209493876,1.095633149,1.774521708,1.593968391,2.053282022,1.90711391,2.642518759,2.196841002,4.029390812,2.162392139,2.221359968,2.408242226,3.621085405,4.305412769,3.518335104,3.422961235,2.926110506,4.729533195,2.919036627,2.839586496,2.132903576,3.044386625,3.186116934,2.126195908,1.838330507,2.359965801,2.962440968,2.421936035,2.188857317,2.42289114,3.856580257,4.008350849,2.844222784,3.233987331,3.544256926,4.154959202,2.053915262,1.638437867,1.821742296,2.738824129,2.170727491,0.9937625527,1.205066562,2.226505518,2.456151485,1.234092712,1.317481756,1.902600527,2.605099678,1.764766216,1.705010414,1.505180717,1.769043088,2.532984018,1.574197769,1.414236307,1.517933607,1.975142002,1.512163162,1.239144802,1.221238017,1.100696802,1.741521716,1.322179675,1.267431974,1.150049567,1.834679723,1.281978488,1.430771351,0.9362424016,1.624531627,1.848848224,1.281004071,1.039624095,1.638152838,1.921397567,1.12099731,0.8711118102,1.012518644,1.412769437,1.212920427,0.7287943959,0.9850958586,1.593019843,1.875515461,0.6121457815,0.8165860772,0.962543726,2.133903265,1.448933005,1.009153605,tyakana
0.7588297725,0.8880360126,0.9619669914,2.040074348,3.008363008,1.515302539,1.381381989,2.846065998,3.842936039,1.609580517,1.177646399,2.315037251,1.796201825,1.49614346,2.253521442,2.773010492,2.464355946,3.634196281,2.10413456,2.284420013,2.45012641,4.755537987,3.144827366,3.785148382,3.436915874,4.323059082,3.755802155,2.613823414,2.42660284,3.115095139,3.496159554,2.404002666,2.470304966,1.787176251,2.663682699,2.348253965,2.024907589,1.570101619,3.432514429,3.505260468,2.969897985,2.323922396,3.806432486,4.106516361,2.686468124,2.195665836,3.283612967,3.372403383,2.117942572,1.235657692,1.261568308,1.739038825,1.968491673,1.21591723,1.276522517,2.10346365,2.000879049,1.479894757,1.367605925,2.278023481,2.228438616,1.605779409,1.593560338,1.85573566,2.436671257,1.331601858,1.486312747,1.557329893,1.989517927,1.249494672,1.177813053,1.566263914,1.932414651,1.234743357,1.119685173,1.483163118,1.602939248,1.54731667,1.11993134,1.610723495,1.65368259,1.896407723,1.655473948,1.662225723,0.8934479952,2.201787949,1.573012233,0.919696331,1.151358843,1.75368011,1.765138149,1.583541512,1.267526031,1.146681666,1.96111691,1.047778487,1.271005511,1.189262152,2.306489229,1.273234367,tyakana
0.6116057038,1.103679776,1.550408959,1.32022953,3.498521805,1.783425927,1.378255963,1.343764305,3.941541195,2.50295949,1.527406335,1.547656775,1.789389729,2.020162821,2.03881526,2.421193838,2.258276463,3.501130104,2.314181805,1.757006764,2.690399408,3.618952751,4.187347412,3.223262072,3.914450169,3.103153944,4.3292346,2.589149952,2.717489004,2.296379089,2.416018486,2.730497122,1.983681202,1.878068089,1.602856874,2.617377043,2.433416128,2.255350113,2.047701597,3.029481411,3.823538542,3.105826139,3.188511133,3.021644115,4.172715664,2.973233938,2.254664421,1.959514737,3.145271778,2.204025269,0.8779293895,0.9381539822,1.920235038,2.529209375,1.181793213,1.068467498,1.233539104,2.419005156,1.808789492,1.375017047,1.199738622,1.989127159,2.497437954,1.609512448,1.313687682,1.48574996,1.817747116,1.433193207,1.540883064,1.321183562,1.132268667,1.270834565,1.440651059,1.528062701,1.193805218,1.634038806,0.987632215,1.529121041,1.246699333,1.49824357,1.544472814,1.506543279,1.499600768,1.134544134,1.688050985,1.437994957,1.057632089,0.7183414102,1.329348922,1.460530996,0.7437343597,0.8194159269,1.850350857,1.900200844,1.444681287,0.9040285945,0.8976630569,2.000859976,1.832155108,1.037729859,tyakana
0.3781647086,0.5263786912,0.5904034376,1.164195299,2.412221909,1.453652382,1.090346217,2.097728014,3.440324783,1.525558233,1.230448127,1.657168984,1.591745734,1.263811827,1.811576962,2.411774874,2.215777159,3.284507513,1.994213462,2.063542843,2.439085484,4.469787598,2.318914652,3.735241652,3.68945241,3.823641539,3.404185534,2.542586565,2.668121576,2.492054701,3.100210428,2.242803097,2.336061954,2.112477541,2.687956095,2.21837616,2.224482775,1.954995036,3.167687178,3.307184458,3.113189459,2.677984953,3.493462086,3.869846344,2.491369963,2.159330368,2.527271271,2.81750989,1.600514293,0.9955230355,1.018387556,1.451352835,1.43934679,0.7847175598,1.298879743,1.540930748,1.838541031,0.6158503294,1.256214023,1.564030766,2.105264425,1.138364911,1.384168029,1.511599541,1.753493309,1.523402929,1.575935364,1.55735445,1.468522191,1.560726047,1.39543438,1.996278405,1.439124823,1.623936057,1.537892699,1.537860751,1.564310551,1.561809301,1.270904422,1.5243572,1.813670993,1.43393898,1.867776513,1.416291595,0.9519776106,1.495184541,1.606013656,0.4729291201,0.7334029078,1.353814483,1.808407187,0.8487863541,0.9259662032,0.8833795786,1.35865128,1.107712388,0.5530697703,1.097379684,1.468339443,1.552916527,tyakana
0.6169047952,0.5990259647,0.8028372526,0.8857697845,2.625697851,1.624073744,1.28380537,1.411436319,3.20684576,1.934165001,1.024809718,0.9553230405,0.8716407418,1.516173005,1.570604682,1.850401282,1.690427661,3.292380571,2.392965317,1.507407665,2.082763672,3.278314829,3.841748476,3.04028368,3.6428895,3.106348038,3.968320131,2.550232887,2.518345833,1.781321049,2.378714323,2.70437479,2.273709297,1.840190411,1.527141929,2.520886421,2.312281132,1.788054943,2.017889023,3.133918762,3.785787344,2.558800459,2.971901178,3.095830202,3.892200232,2.700709581,1.78872478,1.57578373,2.231120586,1.866292238,0.604921639,0.6552250981,1.321513176,1.813908935,1.143516541,0.9227164388,1.409118652,1.907028198,1.529317856,0.8957012296,1.320899248,1.410862803,1.83048749,0.9758303761,1.382980585,1.28634274,1.365045786,1.50951004,1.032681823,1.635889173,0.997076273,1.475090265,1.248744249,1.407297015,1.093795776,1.432422519,1.096308708,1.442907572,1.038083315,1.189035416,1.545157194,1.160815954,0.7591819167,1.217508674,1.430232882,1.008657932,0.5787654519,0.9167694449,1.288373232,1.233862758,0.638494432,0.9179754853,1.644962668,1.647238016,1.452686548,0.6851907969,0.9435830712,1.867769241,1.811764836,0.8787947297,tyakana
0.5067486763,0.4216176867,0.7575256824,1.381458402,2.475522518,1.3455199,1.132437944,2.364712477,3.58080411,1.283796191,1.148211241,1.877074361,1.537535548,1.400214314,1.759885311,2.466657162,2.091332674,3.624219656,2.036050081,1.965710878,2.153523445,4.572606564,3.03313446,3.603731871,3.422489882,3.607583046,4.048079967,2.328836918,1.916279197,2.132732868,3.367181301,2.11926198,1.889293313,1.79825449,2.945441961,2.445493698,1.720718503,1.656538963,2.782191515,3.695819616,2.602874517,2.703546524,3.464112997,4.452641964,2.55079937,1.843343258,2.51812315,3.04449296,1.816891074,0.832713306,0.9186734557,1.617088079,2.036663055,0.8577076793,0.9828694463,1.43433547,2.161382675,1.199183583,1.151186228,1.369737744,1.816581011,1.193605065,1.448255897,1.215617657,1.517611027,1.212213278,1.409419894,1.214982271,1.245825171,1.289634228,1.109087825,1.389788508,1.57853961,1.114928722,1.327944517,1.640253544,1.083693147,0.6629330516,1.302776694,1.588482976,1.039139509,0.6702341437,1.693131208,0.9619098306,0.3900417686,0.9218861461,1.260885477,0.5573602319,0.2772942781,0.8866472244,1.254140019,1.558961749,0.7725986838,0.7965826392,1.296927094,0.9903408289,0.6828728318,0.677063942,1.419785261,1.20244658,tyakana
0.404984802,0.4960859418,0.5811740756,0.9304577112,2.41421628,1.337324977,1.036034584,1.605072379,3.508841753,1.614490986,1.37936902,1.533576488,1.635755301,1.338946342,1.67489934,2.171537161,2.523841143,3.520055771,2.049524546,1.631837845,2.472093105,4.545309067,3.064406633,2.941491842,4.018063545,4.06818819,4.207622528,1.841524839,2.560961008,2.859046221,3.406982422,1.530650377,2.404628515,2.659645557,2.474370956,2.107517719,2.150144815,2.508966684,2.739257574,3.434643269,3.004147291,2.975355387,3.585821152,3.736632586,2.91920948,2.182742357,3.360226154,3.58186698,2.583754063,1.438857079,1.222314835,1.773935556,2.150994301,1.097568274,1.184225082,2.335720062,2.4933002,1.621136665,1.22187686,1.997646451,2.305020332,1.624474406,1.483196259,1.621752501,2.307509661,1.69308722,1.427328825,1.049340844,1.567057848,1.617954731,1.448871732,1.328413129,1.54323101,1.337315798,1.551980138,1.763450027,1.172208905,1.433764338,1.33972311,1.681260943,1.484913468,1.715583682,1.754018903,1.504730582,1.083588243,1.870938778,1.656014323,1.282696247,0.9092262983,1.536250591,1.79665184,1.642783761,1.376452804,1.119283199,1.583537579,1.748978257,1.485507369,1.051939011,2.138480186,1.492751241,tyakana
0.7122773528,0.5582030416,0.8273079395,1.286385894,3.010500669,1.299808025,1.020289063,1.667547107,3.841372252,1.712949872,0.8961897492,1.243755698,1.338415504,1.97032392,1.891577244,2.15444994,1.913176537,4.088299274,1.841346979,1.348009944,2.154878855,4.076723576,4.027891636,3.084021091,3.541330099,3.112225294,4.630599976,1.954636097,2.282158136,2.142708063,3.474100828,2.364975929,2.418300152,2.073004961,2.198445797,2.835039616,2.165499687,2.030471802,2.233492374,3.90097928,3.358729601,2.952949047,3.514130831,3.609137297,3.897405863,2.324669361,2.170417786,2.222496748,3.233443499,1.284658074,0.9157021642,1.542522907,2.414907217,2.056951046,0.8605394959,1.016796231,1.897765875,2.571801662,0.9850965142,0.9812381864,1.442736745,2.352408171,1.588238955,0.8628019691,1.2658571,1.688334346,1.711270928,1.118177652,0.9257071614,1.566995144,1.097036362,1.393868446,1.043570042,1.295537591,1.485968351,1.183522701,0.8799375892,1.10094583,0.8828009963,1.470108271,1.257951617,1.075055122,0.928709209,1.83115232,1.106739402,0.5492688417,0.6787839532,1.409574866,1.799704313,0.7640710473,0.7002538443,0.9377541542,2.34762311,1.01453197,0.6869655252,1.018004775,1.449785948,1.727822781,1.024432659,0.9126448035,tyakana
0.5697370768,1.023193955,0.9380850792,1.442535996,2.993258715,1.098453999,0.7915005684,2.055849314,3.898294926,1.897950292,1.208717585,1.413765788,1.605737925,1.737527609,1.840673327,2.4359653,2.011314631,3.973886251,2.467048883,1.945122838,2.24973464,4.48025465,3.53196454,3.654525042,3.354216337,3.417510748,4.593907356,2.518660545,2.693066597,2.067294359,3.846835375,2.45685339,2.428145885,1.590627551,2.848211765,2.763459921,2.234030962,1.894125104,2.794978619,4.185195923,3.02408886,2.302484274,3.242906094,4.527522087,2.739304543,1.75611794,1.286177516,3.104134083,2.847099781,1.01322937,0.9463148117,1.5205158,2.692893028,1.083920956,0.9934818745,1.600102067,2.60347271,1.467726588,0.9894214869,1.606923938,1.934599638,1.926880479,1.023529768,1.600283623,1.64256978,2.039246082,0.9950063229,1.495267034,1.255344987,1.872444868,0.961755693,1.529496431,1.392573357,1.572878242,1.429877043,1.139539957,1.318771601,1.407395601,1.524624228,1.44117415,1.519900918,0.9056790471,2.138545752,1.826126575,0.8547161222,0.8354918361,1.625492811,1.455336213,0.8895267844,0.6336984038,1.150479674,1.885379076,1.224913716,0.3915072083,0.617310524,1.777222157,1.448649406,0.6947140694,0.7234623432,0.9943008423,tyakana
0.6081030369,0.7166560292,0.942443192,1.244307995,2.92258954,1.355259895,1.161328435,1.87885797,3.972283602,1.913583517,1.25518167,1.355752945,1.682293892,1.843302727,1.739856482,2.147044659,2.087762833,3.836610317,2.325680256,1.821375966,2.25111866,4.663455009,3.835628748,3.425595045,3.377797127,3.531776428,4.621757984,2.618082523,2.519910574,2.554848433,3.872948885,2.617564678,2.306604147,1.894155264,2.863912106,2.935755968,2.288587093,1.906231761,2.988011599,4.024537086,3.666208267,2.579740286,3.615534782,4.181027412,3.706789732,2.622998714,2.310288429,3.620232582,2.726177692,1.566026211,1.136942983,1.96074295,2.687832832,1.956933618,1.160220027,1.33739841,2.503391743,2.265883207,1.570374489,1.493932366,2.451354742,2.198779106,1.816176653,1.388510823,2.15748167,2.190109253,1.66568172,1.278605103,1.274810553,1.945260167,1.279243231,1.185605764,1.172308207,1.484057188,1.571976781,1.345053673,0.8966500759,1.194307208,1.398591638,1.487325907,1.40190959,1.152853847,1.919567704,1.842559814,1.396138906,1.090537548,1.911801815,1.4597615,1.547130227,1.024310708,1.833051443,2.083468914,1.943344831,1.75716567,1.189609766,1.68649292,1.648691416,2.097378731,1.293915391,1.881697655,tyakana
1.403594613,1.424183369,1.867877245,1.324757814,4.050819874,1.838685155,1.366426468,1.880065203,4.013398647,3.097885847,1.405212402,1.36563611,1.77635324,2.195921898,2.147704124,2.124771595,2.436096191,3.76632905,3.394461632,1.550101876,2.736042738,3.864667416,4.39048624,2.61751008,2.75831008,3.765873194,4.155086517,2.999530077,1.738953352,3.517393112,2.912956715,2.324575901,1.415807724,2.3527596,2.090818167,1.967737913,1.210007668,1.915188551,2.602327824,2.154064417,2.986911058,2.08772254,3.523056507,2.398819923,3.756664038,2.967330456,2.192325115,1.475453854,2.144233227,0.9420537949,1.670989871,1.064121485,1.052229643,1.930759549,1.50351274,1.239697933,0.807000041,0.7707286477,1.138952851,1.247538447,0.9874168634,0.8648456335,1.295317173,1.350834966,0.913480401,0.968554318,0.7658208013,0.9093430042,0.866658926,0.7284992933,0.5975469947,0.8329590559,0.9438105226,0.4799953401,0.7516863942,0.983727932,0.9514125586,1.030908704,0.8207633495,1.106323719,0.9623914957,0.715282321,0.7670669556,0.5482851267,0.6528537869,0.5818206072,0.2975282371,0.5382506847,0.5655677319,0.6015421152,0.3751000762,0.3628091812,0.487010628,0.4314143956,0.3969652951,0.4258501232,0.4383517802,0.4487520158,0.260201931,0.2371091843,tyakana
0.3645734489,0.4039388299,0.5347902775,0.9571819305,3.118537188,1.438413024,1.239595413,1.530540705,3.40856123,2.574189186,1.100163817,1.099119186,1.447064996,1.847074389,0.7146731615,1.162067413,2.426275969,3.358962059,3.413137913,1.914247513,2.534967661,3.147146463,4.268212318,2.919034004,3.847837925,3.183258533,3.987287998,3.745671749,2.711914301,2.692923546,2.382988453,3.282144785,2.463914156,1.781211019,1.372223735,2.024267912,2.33484292,1.761568546,1.952688575,1.861092448,3.691152573,2.862746954,2.799793959,2.21255827,4.176634789,3.829372883,2.12789917,1.47896862,1.970672607,2.591774702,1.555065632,0.8531504869,1.539724946,2.199284315,2.114646673,1.044609785,1.067553639,1.982983112,2.501369476,1.481262088,1.142161369,1.774860859,2.212924242,2.270293951,1.228684187,1.564073563,1.844177842,2.126470804,1.218914866,1.239731073,1.322014213,1.04177618,1.305300713,0.7834002376,1.059008956,0.974491775,1.601014614,1.286242604,1.379734159,1.381430745,1.471544504,1.474582672,1.241574883,1.098588943,0.9739784002,1.942444801,1.340914965,0.8915753961,1.078147292,1.777384162,1.936567783,1.36486125,0.8399127126,1.63468647,2.074719667,1.699696422,0.8123801351,1.320451021,1.784336448,1.768243313,tyakana
