feat_000,feat_001,feat_002,feat_003,feat_004,feat_005,feat_006,feat_007,feat_008,feat_009,feat_010,feat_011,feat_012,feat_013,feat_014,feat_015,feat_016,feat_017,feat_018,feat_019,feat_020,feat_021,feat_022,feat_023,feat_024,feat_025,feat_026,feat_027,feat_028,feat_029,feat_030,feat_031,feat_032,feat_033,feat_034,feat_035,feat_036,feat_037,feat_038,feat_039,feat_040,feat_041,feat_042,feat_043,feat_044,feat_045,feat_046,feat_047,feat_048,feat_049,feat_050,feat_051,feat_052,feat_053,feat_054,feat_055,feat_056,feat_057,feat_058,feat_059,feat_060,feat_061,feat_062,feat_063,feat_064,feat_065,feat_066,feat_067,feat_068,feat_069,feat_070,feat_071,feat_072,feat_073,feat_074,feat_075,feat_076,feat_077,feat_078,feat_079,feat_080,feat_081,feat_082,feat_083,feat_084,feat_085,feat_086,feat_087,feat_088,feat_089,feat_090,feat_091,feat_092,feat_093,feat_094,feat_095,feat_096,feat_097,feat_098,feat_099,feat_100,feat_101,feat_102,feat_103,feat_104,feat_105,feat_106,feat_107,feat_108,feat_109,feat_110,feat_111,feat_112,feat_113,feat_114,feat_115,feat_116,feat_117,feat_118,feat_119,feat_120,feat_121,feat_122,feat_123,feat_124,feat_125,feat_126,feat_127,feat_128,feat_129,feat_130,feat_131,feat_132,feat_133,feat_134,feat_135,feat_136,feat_137,feat_138,feat_139,feat_140,feat_141,feat_142,feat_143,feat_144,feat_145,feat_146,feat_147,feat_148,feat_149,feat_150,feat_151,feat_152,feat_153,feat_154,feat_155,feat_156,feat_157,feat_158,feat_159,feat_160,feat_161,feat_162,feat_163,feat_164,feat_165,feat_166,feat_167,feat_168,feat_169,feat_170,feat_171,feat_172,feat_173,feat_174,feat_175,feat_176,feat_177,feat_178,feat_179,feat_180,feat_181,feat_182,feat_183,feat_184,feat_185,feat_186,feat_187,feat_188,feat_189,feat_190,feat_191,feat_192,feat_193,feat_194,feat_195,feat_196,feat_197,feat_198,feat_199,label
0.8116408587,0.992202878,1.037501931,1.212444901,3.344583511,2.029728651,1.620233536,1.63352704,3.662272215,3.908020258,1.77959764,1.199698687,2.073220253,2.657837868,2.491675377,1.203562856,1.030742288,3.030769587,3.345235586,3.008488178,2.569882393,3.306187153,3.066908121,3.455353737,3.256145477,4.026575089,3.951618671,3.68149972,4.501339436,4.54200983,4.008087158,3.525084972,2.596554995,3.189666271,3.232973337,3.334375858,2.103995562,1.568770766,2.059359074,2.678528547,2.282151461,2.828559399,2.825735807,4.223971844,3.573966265,2.404107809,3.150994778,3.794293642,3.739096642,3.316133022,3.402356386,3.607976675,4.012733459,4.046611786,2.784327269,2.514251709,2.69628191,2.449519634,2.929414988,2.15162921,2.474230766,2.21105361,2.296457291,1.556237698,2.086894035,2.129474878,2.002770901,1.935190916,2.121561766,2.126923323,1.974388957,1.908025742,1.784870028,1.974450588,2.14469862,1.950744867,1.872566104,1.900519013,2.055532455,1.965031505,1.783266187,1.402929306,1.627398849,1.584485888,1.694624543,1.637824178,1.594353914,1.740024805,1.836316347,2.078941822,1.542813063,1.916605234,1.630920172,1.42638576,1.366585732,1.645253062,1.727386117,2.429830313,1.787927032,1.96235466,1.667994738,1.762773991,1.415169597,0.8418522477,0.9451574087,0.5950676799,1.116681933,1.758257031,1.309923768,1.292168379,0.9875118732,1.644328117,1.694190383,1.654622555,1.268291473,1.347095966,1.836973071,1.467458963,1.327072501,1.515546441,1.304935813,1.678457022,1.198774457,0.9808312654,1.212378263,1.055723548,1.376280546,0.784573257,0.5896074176,0.3640035689,0.6179338694,0.8358915448,0.8791985512,0.9277250767,1.007744789,1.287969589,1.309239984,1.003601789,1.080207109,1.086477518,0.9895245433,0.7309134603,0.8198770285,0.5959401131,0.6408728957,0.9347473979,0.5182765126,0.9661642909,0.6373838186,1.001456857,1.074259043,0.6139195561,0.6069355607,0.5324426293,0.6622089148,0.4303143024,0.3523882926,0.4497798085,0.1767758876,0.07130818814,0.1179316938,0.09552057832,0.04208299145,0.0511322096,0.06057874858,0.05140218884,0.06281273067,0.05967243016,0.04611769319,0.08477061242,0.0585620515,0.08788478374,0.05011433735,0.05470375344,0.04187360033,0.05044208467,0.03101472184,0.03363290802,0.05565706268,0.0287569575,0.02978493832,0.0315550901,0.04528890178,0.06418827921,0.04344410822,0.04587200657,0.02197387442,0.009666534141,0.0107499687,0.01245635003,0.0166440662,0.02279406972,0.01663737372,0.01547405683,0.02220047824,0.01747910678,0.01213509962,0.01121298876,0.012429717,0.007776142564,sakana
1.224428535,1.530626893,2.054265261,2.274825573,3.721784592,2.38262558,1.294067264,1.985157847,3.942279339,4.503195286,2.686411142,1.51461494,2.720159769,2.978012085,2.958199739,1.046765566,1.751887798,2.371337891,3.354764223,4.186444759,3.272980928,2.970245838,2.386898756,2.588519573,3.757874489,3.887779474,2.824151516,2.435422897,3.589891911,4.913072586,3.316310167,2.465454102,1.526412249,3.484228611,2.802598476,2.099186897,1.131787062,2.406033278,3.158106327,2.678812265,1.948004127,2.546916246,3.021908998,3.505787849,3.579486609,2.899426937,2.902573586,2.899097681,3.916346073,3.923508644,3.716086388,3.291169643,3.74807024,4.706568718,3.035836697,2.2596066,2.388989449,3.105817795,2.397392273,2.298482656,2.163548946,2.459550142,3.234276533,2.437021017,1.423035502,0.9151676893,1.395884871,2.091466904,1.922558427,0.8489247561,1.359102964,1.381884933,1.784670353,1.912814617,1.301292181,1.172326803,1.334028959,2.174371481,2.023369074,1.344070196,1.282556295,1.112341404,1.4109447,1.587502241,1.094762444,1.064148307,1.112528324,2.010084152,1.63734901,1.061128378,1.117376566,1.09474957,1.468067765,1.536523581,1.318831444,1.457757473,1.665213227,2.108505249,0.9620965719,0.9960778952,0.947650373,1.367563963,1.731181622,1.207180977,1.093500614,0.6106234789,0.6417220235,0.537832737,0.5211378932,0.3665875494,0.1594068706,0.3401551843,0.3540735245,0.2427108437,0.1274496019,0.2999351025,0.418734163,0.7070276737,0.4695123434,0.2828020453,0.4566938877,0.8934977055,0.8507939577,0.9728295803,0.824475646,1.021666765,1.482094884,1.216156006,0.9311905503,1.242480397,0.7415867448,0.915282011,0.7644271851,0.6947856545,0.6051508784,0.5428115726,0.4986685216,0.4857930243,0.5179404616,0.2541721165,0.2839954495,0.4019726813,0.3161925077,0.4496624172,0.3787982166,0.3062122166,0.4412966371,0.4582784772,0.3323967159,0.253316313,0.4740957022,0.2116299272,0.1698185503,0.1358209401,0.09161261469,0.131524682,0.1045525372,0.1151620373,0.1476862729,0.2664136887,0.1403066963,0.1316933036,0.1153268442,0.1515530646,0.12156903,0.1282741725,0.09353709221,0.1846616864,0.1116226166,0.2100585848,0.1793854088,0.2360557169,0.2693427801,0.1527048796,0.1550525129,0.2217703462,0.2120480537,0.1097646505,0.1797785908,0.2108596712,0.1913997382,0.1297830641,0.240046367,0.3472490609,0.401994884,0.2000583559,0.1646976322,0.1619390249,0.152616024,0.2077972144,0.2315786034,0.1376202703,0.07939833403,0.09845687449,0.06859948486,0.03472798318,0.01561705302,0.0219835788,0.01909886487,0.01929111592,sakana
0.7676787972,0.9877932072,1.268566728,0.6143094301,2.781526566,1.785231829,1.230998755,1.309316516,3.254782677,3.718689442,2.467288256,1.043051243,1.577238083,1.979284763,2.088583946,1.205797195,0.8458114862,2.291015387,2.30897975,3.128252029,2.356884003,2.928907394,2.715034246,2.254161835,3.095956802,4.207184315,3.329698324,2.485933065,3.347164392,4.736237526,3.973959446,2.905637741,1.736336946,3.111865282,3.011504412,2.78314662,1.953416944,1.84294641,3.258926868,2.710184574,2.544670582,2.699517012,2.984425545,2.861280918,3.481753111,3.100232363,3.854110003,3.351979494,3.165436745,3.925684929,3.887798309,4.231868267,3.819011211,4.388609886,3.786567926,3.199099541,2.642065048,2.295934439,1.898641109,2.688047171,2.290596724,2.357878447,2.588160753,2.113195658,1.838014126,1.476132751,1.433994055,1.326580882,1.651228786,1.397265673,1.288866401,1.533917904,1.675263524,1.808250189,1.830002785,1.594940424,1.779390454,1.822104216,2.06444025,1.983547568,1.76262939,1.45299387,1.425505757,1.584718347,1.600658536,1.182213426,1.117112756,1.499360323,1.543089509,1.774152279,1.214255095,1.222676396,0.9434788227,1.487905145,1.776141644,0.9480378032,0.8735947609,1.123250008,1.316653967,0.7857670784,0.631922245,0.9100421071,1.167551041,1.178005457,0.9181316495,1.135065675,1.240345478,1.019898891,1.612875104,1.099468946,0.7485418916,0.3863042295,0.5763117075,0.5647432804,0.4794557989,0.3450699449,0.5712998509,1.121335506,0.9677298069,0.6877355576,0.8228999376,0.6622334719,1.290079474,1.692245722,1.798335314,1.658460975,1.51311636,1.984792948,2.020557165,2.011117697,1.544062138,1.136906862,1.427655816,1.136896372,1.368871331,1.324535966,0.7789650559,0.7661324143,0.7563955188,0.3557602167,0.4120375216,0.3729899228,0.4268837273,0.9106282592,0.7300657034,0.825532496,0.751568675,0.6607124209,0.6912382841,0.61119771,0.5001628399,0.4090953767,0.4582411647,0.5819911361,0.1630470455,0.2486026585,0.1244798899,0.08856739104,0.2226860225,0.2893821597,0.1719686836,0.2080502063,0.1907119751,0.1283062547,0.07105191052,0.05343089253,0.05558187142,0.05953028426,0.06862191111,0.0693519488,0.138133958,0.1204417348,0.1043444648,0.08414575458,0.08934015036,0.1987640858,0.1156121865,0.1292832941,0.2111862004,0.1812644303,0.1756939292,0.2317563742,0.2820854783,0.2171401829,0.244151637,0.3561426103,0.334287852,0.1379425377,0.1329335421,0.1383529603,0.1364297867,0.09731701761,0.08081570268,0.05398507789,0.03812504932,0.03190625086,0.02497209609,0.02469479479,0.0295426622,0.03334387764,sakana
1.949596167,1.68746984,1.829838991,2.076542377,3.418294907,1.862340808,1.478828073,1.716355324,3.545099497,3.977269888,2.322387457,0.8833116293,2.105580568,2.648972273,2.597089291,1.246083975,1.211807847,2.027264118,2.382158518,2.920032263,2.429696083,1.916326165,1.973566175,2.380335808,2.921159029,3.507117987,2.56509614,2.580943823,3.536355734,4.213649273,3.622103214,3.059666634,2.688040495,2.904042244,2.353560925,2.650350332,1.823279023,2.199983597,2.761551142,2.573148489,2.594552517,2.778199911,2.653641701,2.867999077,3.335904598,3.234404802,3.660474777,3.203918934,3.434752226,3.775142908,4.103515148,4.123291969,4.069316864,4.109571934,3.395380259,3.120049715,2.59419179,2.226693869,2.125637293,2.311397314,2.610712767,2.381420612,2.278276682,1.690346837,1.734974146,1.588886142,1.712703466,1.483098388,1.293509722,1.215234399,1.740158439,1.664313555,1.735735416,1.487515092,1.701174378,1.987370014,2.09041667,2.072046995,1.762160897,2.070010185,2.067934036,1.783461332,1.301500916,1.132840514,1.341913223,1.255861521,1.057196975,0.8888171315,1.234307289,0.9114828706,0.7563380003,0.6186470389,0.6539898515,0.7634248137,0.5978944898,0.5834540129,0.8492923975,0.6625780463,0.3435180783,0.436091274,0.3348736465,0.9875355959,0.7664013505,0.623629868,0.7496363521,0.875665009,1.265537262,0.712770462,0.8785964847,1.06459868,0.6017827392,0.2845458388,0.3743764162,0.3377578557,0.3194800317,0.5641201138,0.5208867192,1.148977637,0.6494307518,0.9128326774,0.9299886823,1.115902066,1.421227455,1.408931494,2.09966445,2.19257617,2.157065392,1.886408329,1.691201448,2.236224651,1.521871448,1.493877649,1.386995316,0.5907332897,1.202448368,1.055121899,0.9239339232,0.7193664908,0.3314406276,0.2915798724,0.4201772809,0.4719350934,0.4870959222,0.5401073098,0.7182346582,0.7429001927,0.4894108772,0.5714368224,0.5134539008,0.3926867247,0.4499437213,0.1342852414,0.2002775371,0.284311831,0.08957754076,0.1017458066,0.07385331392,0.1016337052,0.0961234048,0.08410142362,0.1340374649,0.1484070271,0.07102385908,0.2186478078,0.07174648345,0.08128985763,0.07427810133,0.2475183457,0.1584919095,0.132513836,0.1684227288,0.3124616444,0.2431714684,0.216927588,0.1029856801,0.2149971426,0.1856686473,0.08649414033,0.1146075502,0.1527088434,0.1873244196,0.129149124,0.1464716792,0.1629052162,0.156329602,0.163103953,0.06276566535,0.08127824217,0.05733107775,0.0239677988,0.08330957592,0.05770181119,0.05506931618,0.03210258484,0.03752945364,0.04925336689,0.05135241523,0.02090490982,0.02010098286,0.01481729746,sakana
0.9175546169,1.089492798,1.139668822,1.867252827,3.026728392,1.614419699,1.203533649,1.430804253,3.683107138,3.555446148,1.554564714,1.578319073,2.225913286,2.544155836,2.089795351,0.9822450876,1.26791048,1.696804643,1.962942839,2.425156832,2.264961004,2.073575735,2.062400579,2.388324261,2.785554409,2.963207722,2.228047371,2.785845041,3.855723619,3.927311182,3.197639465,2.32623148,2.423550606,2.635453701,1.924022079,2.084412813,1.822059155,2.435777426,2.864729166,2.38541317,2.544041872,2.907166004,2.786377668,2.938034534,3.348665237,3.448329926,3.154181004,3.237205982,3.483537674,3.922127008,3.669161558,3.612275839,3.957152605,3.737458944,2.93128252,2.535129786,2.094954252,1.90646112,1.833039522,1.364754081,2.12812376,1.967683315,2.229882002,1.675821781,1.642261982,1.464573979,1.455801368,1.139302731,1.142707348,1.183153629,1.494333148,1.593797803,1.564490199,1.701294661,1.748792887,1.584240913,1.778398991,1.67379272,1.726421356,1.622230172,1.456765771,1.324388146,1.02466476,1.129290342,0.8228688836,0.9362137318,0.6947838068,0.7518556118,0.7053005695,0.8599098921,0.6789922714,0.7235348821,0.4290200174,0.6699043512,0.8463681936,0.8408739567,0.626024127,1.070042729,0.6648048759,0.7195507884,0.8725064397,0.9182153344,1.220036626,1.110615373,0.6980706453,1.146996617,0.896694541,0.8474425673,1.141673088,0.7567256093,0.4950083792,0.266272217,0.1972395033,0.5110997558,0.2810274661,0.4573903084,0.6055545211,0.8748122454,0.7713686228,0.5819167495,0.7558419704,1.015200853,1.038131475,1.478411436,1.617203116,1.587015033,1.712416887,1.525657296,1.665862441,1.458023429,0.8247766495,0.9118741751,0.5652990937,0.5899416804,0.5981024504,0.448038727,0.3261551559,0.3256994486,0.445345968,0.1663460881,0.1259219795,0.1107904837,0.1304238886,0.4094379842,0.2691555023,0.2560973167,0.3786534369,0.2573036849,0.3008620143,0.3031259477,0.07333681732,0.1415298879,0.1253219545,0.05893953145,0.05043398216,0.06425318122,0.07852485031,0.04074143246,0.01991553232,0.03685519844,0.04709805176,0.04510138184,0.03433107212,0.05209817737,0.0303013213,0.01546628028,0.01701674983,0.04747488722,0.06527450681,0.05060387775,0.05230697989,0.0521960035,0.0700635165,0.04641689733,0.06246965006,0.06859669834,0.07196696848,0.04385134578,0.05511782318,0.05435478315,0.1172510535,0.02686317451,0.06451007724,0.06682990491,0.09023479372,0.05487858877,0.01738603972,0.02412486821,0.03001411073,0.02445172146,0.02828772366,0.009172098711,0.00583073264,0.004631433636,0.004100864287,0.004952311516,0.006120320875,0.005675978959,0.004863169976,0.003797554644,sakana
1.168810725,1.135958433,1.392146587,1.792358994,3.288212538,1.661916494,1.171454549,1.850794077,3.894157887,3.904589653,2.266425133,1.528861284,2.657079697,3.101030111,2.500410557,1.390199184,1.467004061,2.36529851,2.828172445,2.848821402,2.796990156,2.067278385,2.32061553,2.460174799,2.946832418,3.1054883,1.957930326,2.394021511,3.746495485,3.885635853,3.164931297,1.996665716,2.04660368,2.701429129,1.69018209,2.030430794,1.541288495,2.347470284,2.778445005,2.369122505,2.31544137,2.659136534,2.653397322,2.593053579,2.903573751,2.944147587,3.044697046,3.12342906,3.225351334,3.604401827,3.901501179,3.682477951,4.023329735,3.762229443,3.186898232,2.826975107,2.711505651,2.965437412,2.338922739,2.032631397,2.215821505,2.524813414,2.280491352,1.816559553,1.678420663,1.64855361,1.706795216,1.450696111,1.312386751,1.214572668,1.876905322,1.793906093,1.662736177,1.678233743,1.853580594,1.854416013,1.886888742,1.950590968,1.862863302,1.831210852,1.557049751,1.391016126,1.247319341,1.356637597,1.44668293,0.9982859492,0.7897552848,1.030825734,1.015673161,1.304625988,0.7051063776,0.8376241326,0.7671169639,0.7771968842,1.196280003,1.084587932,0.7665025592,0.8710158467,0.6124523282,0.6919420362,1.017459393,1.018022418,1.366448402,1.492076278,1.064832091,1.622024417,1.062237382,1.302649975,1.593452454,0.9718566537,0.8593840599,0.3253757358,0.3638614714,0.7474696636,0.3877963722,0.6471216083,0.7629418969,1.216465831,1.079371095,0.7099788785,1.09442687,1.127592444,1.560295701,1.866074562,1.713717937,2.012584925,1.883134604,2.146184444,1.700142741,1.707739592,1.435266852,1.378003478,1.555244327,0.5935488343,1.084805489,0.8161680102,0.7351791859,0.8011187911,0.3112667799,0.2439405471,0.3893430829,0.4299888611,0.4653137922,0.5019641519,0.7010439038,0.5054975152,0.6795373559,0.8881898522,0.2843733132,0.6892456412,0.2256800383,0.1839787513,0.4577301741,0.2773057222,0.09604583681,0.09067059308,0.09012102336,0.07808487117,0.03587386385,0.09582930803,0.0353647992,0.06904151291,0.06397623569,0.1058992743,0.08948176354,0.06887189299,0.04133974016,0.138413325,0.06564756483,0.07634457946,0.09462538362,0.09757237881,0.1801360548,0.09690862149,0.1065558791,0.07712797076,0.06669031084,0.06403981149,0.0321498476,0.0210202951,0.04865594953,0.02101750113,0.04294180125,0.04820426553,0.0280956123,0.04829507694,0.03227279335,0.01534609497,0.02005623095,0.02067300491,0.0130614154,0.01106298622,0.009201227687,0.006311247591,0.004846739117,0.006342205219,0.002232133644,0.002804344287,0.003196632955,0.002087021945,sakana
0.7497600913,0.9623669982,1.564041972,1.862105131,3.025481462,1.079270005,1.169813633,1.562047005,3.600486279,3.462437868,1.405331969,1.40742743,2.173138618,2.620515823,2.103342056,0.7451295853,1.207981825,2.251868963,2.965571165,2.492105961,2.066437244,2.191720009,2.497172117,2.726064682,2.765213013,3.033551693,2.555802822,3.142999649,3.913034201,3.949245214,3.132418633,2.870443106,3.043009281,2.483555317,1.917682886,2.247774363,1.626243949,2.460176945,2.907816887,2.753360033,3.036401987,2.461022854,2.542142153,3.059876919,3.573312044,3.020720482,3.239520073,3.370707035,3.875314236,3.77833128,3.761459112,3.935682535,3.88297534,3.604265928,3.219907999,2.741961002,2.449568272,2.430298328,1.913756728,1.976993918,2.138144493,2.186342955,2.218697071,1.790112495,1.74037993,1.246265173,1.436039448,1.047232151,1.253565788,1.163913369,1.542916894,1.447686076,1.354888678,1.583246112,1.642528415,1.610717058,1.913710594,1.601808906,1.674782753,1.710803866,1.768031597,1.446683288,1.34041965,1.267196894,1.34697485,1.231169701,0.9682735205,1.134580612,1.028643489,0.7424749136,0.6573131084,0.8518109322,0.667647779,0.8689826131,0.6660139561,0.8853684664,0.8193506598,0.7124503851,0.4417912364,0.6597680449,0.385035336,1.194922686,0.6536596417,1.132522821,1.113579869,0.8720415235,1.532218814,0.7405690551,1.176998734,1.278487325,0.5371019244,0.3142146766,0.3050086498,0.4901627898,0.4567777216,0.4351522326,0.4056041837,1.162859201,0.8082565665,0.765271008,0.7828806043,0.8782140017,1.442114353,1.430775762,1.809710264,1.644599676,1.65427947,1.859802008,1.702982664,1.852456093,1.023865223,1.216269851,1.293018579,0.817895472,0.6590126157,0.4877447486,0.4991805553,0.5495355725,0.5805051923,0.3101254404,0.2849209607,0.5212326646,0.4042754769,0.7223175764,0.2729982138,0.5206264853,0.522347331,0.4378966093,0.7060725093,0.4205597341,0.3020379841,0.1757426709,0.1568955481,0.1709130257,0.09245815128,0.08563111722,0.07486296445,0.04306513071,0.04862579703,0.07866923511,0.09266614914,0.07825576514,0.06824471056,0.07328355312,0.06188733131,0.05869144201,0.0646032989,0.1127381846,0.08909517527,0.05483495444,0.07406205684,0.07628758252,0.1689426601,0.1941937357,0.101223059,0.1959276199,0.09609120339,0.06604518741,0.08480890095,0.0573236458,0.05668811128,0.03016163036,0.04121849686,0.03542087227,0.03115608916,0.01874168031,0.02117813751,0.01366579998,0.0177991651,0.008907787502,0.01107329689,0.00911512319,0.01122089755,0.01080906484,0.01087451074,0.007952953689,0.007798374165,0.005852961447,0.004404725973,0.004462704528,sakana
1.099533677,1.096622109,1.744048595,2.358496428,3.538994312,1.832828641,1.484493256,2.37577796,3.911996841,3.832396984,2.107749224,1.919869423,2.628877878,2.893220663,2.581363916,1.350385189,1.40478003,2.477588654,2.993920565,2.766411543,2.339884996,2.290699482,2.459832668,3.02658534,2.699859858,2.675130606,2.172423601,3.639793634,3.829975843,3.8664186,2.852801561,3.511428118,2.25619936,2.262865543,1.888528824,2.603379488,1.648548007,2.462654591,2.971573114,2.628825903,2.416283846,2.669111729,2.567492247,3.305866957,3.139083624,2.779453039,3.088029146,3.220930338,3.415277481,3.409780025,3.751269341,3.788665056,3.616671324,3.536436319,3.020935297,2.669043303,2.444225073,2.643975735,2.231191874,2.186609983,2.241725445,1.998823285,2.081700087,1.860457659,1.760810137,1.514444828,1.575385928,1.430580378,1.321956992,1.220129848,1.451800108,1.554588199,1.528935909,1.6874336,1.708111644,1.580221176,1.879158497,1.95215404,1.649815202,1.491972923,1.449242711,1.187151432,1.357501149,1.366243005,1.026830077,0.983273983,0.7680743337,1.08939445,1.039508104,0.8101574183,0.5269690752,0.73915416,0.6270806193,0.8044296503,0.9194645286,1.11103344,1.040358424,0.8752604127,0.532161653,0.8020913601,0.6104621887,1.507417321,1.1025846,1.133996367,1.273442626,1.428766847,1.623878956,1.152049065,1.161809206,1.257018328,0.7508904338,0.2950676382,0.4157522619,0.7097291946,0.4142088592,0.7311378121,0.3396659493,1.353583694,0.7415364385,0.617823422,1.247680902,0.8039736152,1.341129184,1.551610947,1.590027928,1.812423944,1.552128553,1.497409582,1.651283026,1.437106967,1.155699492,1.113307476,0.7989968657,0.6602505445,0.6422274709,0.6765408516,0.5954355001,0.3177243173,0.5183898807,0.2574491799,0.3427084982,0.4648583829,0.3751070797,0.5282607079,0.4572985768,0.6308588386,0.4434054196,0.5605489016,0.366607517,0.5250636339,0.5053053498,0.281617105,0.3182679117,0.4048480392,0.2230773419,0.3545376956,0.1860996187,0.13246952,0.101390779,0.1713602096,0.2097763717,0.1611245126,0.0679275468,0.08770116419,0.07343893498,0.07970460504,0.08229938149,0.08895847946,0.1132047474,0.04799645767,0.07036450505,0.1031387001,0.1152233109,0.09843926877,0.06820082664,0.0797072798,0.07018367201,0.04681027681,0.04021646082,0.07344188541,0.08881060779,0.04947302863,0.04697265849,0.06475753337,0.08259806782,0.04022284225,0.01855910569,0.01673588157,0.01221194956,0.0203765519,0.01132074092,0.01342812739,0.009818231687,0.01153547969,0.006121001206,0.004297435284,0.003532119328,0.00411999831,0.00641075382,0.002460178919,sakana
1.477066875,1.718134761,2.383697987,2.446798086,3.723982334,1.952124476,0.859949708,2.873439312,4.066454411,3.92653203,2.065001965,2.579296112,3.047283173,3.233081818,2.435564041,1.297376633,1.564091086,2.622688055,3.491654158,2.972358704,2.50347805,2.392812729,2.948458672,3.209016085,2.652306318,3.299364328,2.920212746,3.568628788,4.038770676,4.061378002,3.807790756,3.383252144,2.181058645,2.492442608,2.4763937,2.354187965,2.064801931,2.719975233,3.375725985,2.682560444,2.712896824,2.954067945,3.050727367,3.017464399,3.083195448,3.144052744,3.620044708,3.210602999,3.445832014,3.605146885,4.050284386,3.935998917,3.606596231,3.696385622,2.968349695,2.862353325,2.636786222,2.695052147,2.226891756,2.256512403,2.450213432,2.264059544,2.0973804,1.691191554,1.795001864,1.915052295,1.998646736,1.48506999,1.546764612,1.371662021,1.614518046,1.694282889,1.381597519,1.904058099,1.883693457,1.62025702,2.054428577,1.548966885,1.527446389,1.566667676,0.9612846971,1.226433992,0.9292993546,0.874592483,0.9512779713,0.6781720519,0.8572106361,0.9382295609,0.8906722665,0.7969824076,0.5661720634,0.7196193933,0.9303581715,1.041013956,0.8865424395,1.195798993,0.9524026513,1.096886516,0.49817729,0.9546412826,1.00846684,1.553648949,1.079780102,1.594730139,1.431964517,1.469575882,1.915580869,1.141391397,1.993518353,1.15675807,0.7372231483,0.4157145619,0.2312342227,0.7884737253,0.4294286966,0.46275267,0.5203208923,0.7834358215,1.044633746,0.3630848229,0.9102330804,0.844412148,0.9108532667,1.84517312,0.8486378789,1.966694832,1.637715459,1.503534317,1.961378813,1.426553726,1.424223304,1.288426995,1.076933503,0.8799839616,0.840031147,1.09793973,0.6000385284,0.6921727061,0.5983079672,0.2686779797,0.6265308857,0.4576851726,0.5369304419,0.7494863272,0.4776572883,0.6356301308,0.5575774312,0.6737132668,0.4632994235,0.6809369922,0.4433618486,0.3479700685,0.3765387237,0.3651812673,0.1086652577,0.172012046,0.07635463029,0.0464726761,0.05366226286,0.1414204389,0.05290737748,0.04374911636,0.06193885207,0.08863413334,0.01495198533,0.02075161226,0.02600296773,0.05437297374,0.05472774804,0.02429613844,0.04995387048,0.06834948808,0.04359543696,0.04255573824,0.02340710163,0.0316670537,0.02420091443,0.01667858846,0.02077995613,0.02052882314,0.02469997853,0.01228212472,0.0123048313,0.03903874755,0.03027559444,0.04066164047,0.02597760782,0.02603124827,0.0200812947,0.007654320914,0.01768075861,0.008695353754,0.008949925192,0.005114662461,0.007256972138,0.006245629396,0.006311631761,0.006062367,0.006319819018,0.005268827081,sakana
1.531196117,1.470861912,1.747871757,2.316694498,3.55834794,1.676576734,1.529566526,2.999625921,3.899556637,3.916166306,1.876764774,2.173044443,2.531601429,3.100449562,2.416811466,1.288096666,0.8976099491,2.663951874,3.440576792,2.730587482,1.890173316,2.589322329,3.052186251,3.023988724,2.608696461,2.502198696,3.499955177,3.358636856,4.196702003,4.323217869,3.544049978,2.060636282,1.731337547,2.856966972,2.602300882,1.634608865,1.280659556,2.810919523,3.359797239,2.81316638,2.072538614,2.745302439,2.962804794,3.349318027,3.506435156,2.805862427,3.005710602,3.344439983,3.708210468,3.748963356,3.771726847,3.909418106,4.062713623,3.994683504,3.297370672,3.224531889,3.306931496,2.938397169,2.272428513,2.244829893,2.57438755,2.678764582,2.772381306,2.113488197,1.82285893,1.248769522,1.696718574,1.652515054,1.3305825,1.258357763,1.803295135,1.896268964,1.887849212,1.538184047,1.593621016,1.679858685,1.923607588,1.942386508,1.556889772,1.695399284,1.720381618,1.490891814,1.301035047,1.103906751,0.9738218784,0.9489888549,0.8799373507,1.028365135,0.9671308398,1.023555875,1.062170148,1.088575959,0.5354517102,1.062360048,1.381725192,0.9946681261,0.7221875787,1.168558836,0.5911129117,0.5184442401,0.8289744258,1.031456828,0.8377900124,1.047923565,0.7334950566,1.198601246,1.237645745,0.604894042,0.840361774,0.8558741212,0.4573138058,0.3003903031,0.2117087841,0.2921194136,0.1588080674,0.2931039333,0.5547558069,0.6644601226,0.2627357841,0.3604006171,0.6390934587,0.8238135576,0.7915385962,1.174382925,1.357163548,1.468581676,1.528671026,1.270905614,1.385229945,1.709518909,1.065367341,1.065863132,1.033781409,0.7633995414,1.029311657,0.7227156162,0.5087633729,0.5152713656,0.5012527108,0.3610498011,0.2720713019,0.3063544631,0.3066003919,0.3912413418,0.2971621156,0.2554252744,0.2277787775,0.3532717824,0.3326778412,0.4254507124,0.1841396242,0.3612939119,0.3707918525,0.2448558956,0.1480935663,0.1892867535,0.08337289095,0.09816849232,0.09358015656,0.1081805229,0.05180558935,0.1484598368,0.08071006835,0.0603316091,0.03393407166,0.03703267127,0.06371116638,0.0812831521,0.08403925598,0.06114994362,0.09572978318,0.09921623766,0.05898535624,0.0392478928,0.03391713277,0.05419664085,0.02000804618,0.02848645672,0.03892591223,0.0224862881,0.05629707128,0.03618571535,0.03684523702,0.08298267424,0.08623531461,0.05420590937,0.0472073257,0.03757837042,0.04698788747,0.02633428201,0.02751331776,0.02877899259,0.01314505003,0.01257027034,0.007762580644,0.004548736848,0.004431004636,0.003503368236,0.002647275804,0.001970140263,sakana
1.298112869,0.9176408648,1.534701109,1.486624241,3.698135376,2.85503149,1.913283587,1.681850791,3.176816463,4.228917599,3.067931414,1.67626369,1.846584558,3.007741451,2.593664169,1.934779882,1.596926332,3.155522823,2.973901749,3.68190074,3.172031403,2.79050684,3.202753067,2.550861835,3.771430969,3.760953188,3.914973974,4.320457458,3.649070978,5.064776897,4.317389965,4.210550308,2.833514929,2.47459507,3.52260232,3.428530216,2.756176472,1.939058423,1.844964027,3.042522907,2.85203886,2.569951534,2.073303223,2.950479507,3.90564394,3.378643751,2.470603704,2.315163136,3.019906521,4.183180332,3.857701063,2.899505138,3.199374437,3.973891735,4.547437191,3.211436033,2.180434942,2.456316233,2.788762331,2.790464401,2.422909975,2.335469007,2.649537086,2.668428183,2.983038902,2.026151419,1.65454042,1.957083583,2.304217577,2.826865196,2.215993643,1.774095058,2.222149611,2.327728271,2.932202816,1.858805656,1.648162365,2.061155796,2.085952997,2.756798267,1.772902608,1.702574849,1.618916869,1.445619106,2.05002284,1.58552289,1.717941761,1.991925716,1.905486345,2.181242943,2.018787861,2.323512077,1.373836279,1.441432834,1.43933785,1.874521017,1.73902595,1.98611486,1.87546742,1.95333755,1.457486153,1.256945491,0.9028853178,1.022606134,1.043498278,0.6613556147,0.7884616256,1.325410485,1.187184453,1.895471811,0.8466290236,0.9951968193,1.082612276,1.350559711,1.844742894,1.279780984,1.252562642,1.377206206,1.499946237,1.938935876,1.086704373,1.011420965,1.035226464,1.496643305,1.947546005,1.114811778,1.02468574,0.7534816861,0.9028045535,1.071287513,0.4035386145,0.5566462278,0.7666008472,1.172261834,1.494392872,1.419829488,1.270286918,1.342209697,1.373694897,1.907334447,1.295962334,1.040849686,0.9524590969,0.9460169077,1.539033771,1.454797983,0.8796245456,1.048283935,1.452467442,1.383713245,1.408628941,1.23430717,0.7321097851,1.090332627,1.199429989,0.9354987741,0.5737600923,0.4487201273,0.3810811341,0.1813888848,0.4329220355,0.2064781785,0.07001681626,0.06978587806,0.05904491991,0.07401221991,0.07582262903,0.06291277707,0.08083102107,0.09561735392,0.06800622493,0.1251814961,0.09528896213,0.1017327085,0.0781897828,0.09536264092,0.108245641,0.1330408901,0.1217207611,0.1019950956,0.1034496874,0.04523052275,0.02897297218,0.02653556503,0.03434567899,0.0176494997,0.011213989,0.01361399982,0.01234687306,0.004937216174,0.005456032231,0.008108000271,0.006785767619,0.01212718803,0.01221991237,0.02171740681,0.00996730756,0.008548318408,0.008095158264,0.01054507215,sakana
0.6561867595,0.8747254014,0.6062496901,0.9577808976,3.096503973,1.907333851,0.9684836268,1.081353545,3.130877018,3.733847618,1.842697144,1.248000145,1.685555935,2.311744928,2.404817104,1.154788852,1.128691792,2.21296072,2.421551704,3.193148136,2.053486586,2.531451464,2.213342428,2.182741165,3.282564402,3.565749407,2.954620361,2.699671745,3.534099102,4.857787132,3.412493229,3.051625967,1.675554991,2.728126287,2.928608894,2.269608498,1.438474536,1.097297311,1.8084867,2.745179176,1.622766733,1.805889487,2.340006113,3.044651747,3.217026234,1.891520143,2.577339411,2.865065813,2.680298567,3.411891222,2.805058002,2.939212322,3.349972725,3.901718616,3.597423553,3.04517293,2.526139975,3.291252613,3.448293686,3.043934345,1.518992066,1.781150699,2.609654427,2.785327673,2.253073215,1.340235472,1.68276155,1.924446225,2.398342848,2.072823763,1.51588726,2.068341017,2.318596125,2.454996347,2.134034395,1.586786628,2.094759941,1.947311759,2.296940804,1.966243267,1.660406351,1.543588758,1.654987693,1.904892921,1.646397471,1.430875182,1.193071365,1.443015933,1.76067543,1.69019258,1.164782047,1.815411091,1.19118011,1.418153405,1.061749339,1.34113574,1.370304108,1.871522665,1.500925303,1.381768227,1.127956629,1.216887236,0.7437083721,0.8541945815,0.7860085368,0.5707807541,1.175156355,1.222146988,1.065572023,0.9594076276,0.7506150603,1.081596971,1.441285253,1.66755259,1.094178319,1.136001945,1.418284655,1.54083252,1.603216887,1.137323499,0.8521290421,1.208479524,1.158877015,1.391854048,0.9056969285,0.8681226373,1.039822102,0.8125514984,0.8790990114,0.4883441031,0.290499866,0.6906538606,0.7909954786,0.9044418931,0.6431352496,0.878880322,1.03057754,0.8232015967,0.6974167228,0.905793488,0.5484642386,0.4613481462,0.5337323546,0.3685375154,0.4228316545,0.4710184634,0.413530767,1.069217205,0.7690028548,0.5717592239,0.9669979811,0.5652232766,0.9773444533,0.6133300662,0.8255528808,0.6740369201,0.4124218822,0.5669071674,0.1049287766,0.08658219129,0.150125891,0.08314460516,0.05361951888,0.02286801115,0.03409923241,0.03469846025,0.03414288536,0.04340939969,0.009614787064,0.009750721045,0.01361091621,0.02807478979,0.0155953737,0.01299695019,0.01478627045,0.01556559838,0.01041304879,0.01074243058,0.006611590274,0.006099993829,0.003707311349,0.005390499253,0.01245517191,0.006560296286,0.005634410772,0.002345078858,0.003650912317,0.001570988446,0.002790244762,0.004579921719,0.002691603266,0.003429430537,0.002219132148,0.001964087132,0.002608622657,0.002520486712,0.001494233846,0.001553286565,0.001241109334,0.001364356838,sakana
0.3171768486,0.6145426035,0.8514564633,1.207500696,2.324356318,1.433256745,1.209542155,0.7951092124,2.539690018,2.779616356,1.199792981,0.8983861804,1.248647213,1.405242205,1.533212185,0.616938591,0.7247789502,1.821996808,2.004328489,2.532083035,1.79351604,2.436506271,2.690251827,2.61342907,2.980922222,3.583422899,3.143311739,3.261186123,3.995254755,4.614590168,3.490400791,3.229718447,1.985917807,3.051946402,2.80918026,2.226889849,1.597093582,1.301471114,2.137403727,1.989757299,1.600434065,1.720221519,2.648107767,3.360895157,2.645104885,2.001272917,2.977139473,3.259735584,2.994817019,3.009585619,3.056691647,3.207700729,3.612127066,4.055897713,2.676660776,2.45089221,2.588088512,3.34438014,3.142224073,2.050108194,1.313373446,2.126464367,2.684124708,2.28735137,1.418465376,1.388338923,1.706902146,2.418491125,2.035327196,1.323060036,1.372001529,1.820717573,2.123608112,1.819961667,1.489073038,1.504585862,2.056292772,2.147849083,1.619324207,1.457609057,1.54125607,1.623588085,1.628767729,1.299544454,1.651631594,1.48552072,1.579636693,1.874656677,1.547856688,1.893582225,1.676361203,1.844014406,1.718723178,1.343574762,1.154800892,1.329707146,1.383792281,1.966525912,1.680576682,1.26276052,0.9121221304,1.199978352,0.7870077491,0.3718544543,0.6173807383,0.5151979923,1.115053892,1.410260439,0.8870158195,1.496789694,1.111172438,1.526440501,1.521615863,1.094014406,1.409790277,1.61999917,1.703663826,1.630648851,1.408083439,1.58158195,1.387310863,1.554990768,1.217371583,1.222757339,1.357222557,1.179747701,1.305199623,0.9512658119,0.6250414252,0.5215857625,0.3970758021,0.9010749459,0.6897060275,0.7578858733,0.9948439002,1.076283693,1.48809588,0.7540208101,0.8137033582,1.024338007,0.8100386858,0.8043301702,0.3154166937,0.367313385,0.4836859703,0.6010535955,0.3646661937,0.6698281169,0.906940937,0.7926710844,0.9142731428,0.7415693998,0.7168153524,0.7692043185,0.7451680899,0.6890590787,0.412124604,0.2939991653,0.2431184351,0.0587038435,0.1435403228,0.05935568362,0.04493575916,0.03793765977,0.02100654505,0.02163647674,0.0633481741,0.07735072821,0.05947510898,0.05242322385,0.031201059,0.06226691604,0.03127703071,0.03794072941,0.03110429086,0.02507413179,0.02662522346,0.02740643173,0.046937868,0.009990574792,0.03265703097,0.04132369906,0.01999743655,0.0107242493,0.01535837352,0.016983632,0.006529933773,0.004674885888,0.004847515374,0.003917299211,0.00360414153,0.002429555869,0.002649945905,0.00285504479,0.002757834736,0.003692776663,0.002811173676,0.003874878632,0.0020309377,0.001113182399,sakana
0.350659579,0.4609894156,0.6339344382,0.7855044603,2.058392286,1.278442025,0.8724058867,0.8183716536,2.003242016,2.610521793,1.314301491,0.7557139397,0.8595632315,1.409839392,1.330752969,0.626431942,0.394099921,1.687306762,1.963353276,2.376052618,1.600511551,2.300535679,2.474712133,2.44820118,2.898678064,3.175908327,3.008825541,2.949211836,3.339338303,4.428637981,3.353148937,2.646607399,1.560591102,2.443749189,2.699831963,2.281470776,1.454347491,0.8347128034,1.875764012,2.287379742,1.806215405,1.807725668,2.571209192,3.231600285,2.907484055,2.340913296,2.49885869,3.268877268,2.892624855,3.276323795,2.943292141,3.06046629,3.094143867,4.121038914,3.480873346,2.769689083,2.460211277,2.503144026,3.076644421,2.543566227,1.939900637,1.655326009,2.376943588,2.302793264,1.823953748,1.425454021,1.327200174,2.241767883,2.34729743,1.615774155,1.442975402,1.596845746,1.932968616,1.909327626,1.610600471,1.521867871,1.621802211,2.199567556,1.967089176,1.592202544,1.431689143,1.324239373,1.417704344,1.258706331,1.422655344,1.671732306,0.9569953084,1.652343392,1.269703746,1.559753895,1.775460601,1.572539926,1.446537018,0.7368806601,1.125321388,1.037298203,0.9291603565,1.176984906,1.305369377,1.329257131,0.9584447742,1.035013556,0.597692728,0.6626827717,0.6429855824,0.6211339235,1.403499246,1.560375571,0.9755020738,1.234765887,0.6720988154,1.530709386,1.643565655,1.362404943,1.076030731,1.545424104,1.652015209,1.512933493,1.146577477,1.068729877,1.235805869,1.554631948,1.246905327,0.9538921714,0.9658948779,1.120725632,1.196191669,0.6927726269,0.6698844433,0.4012233615,0.4306991994,0.893219769,0.9439649582,0.6676484942,0.7351180911,0.9967793226,1.314782858,0.8105339408,0.6922236681,0.7354515195,0.6925196052,0.7678500414,0.4931024015,0.2390851825,0.4218317866,0.4515011907,0.4913299978,0.6049265862,0.6791999936,0.6275675297,0.905728817,0.7377898693,0.3796199858,0.4867398143,0.5472842455,0.3579906225,0.2500836849,0.2309365124,0.1765609086,0.04703091085,0.04517488554,0.01892329194,0.01629937813,0.02039196715,0.01038702857,0.01699556783,0.01045137085,0.01568117552,0.01707682386,0.005902293138,0.01960826851,0.03464226425,0.01558765396,0.02077239007,0.02804819122,0.02454064041,0.03092014603,0.01682866737,0.01470813807,0.02158971317,0.02708104812,0.02104215324,0.02142586373,0.02164463513,0.02374234237,0.008453461342,0.01209720876,0.006068986375,0.005883492064,0.01052551065,0.006145708729,0.005842000246,0.003337482456,0.004090284463,0.004739641678,0.006677516736,0.002486733487,0.002422187245,0.002657401143,0.005912389606,sakana
0.4664890766,0.4599483311,0.7761472464,1.054927826,2.650800467,1.971158385,1.311490774,1.159087658,3.001855612,3.403133154,2.334944487,1.188549161,1.472529292,1.51849556,2.003378153,1.212644219,0.8991982341,2.142925024,2.228070974,2.999299526,2.278911352,2.403941393,2.456964254,2.721294641,3.261343718,3.901216984,2.992591143,3.179935217,3.409808874,4.549567699,4.014816761,2.847743511,1.881708741,2.617661953,3.013546944,3.204206228,1.790564537,1.120724916,1.791608572,2.19382596,2.8796103,2.353159666,2.562319756,3.132457018,3.16102314,3.427957058,3.072580814,3.316109896,2.934645653,3.54629159,4.288417816,3.542943239,3.400572062,4.160924435,4.027788162,3.653838634,2.68812108,2.170250654,2.080624104,2.647629738,2.629143953,2.003743172,2.350512505,2.134247065,1.920279741,1.962680221,1.520975709,1.983670473,2.281319857,2.06052947,1.970685005,1.756105065,1.83520031,1.852338433,1.79081893,1.891553283,1.757409096,1.908604383,1.824678421,1.846601963,1.617512941,1.364266515,1.335916162,1.110296249,1.432222486,1.615945816,1.361554861,1.322313786,1.065586329,1.607124448,1.346573234,1.601071119,1.030172706,0.8611001372,1.11184144,1.359594703,1.17553556,1.295988083,1.362799048,1.472421885,1.325584173,1.500328302,0.8495162129,0.9448297024,0.7728490233,0.7992389798,1.590263963,1.835439444,1.598902464,1.983412266,1.364882946,1.683157206,1.441500425,1.501040816,1.250370145,1.6609478,1.72972393,1.478851438,1.606073022,1.717208862,1.809178829,1.78207171,1.447447062,1.560017824,1.665692806,1.711910963,1.486624479,0.9661549926,0.6733864546,0.6053730845,0.6070722342,1.052454233,0.965613842,0.7905082703,0.8406331539,1.050643802,1.108225346,0.9406324625,0.8073502779,0.7141626477,0.7724001408,0.832028091,0.5585573912,0.3754352033,0.4652988315,0.6818224192,0.5966978073,0.8029865623,0.5649659634,0.619001925,1.252832055,0.8965120912,0.497635752,0.5112642646,0.5366164446,0.6126346588,0.3389399946,0.150722757,0.07498519123,0.04744400457,0.08007365465,0.04001372308,0.02218175679,0.01087460667,0.01413116977,0.01786734723,0.01339125726,0.01832341403,0.01505758893,0.009956433438,0.01655738242,0.02021061257,0.01398737449,0.01791920885,0.0271172747,0.01329002995,0.02688284591,0.02073044889,0.03533837944,0.01202202681,0.01293808781,0.01071570348,0.0312364623,0.02031024732,0.008638639003,0.006045130547,0.004180632066,0.004315462895,0.003100471105,0.003417910077,0.002432311419,0.003582968609,0.003912005574,0.002202139236,0.002449014457,0.00158076128,0.001455279416,0.001849873224,0.001696424326,0.001312809996,sakana
0.5290042162,0.7168727517,0.7972942591,0.9618752599,2.616921425,1.332773805,0.9451970458,1.013647199,2.799888134,3.423016548,1.248722076,0.9000570178,1.703703761,2.256720304,2.011026382,0.7447395325,0.831787467,2.418017864,2.964736938,2.155140638,1.825088739,2.438382626,2.582661629,3.345592737,2.675456762,3.570994616,3.110887289,4.158927441,4.670152664,4.210128307,3.0848279,3.068303585,2.898791313,3.552466393,2.397946835,2.196052074,1.853834987,1.88406527,1.995395184,1.573090196,1.798781395,3.261361837,3.229550838,3.515145063,2.619394779,2.691174984,3.557621717,3.644357443,3.100003481,2.757704735,3.853106022,3.92231679,3.93868947,3.28188467,2.404517174,2.411426783,2.630460501,2.777146816,2.228223801,2.393435478,2.605629206,1.611149788,1.844618678,1.197535992,1.825825095,2.249467134,1.743773222,1.736853361,1.71314919,1.783886313,1.648987174,1.610139608,1.454988122,1.530976176,2.07268405,1.666911602,1.777449369,1.453477621,1.508570552,1.542836308,1.286567569,1.179383039,0.9992653131,1.10496521,1.158867002,1.070632696,0.8726476431,1.519182563,1.137302518,1.315494895,1.329365849,1.288606167,1.505367041,1.040174365,0.9982295632,1.052064061,1.339295745,1.818428755,1.320725918,1.289036393,1.181676626,1.417592287,0.8485544324,0.6751434803,0.5359111428,0.4699323773,1.800235748,1.668949366,1.170633554,1.532916307,1.361836314,1.717987776,1.597409248,1.52976191,1.371923327,1.556847811,1.792856812,1.462352872,1.483819842,1.368585825,1.515176535,1.176899314,1.067640662,0.8903415203,1.004530787,1.188385844,0.7893667221,0.5597579479,0.5343888998,0.3128785491,0.3978937864,0.6941290498,0.7258002162,0.8301408887,1.165341496,0.9114623666,1.096039414,0.9023680091,0.5715839267,1.251843929,0.5332797766,0.5805441141,0.4409802258,0.4575369954,0.5640568733,0.4633308053,0.3575218916,0.8721877337,0.8276363611,0.4925909638,0.7648183107,0.46246171,0.6577175856,0.8046762347,0.6549395919,0.3002438247,0.2736487985,0.3847703636,0.1422428787,0.07832486928,0.1090071052,0.03833781555,0.02171878517,0.03116274625,0.02738403529,0.02103685029,0.02860232629,0.03427127376,0.02003767528,0.03325939924,0.02283951081,0.01272819284,0.02272085845,0.01950419135,0.01443615463,0.0105132265,0.01133865677,0.01439719461,0.01103422511,0.008404177614,0.01078201737,0.006437834352,0.005387619138,0.004772526212,0.004483650438,0.005685036071,0.003504741471,0.003415396437,0.002836658619,0.004039520863,0.003567617387,0.004460907076,0.004156802781,0.003449008567,0.004079758655,0.003885274287,0.003056943882,0.002451214939,0.002136447234,0.002329334151,sakana
0.4521457255,0.5705233812,0.4753815234,1.036151767,2.247213125,1.651421666,1.431398153,1.109226465,1.802564025,2.876593351,1.71508801,1.130903959,1.198751092,1.299068928,1.696164608,0.8768869042,0.9029732943,1.950750589,1.771472573,2.704818964,1.853526831,2.383797407,2.652654409,2.244936943,3.112151384,3.508683205,3.07404542,3.155617476,3.467903852,4.7283144,3.690412521,2.799765348,2.018549204,2.569421291,2.845696688,2.759624958,1.311117411,1.017735481,1.659459114,2.547661066,2.324655294,1.656955004,2.711420059,3.306454659,3.245736122,2.962016344,2.488199711,3.381463051,3.266610146,3.813278913,3.734488487,2.727095366,3.386509657,4.231751919,3.632018089,3.105690479,1.896158338,1.956652164,1.969586968,2.538719893,2.009018183,1.086494088,1.708154082,1.768885374,1.659723997,1.562876701,0.9705861807,1.438303351,1.746763349,1.378415704,1.121296048,1.062171221,1.309549689,1.467817187,1.274251223,1.144444466,1.127417445,1.40399313,1.421624184,1.186224222,1.229417205,1.00456965,0.8280059695,0.9211496711,0.920385778,1.549004078,0.8573577404,1.326612353,0.9971618056,1.175426483,1.496954203,1.177550197,1.218129158,0.6631558537,0.7771633267,0.9266398549,0.9670086503,1.179048896,1.23776567,1.049744844,0.6848042011,1.143707871,0.7021241784,0.8014476895,0.5311126113,0.6182543039,1.494530678,1.666177273,1.454094648,1.450909734,1.110177398,1.343005657,1.624552011,1.761923075,1.292757869,1.471666455,1.417515278,1.696161628,1.726088166,1.451237321,1.643370986,1.701084614,1.615747094,1.678103685,1.193572402,1.536149025,1.395033717,1.013290644,0.7183620334,0.353351891,0.4617637992,0.5119056106,0.8505902886,0.6523076892,0.7070164084,0.7984747291,0.5847548842,0.7257449627,0.5794399977,0.4820587337,0.5944007635,0.3201491535,0.2387233526,0.247127533,0.1061288491,0.273784399,0.2861208022,0.4256758988,0.2844808996,0.2876591384,0.3361388445,0.197875753,0.1431922764,0.1667778045,0.09290781617,0.06718181074,0.08489807695,0.0788654238,0.06897136569,0.02320941538,0.03277275711,0.03312247619,0.006065300666,0.01552596688,0.0272393506,0.04494760558,0.0413681902,0.0443915464,0.01614562795,0.01753089577,0.01591145433,0.02881183103,0.01807733066,0.01573352143,0.008565773256,0.006755655631,0.007632574532,0.01256747916,0.007525074761,0.004029420204,0.007261613384,0.0074046175,0.006867000833,0.008254054002,0.007642396726,0.007868336514,0.006306056399,0.004849545658,0.003119900124,0.00446222676,0.004207977559,0.00461959932,0.00385575532,0.004377105273,0.003631412983,0.008215718903,0.007763741072,0.00693652546,0.005026371684,0.006439637858,sakana
0.9683399796,0.884640336,0.9009629488,1.098043084,3.151914835,2.284070253,1.339197159,1.208500266,2.351167917,3.486378431,2.070262432,1.113698721,1.166603923,1.80363524,2.238035202,0.7031067014,0.9776884913,2.548788309,2.6652987,3.135473251,2.129660845,2.929225206,2.311558247,2.882502794,3.610010624,3.656208277,3.645038366,3.084366083,3.775327921,4.964411736,3.890750408,2.901976109,2.017323494,2.757189035,3.12257123,3.24549818,2.161682606,1.735131025,2.142390728,3.133315802,2.457149982,2.55202508,2.539324999,4.078155994,3.807608128,3.078119755,2.855772972,3.140990019,3.446484804,4.263510704,3.441927671,2.62754488,3.232699633,3.72493577,3.4818151,2.597690105,2.163360357,2.677830458,2.917178154,2.656692028,1.373030424,1.229489803,1.876444817,2.05655694,1.884708881,1.822266579,1.661334276,1.895623684,2.073969126,1.853961945,1.439832568,1.515693188,1.846706748,1.882489562,1.812375307,1.542107463,1.692070127,1.642174244,1.685940862,1.662403703,1.248332858,1.0923599,1.227028608,1.220154047,1.001240492,1.255901337,0.8593155742,1.113641024,1.249002457,1.068878293,1.301241875,1.354658604,1.314330339,0.8704642057,0.7450306416,1.103900909,1.185568452,1.61776793,1.213708401,1.226475596,1.107825637,0.9238781929,0.4285537601,0.4080162942,0.6270722747,0.3796042502,0.8817940354,0.9065846801,1.133991838,1.831135035,0.9466815591,1.289196014,1.502062082,1.420879245,1.249846935,1.100150824,1.285734296,1.439743042,1.364019752,1.442377925,0.8779551983,1.148030519,1.165227413,0.921209991,1.027638674,0.620242238,0.8175265193,0.6038578153,0.5897753835,0.3698058426,0.3012945354,0.5788103342,0.9954780936,0.7079802752,0.9519549608,1.008370042,1.240870953,1.16906631,1.145534396,1.239329457,0.8009275794,1.076596975,0.7704685926,0.6280872822,0.6623372436,0.8151348829,0.6268473268,1.126360655,0.9977502823,0.7361866832,0.8567119241,0.9255339503,0.6072611213,0.5830483437,0.5856517553,0.433529377,0.2969855368,0.2462529987,0.09926540405,0.05637262389,0.09021191299,0.06097001582,0.01761475764,0.02882857434,0.03241607174,0.03409507126,0.04061845317,0.03846663237,0.03276705742,0.03106161952,0.04458814859,0.09906263649,0.0511868,0.03175152466,0.02123566717,0.02119757421,0.01550426055,0.01743114367,0.01925812848,0.0146145802,0.01318434812,0.01165850833,0.01280843187,0.01197228394,0.01247506216,0.01380462199,0.01057606656,0.009086098522,0.0117069101,0.01077334303,0.009216156788,0.01198750921,0.01215443294,0.01138406992,0.01296990737,0.01561094448,0.007758213673,0.01024506707,0.009805438109,0.01133818552,sakana
1.03314662,1.317715764,1.234983563,1.48020792,3.375994682,1.962377071,1.60609293,1.662996292,3.025618553,3.819628,1.452343345,1.39232254,1.628738761,2.247896671,2.403302908,1.035868287,1.372068524,2.483615637,3.160363913,2.543555498,2.142266273,2.971151829,2.776085377,3.517820597,2.455985785,3.139592409,3.921231031,3.585463524,4.848498344,2.936182499,3.868565798,3.196783304,3.02843976,3.022255659,2.553513527,3.405682325,2.170097828,1.969973922,1.260671377,2.68206048,2.019981146,2.678158998,3.23539567,3.847137451,3.34604454,2.643497229,3.49524951,3.836174011,3.415532351,3.459111691,3.512034416,4.422252655,3.681922197,2.684640646,2.211699009,3.000952721,3.589846849,2.75169301,1.853513598,2.100114584,2.366871834,2.572049141,1.594867468,1.227513194,1.467772007,2.431973696,2.525862455,1.51803863,1.214650512,1.704440832,2.617096186,1.931359649,0.9396122694,1.331280947,2.027708769,2.625331879,1.599131465,0.9105322361,1.522082806,2.181848526,2.118316174,0.9341586828,1.016742945,1.201748848,1.925625205,1.66976428,0.94998312,1.380275249,1.449653149,1.856859207,1.424502134,1.337465763,1.486457467,1.058697701,1.350471377,0.9098880291,1.515672684,1.762199163,1.716214418,1.699869752,1.203909039,0.9843498468,0.8313946128,1.20667243,0.9734166265,0.7461437583,1.003821254,1.698709011,2.003340721,1.911706686,0.8638134003,1.294440746,1.704397798,2.24735713,0.9646888971,0.8964943886,1.586621761,2.057825089,2.021360159,0.9010649323,1.099308252,1.532382011,1.838112831,1.383793354,0.7817425132,0.9999315143,1.262884617,1.429532528,0.7939327955,0.3737580776,0.6802750826,1.26960361,1.80489862,0.9767400622,0.9756005406,1.3044945,2.065524101,1.702907324,0.8016908169,1.143688798,1.08288908,1.822985888,0.9171964526,0.4199519753,0.7900353074,1.06074357,0.9915399551,0.6470848918,0.8107330203,0.8127607107,1.412153006,1.218900084,0.2607783675,0.9567070007,0.9450165629,0.6841267943,0.4891878664,0.216848433,0.1772605479,0.07172001898,0.1521210819,0.1437972784,0.04162732512,0.07668472081,0.09324359894,0.04550540447,0.05165692046,0.05114072561,0.0733814463,0.04866321012,0.05352046341,0.04321876168,0.05309411138,0.05044929311,0.04825165123,0.04505925626,0.0426690802,0.06036732718,0.01501246355,0.02523755468,0.03379246965,0.06169555336,0.06058790162,0.06199218705,0.02564267814,0.02034960315,0.02030984126,0.009457440116,0.01078088488,0.01450836565,0.01334437821,0.009296472184,0.008329964243,0.006851263344,0.01080620009,0.0067347968,0.003473696532,0.00690718228,0.00463918224,0.006246594246,sakana
1.388471127,1.688260555,1.488071561,1.403884888,3.782292843,2.149885178,1.683027387,2.312468767,4.381206989,4.473395348,2.432400227,2.23597002,3.1850214,3.219417572,2.837976456,1.114951253,2.274451733,2.549610376,3.579465628,3.381167412,2.610895157,3.643463135,3.124599695,3.96339798,3.515455723,4.376138687,3.184037209,3.544085026,4.712615013,4.566664696,3.044250011,2.874348879,3.36339736,3.912103891,2.787258863,1.844993711,1.542786002,2.707452774,3.412596226,2.804601192,2.675627708,3.421025276,3.70223546,3.823705673,3.02049613,3.151171923,3.815226793,3.801491737,3.603455782,3.63652873,4.032601833,4.301478863,4.587243557,3.883313179,2.795462847,2.814284563,3.411323071,3.253518343,2.672289133,2.322250843,1.809702158,2.492478609,2.217897892,2.191106081,2.175608635,2.631261587,2.603011608,2.389868021,2.025336742,1.71466136,1.935039282,2.096351147,1.831235409,1.771380305,1.961299181,2.165202141,1.990584135,1.938553095,1.686371446,1.69193089,1.594611526,1.355810881,1.292905807,1.185733557,1.681656241,1.432334781,1.222768784,1.491874814,1.664022803,1.7091254,1.727697134,1.51581955,1.535509348,1.446755171,1.62618351,1.616120696,1.671468019,1.645419002,1.90863812,1.94137311,1.556114197,1.812231779,1.001102567,1.700303078,1.29828155,1.290574551,2.360310316,1.808387756,2.13416791,1.865450263,1.65329957,2.052549601,1.72250247,1.830829024,1.704637766,1.906624556,2.107601881,1.903232217,1.882947445,1.556718469,1.739347458,1.702281952,1.584993124,1.736088037,1.409937382,1.318229437,1.319195032,1.134493589,0.9182788134,1.030211449,1.280966282,1.867191434,1.34901607,1.521116614,1.685080886,1.533192992,1.765817165,1.19076252,1.279455423,1.580030799,1.012784123,1.312243938,0.4494657218,0.5532357693,0.8025188446,0.9960433245,0.7765533328,0.7434760332,0.5808968544,0.8460294008,0.8336069584,0.4764461815,0.3688261211,0.6300529242,0.5240429044,0.4957115352,0.4931474328,0.4254955053,0.2304745913,0.3431268334,0.2934120297,0.2573679388,0.1660257727,0.1594128758,0.1605450958,0.1025104597,0.08416102082,0.1110869795,0.1304787397,0.06691378355,0.0760166049,0.09671360254,0.079712376,0.07053547353,0.04669404402,0.06739740819,0.07774300128,0.05980718508,0.06426405907,0.03176999465,0.04142940417,0.04424988106,0.03804627806,0.03955699131,0.04937184229,0.04717232659,0.02680465393,0.01753216051,0.01584340446,0.008144766092,0.01192928385,0.006419790909,0.01128228847,0.02710810862,0.01750716381,0.01515615638,0.01732422039,0.01431219932,0.01618531346,0.01844293624,sakana
0.6962771416,1.294253588,1.222927928,1.187523365,2.883960247,2.685260296,1.953400612,1.475628853,2.204054117,3.439507723,3.100983381,1.671484828,1.512787342,2.405201912,1.489046812,1.262447715,0.8288285732,2.056847334,2.361902714,2.777822733,3.241630793,2.695222855,3.011678457,2.856642008,3.22705102,4.289492607,3.71969223,3.371742249,3.161110878,3.720714331,4.023050308,3.836751938,2.375718355,1.735439181,2.293239117,2.874422789,1.407525659,1.581573725,2.246870518,3.258512974,3.115428686,2.888588905,1.982827425,2.416880846,3.449831963,3.175260305,3.295083284,2.554372072,3.44520998,3.540100813,3.603060484,3.7355721,3.145947456,3.653687,3.45498395,3.353934288,3.056071043,2.580286264,2.325698137,2.181988955,1.529000163,2.035580635,1.712396026,1.294403672,1.808370709,1.987763166,1.89565587,1.806441307,1.703254819,1.568804264,1.847569704,1.783640742,1.275033951,1.254249096,1.657402039,1.94216001,1.529142737,1.542446852,1.32210958,1.566761255,1.270495772,0.934886694,1.050799847,1.086624026,1.339594007,1.29836452,0.8671156764,1.427264452,1.808369875,1.278387427,1.879194856,1.239205956,1.448666811,1.480367064,1.377673268,1.045317888,0.8696209192,1.752303958,0.9591908455,0.7085960507,0.780665338,1.005243659,0.6670581698,0.7040767074,0.6459596753,0.8262723088,1.481865764,0.8733696938,1.377544641,1.670677781,1.493651271,1.475962162,1.12369287,1.497303367,1.138367176,1.246094108,1.200353622,1.294473767,1.566431403,1.179395556,1.175173402,0.9878169894,0.7360302806,1.279216647,0.9793163538,0.7888123393,0.4058666825,0.8078092337,0.5821403861,0.6039537191,0.8532853127,0.9519651532,1.20739615,1.440957546,1.376170754,1.121539354,1.223970532,1.23903501,1.300113678,1.620284915,0.8060150743,0.7297844291,0.487885952,0.4008023739,0.8653856516,0.6360936761,0.6946374774,0.9138805866,0.7134786248,1.325857639,0.5705144405,0.3735393584,0.3656591177,0.4450199306,0.4714593887,0.2696104646,0.3030785024,0.2227833271,0.2178130299,0.3423957229,0.1608825773,0.05527026579,0.109897688,0.04536902905,0.02943634428,0.03947231919,0.04917281494,0.03796645254,0.02525421791,0.04411297664,0.03597434983,0.01954753138,0.01691915095,0.02083627507,0.03271598741,0.02012252435,0.03440437838,0.02596835233,0.03920504078,0.02747320198,0.01906767301,0.0323526524,0.03541401774,0.0400862582,0.01856123842,0.02587721683,0.02232243307,0.01712481119,0.01354690734,0.01011074148,0.008750658482,0.006215065252,0.008347576484,0.01230892912,0.01181429159,0.01996846125,0.03141985834,0.03644889966,0.008964224719,0.007614850067,sakana
0.7578423619,1.015980244,1.630374193,1.395995855,3.506320715,2.420471907,1.553957343,1.679455996,3.749765873,4.162170887,2.408784628,2.187673569,2.676119566,2.794979334,2.413347483,1.008071423,1.525567293,1.837948561,3.05383563,3.535339832,2.610183001,3.305342674,2.532525301,3.153541327,3.873261213,4.007781029,3.165822268,3.213967562,3.916921377,4.540534496,3.727257729,2.969272137,2.093735933,3.372637987,3.044381142,2.230275869,1.586254835,2.40973711,3.315671682,3.220780373,2.500912905,2.485860825,3.405667782,3.445684433,3.389648676,2.928458691,3.495773792,3.275746584,3.285837889,3.848801374,3.650178194,3.570991516,3.979204416,3.942412853,3.587660074,3.396332979,3.60640955,3.549397469,2.945127487,2.646789789,1.396433711,2.415921926,2.313869715,2.109591722,1.961519003,2.043878317,1.80489099,2.593025446,1.999299407,1.713101268,1.892746449,1.8526299,2.052124977,1.721555948,1.680996537,1.589321375,2.108132601,2.016289711,1.673039198,1.575130939,1.326420784,1.45435369,1.312049866,1.253924966,1.383722186,1.281697989,1.669814706,1.488823652,1.705532789,1.665062428,1.662666917,2.048555613,1.323163033,1.605597615,1.339255929,1.439799428,1.522921562,1.513789773,1.385519266,1.106894016,1.387130499,1.468986869,0.9993232489,1.089714766,1.048994303,1.529145241,1.884149551,1.794857979,1.840622663,1.49032259,1.924362183,1.681544423,1.813099742,1.13097775,1.529912472,1.92616713,2.198125839,1.655814409,1.821397901,1.451224566,1.747387528,1.923797965,1.085040569,1.408300996,1.47243607,0.905572474,1.320739746,0.7852487564,0.6654761434,1.544232607,1.338429809,1.595295191,1.135654688,1.249532342,1.74221766,1.566947579,1.444848657,0.7767644525,1.164869189,1.441825271,0.9015905857,1.079358101,0.4426378906,0.5152927041,0.8470138907,0.764865756,0.651202023,0.9197847843,0.6044563055,1.118196607,0.769262135,0.2847931683,0.3884917796,0.3987093866,0.3332230747,0.2343109846,0.2454900295,0.3628925979,0.3456268609,0.3050246835,0.2696978748,0.1587259024,0.1367064714,0.04937767982,0.1050355062,0.242419675,0.1321262568,0.11668773,0.06221453473,0.0473450534,0.08780672401,0.05862091854,0.0469352901,0.04837333784,0.114519082,0.08232434094,0.04798153043,0.0756868571,0.08764529228,0.04898083955,0.05119429156,0.09079328924,0.1431948394,0.05823947862,0.0396230109,0.04010012373,0.08863448352,0.0417243503,0.03445426002,0.01045626123,0.01916638017,0.01318040118,0.01406945568,0.01476334874,0.04663655534,0.01462732069,0.02341232635,0.03627891466,0.009576519951,0.02302859724,sakana
0.964717865,0.9804522991,1.011560798,1.613051653,3.333052874,2.321869373,1.693800807,1.864486456,3.911525011,4.158601284,2.506070614,1.816082358,2.594345331,2.69592762,1.931300282,0.9612169266,1.776748538,2.382114172,2.03494215,2.944198847,2.58700037,3.058664322,2.68213129,2.800423861,3.877025843,4.049497128,3.188229799,3.183973551,3.409601927,4.403812885,3.193499804,3.052985907,2.231291533,3.338982821,3.138720989,2.580562115,1.721132278,1.896442175,3.420666695,3.252860546,2.32473278,2.644603252,3.450997829,3.855634212,3.57811904,2.744982004,3.139970541,3.59820509,3.750173807,3.638061285,2.988435745,3.24087429,4.007042885,4.286243916,2.768370628,2.53131628,2.523376942,3.147114515,2.874966145,2.358452559,1.091654062,1.783069491,2.522418022,2.471549034,1.662610412,1.812376857,1.713757038,2.529160023,2.146473646,1.3264575,1.584261894,1.744811893,2.017862797,1.693235278,1.672163129,1.535367608,2.053205729,1.874504924,1.35593152,1.440389633,1.369326115,1.548333406,1.291874886,1.28374958,1.596374989,1.128080726,1.645269752,1.266721129,1.520962238,1.456757307,1.250341535,1.636957765,1.289406419,1.486381173,0.7802109718,1.304562569,1.438145041,1.415449381,1.203799009,0.7224498391,1.251192212,1.369053245,0.8876063824,0.9511343241,0.8581460714,1.358018041,1.935009003,1.032773733,1.33021915,0.7831474543,1.232389569,1.550386786,1.154114246,1.181267619,0.9342429638,1.477787495,1.383582711,0.8606239557,0.9998830557,0.6967378259,1.135358214,0.983001709,0.648260951,0.6970599294,0.5518984795,0.3555926979,0.3980344832,0.3543214798,0.2730076909,0.5400761962,0.754865706,0.8018370867,1.125962973,1.231565356,1.349027991,1.056393743,1.231718659,1.150897145,1.234276175,1.292891026,0.8943564892,0.9508967996,0.6138584614,0.4211179614,0.5582565665,0.4554682374,0.5908378959,0.4959656596,0.5606823564,0.809995532,0.6262466311,0.274733007,0.3364479244,0.2853582501,0.3105739057,0.3211514354,0.3084257543,0.2275655121,0.2392154783,0.3113377988,0.1602707505,0.1115319058,0.229440093,0.04911892861,0.07512635738,0.07136771083,0.09369587153,0.140583396,0.0599276796,0.02419035137,0.04897945002,0.05827463418,0.08312041312,0.04079341516,0.1048481986,0.08487411588,0.07469204813,0.07514676452,0.05463492498,0.09205985814,0.09659563005,0.08941566199,0.04825209826,0.04637079686,0.03391024843,0.03475566581,0.05069974065,0.01624074019,0.0190944057,0.009545689449,0.01333818585,0.006973697804,0.009964986704,0.02930385433,0.03765932843,0.008562414907,0.0391241461,0.02780414559,0.01247737743,0.007346700877,sakana
0.8973998427,1.039361715,1.463080525,1.080101609,3.612607956,2.61077404,1.385717154,1.712503076,3.117013693,4.452533722,2.864640236,1.506132722,1.547694564,2.376231194,2.103639364,1.305762172,1.187963724,1.901141644,2.73832202,3.394279242,2.534957409,2.959793329,2.045537472,2.580589294,4.116363525,4.075192451,3.233106136,2.709951639,3.360856771,4.404184341,3.772443295,2.748711348,1.865386605,2.883523226,3.759878397,2.689028263,1.169121385,1.590431809,3.025067091,3.838557482,2.948141098,2.245604753,2.561549902,3.898336887,3.985010862,3.185340881,2.578765869,3.301600456,3.863380909,4.758683205,4.028760433,3.000482082,3.483923912,4.16145277,4.097934246,2.759673119,1.948261619,2.077183723,3.150660038,3.262483597,1.740835547,0.8601790071,1.594008803,1.766634822,2.33693099,1.687969327,1.380742311,2.097647429,2.291936636,2.307399511,1.53466177,1.483835936,1.398860812,1.895495057,2.047312498,1.531990051,1.564844251,1.860842347,1.778346181,1.521717429,0.984770596,1.09269321,1.333347917,1.120808601,1.180726886,0.9209800959,0.89867872,1.111124754,1.013434052,0.8813471794,0.9809524417,0.8540200591,0.9991850257,0.9428135753,0.684541285,0.5035199523,0.9493681192,1.308890462,1.21660471,0.83063972,0.6794214249,1.197076201,0.8914008141,1.248131871,0.9451990724,0.5621649027,1.752285004,1.629454732,1.845169663,1.532005191,1.038146377,1.3447963,1.828490615,1.418992043,1.50024128,1.26673615,1.394073248,1.896029711,2.011790037,1.31441462,1.16846478,1.103833675,1.337328196,1.444007039,1.111441731,0.6666246653,0.5610021949,1.011509657,0.6718171835,1.112632275,1.01416719,1.0174402,1.382960796,1.151915312,1.544913054,1.383709908,1.349846601,0.8399661183,1.123566985,1.05425179,0.8255007267,0.9192550182,0.3752337098,0.4761897624,0.5619925261,0.6832516193,0.6864557862,1.011184573,0.501298964,0.8480507731,0.4749965966,0.3178524971,0.3721934259,0.3177749217,0.2734246254,0.2677921355,0.1970904917,0.197255075,0.1983689219,0.189626053,0.2371289432,0.1438444704,0.1622874737,0.05067222193,0.1062131152,0.04835332185,0.05076831579,0.09758888185,0.05713947862,0.04850136489,0.0313468501,0.04208303988,0.02961077169,0.03176048398,0.0262964312,0.03626427054,0.0248453822,0.03282915428,0.02684999444,0.02794254571,0.03495679796,0.02317981981,0.02744186856,0.01582719572,0.00781433098,0.006063202862,0.0111254286,0.007923178375,0.00886335317,0.00327277137,0.004335880745,0.01034595165,0.01006771903,0.014480629,0.04226763174,0.02387837134,0.02225712501,0.02755014971,0.0126609467,0.007777299732,sakana
0.8723602295,1.226877332,1.221429944,1.405550957,3.442609549,2.006906986,1.266374707,1.38228929,3.497196436,4.268904209,2.396941185,1.342393637,2.258561134,2.769546747,2.402595043,0.9020447135,1.149460793,2.482822895,3.072577,2.959943056,2.253436565,3.255533457,2.31012249,3.649794102,3.408771276,3.831678629,3.442751646,3.222802401,4.571062088,3.804279089,3.611947775,2.643053532,2.753179312,3.481253147,3.211329222,2.12136817,1.179080725,2.495306969,2.991123676,2.8295784,2.107048988,2.606817961,3.329977751,3.858747482,2.793411732,2.13164258,3.114220381,3.787899494,3.091602087,3.006830931,2.831713676,3.916753769,4.411888599,3.791862011,2.614090919,3.02177763,3.700389862,2.922733784,2.188905954,1.415785432,1.294398069,2.870805025,2.293695211,1.514959693,1.696914673,2.116985083,2.289711952,2.119059324,1.65726161,1.782502174,2.201456308,2.182557344,1.716242671,1.616067052,1.619258761,2.106717825,1.818254352,1.371103287,1.583047509,1.664477706,1.506988883,1.139620304,1.126366735,0.8803078532,1.686366439,1.289859056,1.148061991,1.103859544,1.276129007,1.538715363,1.614957929,1.27429235,1.096589923,1.315745831,1.464610457,1.436181903,0.8735804558,1.185035229,1.705310464,1.67677629,1.100285888,0.9078361392,0.9833766818,1.684300661,1.370282769,1.232901812,1.251211405,1.564000487,1.895547509,1.854273677,1.341380239,1.559063554,1.728627324,1.880298138,1.649040461,1.52780354,1.653994203,1.664747596,1.886559844,1.405859709,0.9969355464,1.27074039,1.180843353,1.528140306,0.9345805645,0.6132315397,0.8410150409,0.9048427939,0.7365930676,0.628446579,0.7658410072,1.406825542,1.390219927,1.405537486,1.276587248,1.251785994,1.595930576,0.8581551313,1.28012836,1.183042645,0.7666866183,1.195051074,0.4242343903,0.4883116782,0.6485709548,0.7331964374,0.8908634782,0.9389107227,0.4564339817,1.211830854,0.7654781938,0.4630196393,0.3689680696,0.855065465,0.7014294267,0.2113866061,0.3149114549,0.1966584027,0.2221350223,0.320412755,0.1853570491,0.1283275485,0.05049581453,0.04039794207,0.04736498371,0.04964658618,0.0286409948,0.02544489317,0.02168373205,0.01321419328,0.01047605742,0.01614421047,0.007812140044,0.009280691855,0.009752820246,0.005725616589,0.01607502997,0.006367544178,0.004333929624,0.007724690251,0.0132953506,0.006740821991,0.008238391951,0.003980041482,0.002321782522,0.002223400399,0.002239793772,0.001262869919,0.001993818674,0.0009756600484,0.001602477743,0.001109309378,0.003348349594,0.002848790959,0.003587481566,0.003306742758,0.004922657739,0.004279605113,0.00462708436,0.003804681124,sakana
0.7985762954,0.5717191696,1.011652112,1.227346539,2.947725534,1.720658302,1.106510758,1.366021633,3.378494263,3.885922909,1.732246995,1.734258294,2.056808472,2.2595644,2.224057913,0.7005169392,1.023618221,2.461139441,2.639305592,3.035514355,2.286620378,2.772326946,2.205369473,3.465873718,3.783913374,3.936085939,3.029327154,3.116631031,4.117972374,4.29526186,3.073428869,2.243958712,2.536541939,3.757577896,2.86550355,1.946156621,1.150377154,2.213752985,3.184408188,2.875824213,1.861589074,2.546882153,3.447014332,3.839642763,3.519094229,2.258730412,3.331223726,4.15299654,3.946520567,3.950575829,2.929329157,3.769359589,4.380262375,3.649345398,2.257889986,2.009788275,3.028345823,3.100116014,2.820913076,1.708261251,0.9664779902,1.552716017,1.959764719,1.513136148,1.41435945,1.652372122,2.046548367,2.104054928,1.793895602,1.065907955,1.533808708,1.909698248,1.675692081,0.987818718,0.8431813717,1.376894474,1.45772469,1.082597017,0.9448679686,0.9535185695,1.111459732,1.146508336,0.7256770134,0.62670362,0.8482714295,0.9663220644,1.352859139,0.5976245999,0.8502768874,1.088185191,1.563411713,1.101045132,0.6767551303,0.80663234,0.815489769,0.6718431115,0.6433500648,0.5428005457,0.6216428876,0.7925565243,0.7617900372,0.5754458904,0.4989832044,0.7794217467,0.7491958141,0.8565499783,1.289444923,0.8933599591,1.108268023,1.213796854,0.8938325644,1.136674404,1.087952733,1.126982331,1.154466629,1.155514598,1.202905297,1.077130556,1.288846493,1.014880538,0.9679711461,0.3941355944,0.6516445279,0.9527932405,0.5985343456,0.4705276191,0.3034194112,0.5785341859,0.4674095213,0.3666646779,0.5922127366,0.760949254,1.282128096,1.14079845,1.078135014,1.08365643,1.320405483,1.232361317,1.164593697,1.192126274,0.7169417143,1.308784008,0.6186009645,0.8005031943,0.5971519947,0.7225784063,0.944535017,1.053410292,0.6602122188,0.7692499757,0.6573147774,0.3961506188,0.3691803813,0.4953728318,0.2023123354,0.2329692394,0.2488937378,0.1194027588,0.1589504331,0.1686712801,0.1430473626,0.07061844319,0.06767977774,0.01855576038,0.03222585842,0.07470654696,0.04830101505,0.01716696285,0.04057735205,0.0386329554,0.01564066857,0.01496370323,0.01575420983,0.01329862513,0.01844631881,0.04369616508,0.01045570057,0.01891398244,0.02848667651,0.01574237272,0.01180766709,0.008762590587,0.01589810476,0.0137143936,0.008002731949,0.004326823168,0.001117682899,0.002092294395,0.003632285632,0.00203564344,0.001600988209,0.001083544455,0.001338689588,0.001613488887,0.001177888713,0.001562524471,0.00456706062,0.003943263553,0.002899954794,0.002120484598,sakana
0.8512889743,1.26488328,1.121459126,1.031842709,3.030261517,1.958269238,1.140529871,0.9855859876,2.790543795,3.806604624,1.989581108,0.8957260251,1.607870221,1.872539639,2.025930166,0.7641575336,1.257956505,1.788139105,2.387906313,3.101446152,2.180442095,2.983156919,2.197912931,2.571279049,3.830317259,3.88600421,3.069441557,2.587495327,3.596012115,4.633591652,3.608551264,2.539044857,1.874566436,2.936522007,3.389102697,2.085368633,1.131191969,1.728066683,3.057365179,3.295484781,2.300520182,1.997162938,2.729105711,3.76379776,3.830359936,2.680282831,2.646952868,3.566437721,3.2153368,4.093184948,3.389621973,2.671946287,3.653079987,4.565999985,3.684113741,2.266842127,2.30103302,2.507084608,2.169901133,2.749817371,1.337541103,1.592721581,2.312100172,2.225486994,1.688823104,1.292127848,1.051456451,1.671674967,2.13979578,1.646480322,1.121281505,1.385638595,1.5041399,1.301777601,1.117994666,1.009342194,0.9558724761,1.493101954,1.533881307,0.9977388382,0.9441732168,1.095601439,1.258317471,0.9958524108,1.015631795,0.725125432,1.093482852,1.193890333,1.219692111,1.075893879,1.421301246,1.42601347,0.9519865513,1.02924335,1.016328216,1.098042488,0.9704816341,1.359712481,1.213089705,1.190339684,0.8858440518,0.9849066734,0.930211246,1.120304108,0.7920520902,0.8214554787,1.902121902,1.498572946,1.467250586,1.266451478,0.7822790742,1.229963183,1.475440621,1.609826088,1.247904897,1.311193705,1.537707686,1.518184423,1.627168059,1.136969686,1.009566784,1.255895257,1.034258842,1.427192688,0.9888823628,0.7148877382,0.8574908376,1.059639454,0.5973732471,0.6758497357,0.8874481916,1.20664537,1.442012072,1.754464507,1.502411127,1.239228845,1.300848722,1.382086992,1.291375995,1.178049803,0.438444674,0.9915910363,0.3086788356,0.4984990954,0.4968074262,0.471139133,0.4853003919,0.4045554996,0.3556861579,0.4584088326,0.4210395813,0.1926927269,0.1684047729,0.4699984789,0.1981836408,0.2504799962,0.2118205726,0.1294328719,0.1484391242,0.08808957785,0.1126536801,0.08537025005,0.09174575657,0.03430264071,0.03013723157,0.04663139954,0.03849164024,0.02287782729,0.03536447138,0.0139449751,0.03729688749,0.02770002931,0.008822324686,0.01383312233,0.009913678281,0.01398026943,0.0100844074,0.005549072288,0.01079773437,0.005520842969,0.007159712724,0.007065302692,0.00391219696,0.003473629942,0.002124846214,0.001791491988,0.002523007337,0.001129877055,0.001200704835,0.001448260969,0.002399192657,0.0013098286,0.002386246109,0.004141051322,0.002726781182,0.002163727069,0.001688493881,0.001179756015,0.001399815315,0.0009963660268,sakana
0.8332681656,0.9471611977,1.091078043,1.218105197,3.273481369,2.453594685,1.391397357,1.617026925,3.195863485,4.205966949,2.960137367,1.852620006,2.02910471,2.405966997,2.145831108,1.070332646,0.8774126768,2.058309793,3.053426266,3.372382879,2.661025047,3.085111618,2.68807435,2.911848545,4.26352644,4.278041363,3.79169035,3.160713911,3.489966869,4.708435059,3.925411701,2.428963661,2.193235397,3.266167879,3.794447422,3.095617294,1.281757355,2.049627781,3.071561337,3.93539381,3.46445632,2.417124987,2.84671092,3.94987011,4.125469208,3.875704527,2.650645018,3.691966534,3.961800337,4.652331352,4.437816143,2.640008926,3.564280748,4.174685001,3.807500839,2.971245527,2.194798231,2.729723454,2.981664181,3.210866451,2.301634312,1.214688182,1.190165639,1.620561719,2.242640257,2.10395956,1.214536786,1.558616281,1.945421338,1.971524358,1.584713459,1.220300794,1.20527792,1.41477108,1.744590163,1.437672853,1.269266367,1.251099348,1.514638901,1.512361407,0.9301133752,0.8489753008,1.051973701,1.069698334,1.198156953,0.6969115138,1.020969152,1.364097834,1.08435595,0.9606084824,0.9340376854,1.494706035,1.399942279,0.9362075329,1.060168982,1.384135485,1.080377936,1.142057657,1.238167763,1.328172565,1.137899876,1.038571715,0.9540198445,0.8657513261,0.9832700491,1.08437109,1.384798884,1.118633032,1.414669871,1.377836466,1.14716506,1.036589146,1.429956913,1.175251961,1.591666102,1.655453563,1.011650205,1.448877096,1.680188298,1.374280334,1.741642475,1.05095005,1.093149185,1.362229705,1.386697769,1.460876226,0.8737587333,1.074869275,0.8294896483,1.274848819,2.020386219,1.288621783,1.581264973,1.762636065,2.275749683,2.453045368,1.494201899,1.397024155,1.967403293,1.978156686,1.496853232,1.122437358,0.4270786643,0.7223644257,0.980135262,1.187798619,0.7123548985,0.853882134,0.4555847943,0.8395369053,0.9577004313,0.3678842783,0.4896924496,0.4099087119,0.3517576456,0.359567523,0.5185585618,0.3001514673,0.2802278101,0.2847386897,0.2546984255,0.1814769655,0.3049153686,0.06192141771,0.07612317055,0.2618717849,0.1653714478,0.1345816255,0.1440140158,0.1179675013,0.282117933,0.1503649503,0.1009275541,0.07682213932,0.1476610601,0.2576772273,0.2219097614,0.1017347947,0.168645516,0.1654859185,0.2913241088,0.1556030512,0.09311504662,0.1522781104,0.08823828399,0.02784144692,0.0215216931,0.02263825573,0.01711930521,0.01548043732,0.01548498124,0.0153208347,0.01504136343,0.01511553209,0.01522782072,0.01496019028,0.01451052353,0.01515484042,0.01432591025,0.01482778881,sakana
0.9914372563,1.182036638,1.369864821,1.418993115,3.640618801,2.183922768,1.551275253,1.650239468,3.885210752,4.359198093,2.135000229,1.751565576,2.698881388,2.590678453,2.60644269,1.269910693,1.513429999,2.092255116,3.30404067,3.529138565,2.611431122,3.056462049,2.66466403,3.314999819,4.17033577,4.00908041,2.963665724,2.976496696,3.986551523,4.639868736,2.89671278,2.409460306,2.289179087,3.775666237,3.23923707,2.014325142,1.093743563,2.340115309,3.273630381,3.542349577,1.920783639,2.510522604,3.38131237,3.924669027,3.741687298,2.314971209,3.459963322,3.606182098,4.174587727,4.117237091,3.407982588,3.502696753,4.610117912,4.377305984,2.986918926,2.208131075,2.643185616,2.902343512,3.217181206,2.31862998,1.685028434,2.202305079,2.453331709,2.398216963,1.749261498,2.024431467,2.218290091,2.736745358,2.298233509,1.26186502,1.308646798,1.835290194,1.62193048,1.667586446,1.562318683,1.734428763,2.029979467,1.783486962,1.559887648,1.179767728,1.392945528,1.386358023,1.183831334,1.063874483,1.276687503,1.249239206,1.248420596,1.291767836,1.469393849,1.258715391,1.528734326,1.333184719,1.279274225,1.187460542,1.042982697,1.264699578,1.126673937,1.393550754,1.060071468,1.202740788,1.328140378,1.174838305,1.003338695,0.763541162,1.055476785,1.257147789,2.017500162,1.85593009,1.757828236,1.980774879,1.712175965,1.455838919,2.120310545,1.576146364,1.723401308,1.683815002,1.980793476,2.163463354,1.81430459,1.563645363,1.511429787,1.5225811,1.486911893,1.480035901,1.218884468,1.001653433,1.17483592,1.178778768,0.7699406147,0.830563128,0.989921391,1.583888054,1.837948561,1.580102444,1.500059605,1.444350362,1.847490788,1.54937017,1.744431138,1.289164066,0.9281972647,1.309082747,0.7014485002,0.760566771,0.749557972,0.8124642968,0.9924885631,1.075224042,0.7151525021,0.835807085,0.7389902472,0.4557058215,0.4550187886,0.831743598,0.3972747028,0.4762684703,0.5392864347,0.314807564,0.2755038738,0.2731596529,0.2558761537,0.154762283,0.1560650319,0.08367618918,0.05841820687,0.09170884639,0.06630765647,0.08217476308,0.08160423487,0.0317052342,0.05376655236,0.05683602393,0.04042634368,0.03635358438,0.0209770631,0.02976058424,0.04803583771,0.02537228912,0.04135018215,0.01642053574,0.0275018122,0.02112791501,0.023718426,0.01311219018,0.009635975584,0.009103536606,0.005847831257,0.008261985146,0.003594316542,0.004650044255,0.004395058844,0.002967544133,0.002747017192,0.003866495099,0.002959377598,0.004857963882,0.008852436207,0.006103232969,0.004552562255,0.003734592581,sakana
0.9169504046,1.416805625,1.811698079,1.203352451,3.140128851,3.573558569,1.925641298,1.712877393,2.102526665,3.96126914,4.347020149,2.233276606,1.718757868,2.393793344,2.497754812,2.583194017,1.507665634,1.928299189,3.522493124,3.12121582,3.795945883,3.897142172,2.39557004,2.923531771,2.519352436,3.739384413,4.88120985,3.823871136,4.000667572,3.489496469,3.024354458,4.454422474,3.406369209,2.653210163,2.237242222,2.412661552,3.823664427,3.173092127,2.528402328,1.815327406,2.214854956,3.037181616,3.312365294,2.292981148,2.165816545,1.938399911,3.330149412,4.407143116,3.310750723,3.045442104,3.40575099,3.944712162,4.362639904,3.270818949,2.395324945,2.241672516,3.456907511,3.706524849,2.571795225,1.151185632,1.288592458,0.891829133,2.502170801,2.551527739,1.626719713,2.075553179,1.805093884,2.293483734,2.627291679,1.927885532,1.72021842,1.998395205,1.964824557,2.69549346,2.573226213,1.662771344,1.785551429,1.978877187,2.48805666,2.37242651,1.692725182,1.686640024,1.625985503,2.188598156,2.108294964,1.429184794,1.556129456,1.242376685,1.826171994,1.98599112,1.756490469,1.442114949,1.325273037,1.854214191,1.854643226,1.846710563,1.44127357,1.360676169,2.129375219,2.353476286,2.286782265,1.439970255,1.848960519,1.717889547,2.161737442,2.01328063,1.000646353,0.8445603251,1.515307426,1.76398325,1.37649107,1.113349915,0.8219906688,1.216536283,1.286032557,1.380046964,1.291922688,0.928883791,0.9427019358,1.388755083,1.007847667,1.567900062,0.5319936275,0.3927970827,0.6976720095,1.240445137,1.351338863,1.111085534,1.119447947,1.10333395,0.9857527614,1.895972848,1.604900002,1.141273022,1.367786169,1.50529623,1.083588243,1.376266599,1.278823018,0.897819519,1.090796828,1.032932878,1.52567029,1.459691405,0.7870405912,1.587984204,1.599796295,1.328705668,1.36190474,1.392591357,1.51023066,1.312833548,1.040076971,1.379678488,0.9860970378,1.107208729,0.7546620369,0.3824776113,0.3926152587,0.3967572749,0.4283932447,0.528837502,0.410025686,0.3659804761,0.429017961,0.3043653369,0.4527697265,0.2404053658,0.2828804553,0.2769468427,0.15906398,0.3187691271,0.4533602297,0.2500946522,0.6027450562,0.4972530901,0.5825766921,0.6959895492,0.513956666,0.5633132458,0.338722527,0.5303850174,0.42723158,0.2883892953,0.1854198724,0.09733249247,0.09496515989,0.1388813406,0.08867222816,0.04266085848,0.0457963571,0.01926083118,0.01024487987,0.01274465304,0.01343068201,0.007205918431,0.02048179507,0.01730213873,0.03091548197,0.01592245512,sakana
0.61657691,0.7869719863,0.8697436452,0.6714698672,2.036132097,2.865026236,1.713983536,1.022952318,1.375550866,2.982666731,3.542951584,1.540154696,1.017384887,1.429325461,1.427143216,1.734137297,1.348529935,1.834027648,2.460888624,2.483308554,3.367443085,3.669603348,2.261555433,2.138212204,2.287044287,3.62363553,4.515820026,3.515226126,4.016476631,3.928266525,3.452224731,4.155700684,3.356665611,2.470311165,1.981927991,2.17524147,3.110671043,2.978016853,2.649949074,1.967867255,2.362761259,2.218742132,2.718798637,2.613473415,2.399962664,2.173660517,2.699364185,3.790736437,3.645668507,2.971243382,3.246123791,3.542565584,3.804547548,3.713984966,2.285726786,1.857284784,2.561149359,2.617856264,2.708607912,1.337940812,1.112884879,0.8152353764,1.89676249,1.996438026,1.490400672,1.132622242,1.388276577,1.70542419,2.122460127,1.977938175,1.174204111,1.624398589,1.515657663,1.811014056,2.047162294,1.458002806,1.50494194,1.607896686,1.613587737,1.978254318,1.528853416,1.191013098,1.611574769,1.393354893,1.320653796,1.378441811,1.050302625,1.765895247,1.228567004,1.681397319,1.542239189,0.9886791706,1.634545326,1.00418663,1.325340152,1.470044136,1.606717348,1.552231669,1.134379029,1.606715441,1.498545051,1.116176844,1.200437069,1.072850585,1.542528033,1.605148792,1.224906206,0.5747080445,1.121885538,1.304142356,1.373428345,1.448414207,0.7997161746,0.6908602118,0.486436367,1.017733932,1.067546368,1.037391663,0.8242718577,0.6889643669,0.608150959,0.870955348,0.4941169918,0.2198444009,0.3507396579,0.5874282122,0.5883775949,0.8426405787,0.8822207451,0.7197301388,0.6101138592,1.177198529,0.9509451985,1.109791398,0.8468440175,0.6699250937,0.6866286993,0.8842297196,1.700057864,0.9350479841,0.7635007501,0.8494025469,1.058366299,1.662965417,0.6634004712,0.8032959104,1.105547905,0.9920536876,1.185164213,1.08706212,1.055256963,0.8935998678,0.8817350268,0.6044892669,0.4593155086,0.4255556166,0.493923068,0.1913865209,0.187141344,0.114056401,0.1387162656,0.1969009191,0.1276372969,0.1028286144,0.1050104573,0.06869108975,0.08707164973,0.09515356272,0.06988313794,0.05794897676,0.03654943034,0.05847354233,0.05114058033,0.06472089887,0.09482577443,0.1418947279,0.114178285,0.1208646372,0.2277349234,0.2563798428,0.2065632492,0.1735264361,0.172066167,0.1146741584,0.1126980036,0.1357239336,0.1014180332,0.06251242757,0.05599100888,0.05669531226,0.0291335918,0.01427903771,0.009180899709,0.01209971495,0.01630145125,0.01663385145,0.01204017736,0.00673682848,0.01090755034,0.008360642008,sakana
0.4760344923,0.6474705338,0.7287244201,0.7518047094,1.887415648,2.394123554,1.533204436,1.188740611,1.435817361,2.911324024,3.189001799,1.348537803,1.384978652,1.586509705,1.214528084,1.666838408,1.232956529,1.989793777,2.607179642,2.385300636,3.250211477,3.164419651,2.330283165,1.788046956,2.158936739,3.690092087,4.447331429,3.6876688,3.384616613,3.462009192,3.531808853,4.285715103,3.196635246,1.829170704,1.628083706,2.185628414,3.463335276,2.738121271,1.994452,1.652689576,2.405619383,2.585759163,2.820358515,1.508121014,2.123670816,2.524197817,2.847666264,3.903989315,2.526723623,2.720392704,3.304574728,3.285102367,3.81860733,2.636703491,1.967789769,1.956745505,2.388189793,2.520597935,2.375387192,1.275760412,1.115406156,0.5880599618,1.770262241,1.918326616,1.14535737,1.252052546,1.103986263,1.548021197,1.963515401,1.379560232,1.3345052,1.446061611,1.628172636,1.87759757,1.89090991,1.352934003,1.234518528,1.464206815,1.747467637,2.002340317,1.342140675,1.359976888,1.181263089,1.860612273,1.548222065,1.576241612,1.618546963,1.55938983,1.513671994,1.182792306,1.551523209,1.433526278,1.813603759,1.647934318,1.21508038,1.602324843,1.530956864,1.677143097,1.155423641,1.58915484,1.759435058,0.9940864444,1.367670059,1.348085046,1.423799753,1.820218086,1.592310309,0.7997903228,1.454110384,1.223342538,1.514167309,1.265697718,0.6197009087,1.110871077,0.6764082909,1.080311775,1.440487146,0.9924538136,0.9423211813,0.8919228911,0.6097229719,1.140983105,0.402051121,0.4857212603,0.3541320562,0.6751958132,0.5324322581,0.5243002176,0.8582822084,0.4794618785,0.5569568872,1.022946477,0.9931456447,0.5249234438,0.7692145705,0.6228148937,0.5041652918,0.7733534575,0.7908598185,0.5239644647,0.5630303025,0.4909339845,1.142463803,1.064962506,0.7036777735,0.7899637222,1.059087038,0.9941045046,1.328908563,1.020577312,1.171504498,0.8835216165,0.9904524684,1.232930422,0.6479459405,0.7008464336,0.4226176441,0.2837382555,0.2921064794,0.2364528179,0.1938335747,0.2057715654,0.1816274673,0.2076124996,0.181138888,0.2272032946,0.1480727196,0.1559525132,0.1197938845,0.1222207546,0.07628064603,0.1115394831,0.1025602594,0.1428370774,0.266107887,0.2239812165,0.08451895416,0.1780422628,0.3157043755,0.3413118124,0.4500328004,0.38448295,0.2455433607,0.1704209149,0.2016864121,0.2456321269,0.09011403471,0.09916154295,0.05940511823,0.04439418018,0.03505593911,0.03291168064,0.01909871586,0.01121680345,0.01234912034,0.01461796928,0.007212391589,0.01649660058,0.01752780005,0.01140108239,sakana
0.6292641163,0.8156314492,0.7916244864,0.692062676,1.886865616,2.348635912,1.242263675,0.803771019,1.120940566,2.733378649,3.235067844,1.112883925,1.263932347,1.379302144,1.434448242,1.549845219,0.9076493979,1.669407248,2.468724251,2.345730782,3.444398403,2.971658707,1.926115394,2.01970768,1.929031014,3.76360178,4.438697815,3.384511948,3.585781336,3.379608631,3.106707335,4.518168926,2.670768499,2.322443962,2.029106617,2.234798193,3.770574808,2.563154459,2.489984751,1.71098721,2.082586288,3.212846279,2.823152781,1.994113564,2.015898228,2.048818827,3.599192619,4.125944138,2.83684206,2.571721792,2.747436523,4.011471272,4.139171124,1.967884421,1.691035986,2.049998045,2.746168137,3.12684679,1.425123334,0.6402660608,1.046320558,1.054210186,2.613288403,1.647313833,1.064031959,1.338931918,1.457597136,2.353500128,2.069864035,1.276783466,1.275678635,1.662744045,2.075446606,2.351124287,1.610284567,1.12798214,1.522618651,1.765951276,2.469620466,1.649298549,1.448506474,1.325382829,1.385928035,2.071325302,1.681420088,1.351455808,1.489052534,1.439337373,1.543752909,1.693993568,1.189328909,1.366691232,1.407836199,1.597566485,1.699509144,1.402551532,1.319552064,1.587880969,1.815854311,2.43211937,1.271318793,0.9935551286,1.749908447,1.665270925,2.383780479,1.620827436,0.8944948912,0.715235889,1.085856438,1.732612371,1.178231835,0.6060849428,0.6840045452,0.9814907312,1.066975951,1.517976522,0.5576496124,0.6229258776,0.6209716201,1.401847363,1.074076414,0.4102002978,0.1968097389,0.4190813303,0.5863490701,1.08959043,0.3794360459,0.4318291843,0.7302330732,0.7599292994,1.036999106,1.093847513,0.6116209626,0.5862406492,0.7423502207,1.097921133,0.6796704531,0.3816364706,0.4027658403,0.3593094349,0.6861810088,0.573007524,0.4483422637,0.5796220899,0.5772750378,1.107187986,1.30195725,0.4526642859,0.5808873773,0.6713602543,1.14027369,0.9047802091,0.8662907481,0.7294256091,0.338891834,0.4851186574,0.5323798656,0.190736413,0.1619238704,0.1983955055,0.1593287438,0.2767829895,0.1769719571,0.1185634732,0.2221488506,0.1631355137,0.2010064125,0.131144926,0.08775832504,0.1332806647,0.05168365315,0.08884455264,0.1333147883,0.1081549674,0.07761185616,0.07222616673,0.1007392704,0.1010753587,0.09013402462,0.05121795833,0.05428394675,0.04607310519,0.03796678409,0.03251647949,0.02235587686,0.008224689402,0.01441064384,0.0162285734,0.03681158274,0.02264332213,0.005840952042,0.002938247286,0.007070550695,0.00739686517,0.004906339571,0.004154089373,0.007108815946,0.008245408535,0.01107496582,0.005881618243,sakana
0.4197107255,0.3862921,0.5002362132,0.7604702115,1.784757733,2.080585718,1.383540869,1.062921047,1.131620049,2.774862051,3.139458179,1.206997991,1.051181793,1.429258585,1.246257305,1.424506545,0.9217666984,1.462379694,2.219050646,2.114064455,3.229576588,2.903665304,1.671676993,1.977316618,2.091734886,4.165699005,4.104762077,3.122915268,3.647828579,3.605084419,4.158287525,4.205596924,2.953047752,2.341449261,1.736648321,2.855714798,3.429938793,2.586225986,2.525549173,2.025325298,2.664919376,2.564318419,2.68305707,2.390002489,2.069574833,2.486496925,3.245602608,4.029850483,3.523877859,2.702564955,3.675841331,4.369198799,3.769585133,3.079569578,1.765358806,2.304493189,2.973039627,2.563517094,2.387940407,1.005418301,1.546681523,1.012828708,1.589038968,1.619646668,1.083088756,1.521787167,2.008901119,2.118501425,1.872284889,1.450283289,1.335946798,2.116611004,1.776206613,1.689110756,1.808291435,1.405394673,1.994765997,1.887995839,1.652715087,1.516511798,1.276718855,1.512610555,1.577164054,1.399231791,1.302127838,0.9945949316,1.241757274,1.768100858,1.222412348,1.476697326,1.216103911,1.271736383,1.756355405,1.176010609,1.257645726,1.296442151,1.62029767,1.827632308,1.726695299,1.849863648,1.462185025,1.27090013,2.094575167,1.774184585,1.931003928,1.921013713,1.449113011,1.0481354,1.076865554,1.140376329,1.106865287,1.048145533,0.9799997807,1.183962941,0.8181849122,1.032969356,1.067882895,1.115432143,1.188803673,0.9908616543,0.666714251,0.9078977108,0.4988016784,0.6397952437,0.3883039951,0.544816196,0.4912774563,0.9045737982,1.358695865,0.9608278275,0.8426629305,1.30622685,1.188393593,1.145699978,1.357782364,0.9662567377,0.9902054667,0.7412824035,1.264652491,1.131911516,0.8029190302,0.7563785911,1.184387088,1.590967536,1.183800936,1.096383095,1.159270167,0.9990033507,1.156809688,1.143699527,0.9355039001,0.692664206,0.8594292998,0.6730194688,0.4800477326,0.4405527711,0.2893202305,0.1693197489,0.1423835158,0.1230406389,0.1294424236,0.123397015,0.1225540116,0.1192274988,0.1601566225,0.07991621643,0.072466515,0.05346038938,0.1006298214,0.09177051485,0.06396762282,0.09222241491,0.1286428869,0.1422553807,0.1793049872,0.2855795324,0.2196536064,0.1591152996,0.2286700606,0.2081383169,0.2411657274,0.1928547919,0.1264232993,0.08964820206,0.1048706397,0.06132512912,0.0443395637,0.02681140788,0.01775203831,0.01142779831,0.008312112652,0.003763138317,0.004437297583,0.003398318077,0.00606628228,0.004718682729,0.002833766397,0.002661085222,0.002034791047,0.001929504215,sakana
0.5099745393,0.7379588485,1.073447466,0.7300382257,2.316618443,2.478283167,1.398486137,1.054458022,1.361209154,3.305130005,3.515431643,0.9443415999,1.00230968,2.048889875,1.713176131,1.927731514,1.116283059,1.715783715,2.675506353,2.600507975,3.714700699,2.890007257,1.976761341,2.21129775,2.66123867,4.654229641,4.23388052,3.633276701,3.173573494,4.046977043,4.695515633,4.286533356,3.246851921,2.057717085,2.401836157,3.510119677,3.869768858,2.696105242,1.883233905,2.0777421,3.076699734,3.134815216,2.750308514,1.865238905,2.788355112,2.913831949,3.883983135,4.298678398,3.151516676,3.252714634,3.953327417,4.572956562,3.94003582,2.340642214,2.650269508,2.930248737,2.963771343,2.849627256,1.853583694,1.126412749,1.481091499,0.9369966984,1.613252163,1.289983392,1.176083207,2.045024157,1.839687228,1.963189721,1.453290105,1.1961025,1.738888383,2.114706516,1.899041891,1.55434525,1.394735217,1.696713924,1.733058453,1.669042826,1.337234855,1.195064306,1.59931159,1.445577979,1.354468346,1.222904444,0.8939686418,0.9375748038,1.158343554,1.44287467,1.141640782,1.073799014,0.9730346799,1.01107049,1.286447525,1.073105693,0.9819789529,1.063249588,1.272703171,1.525041819,1.460113645,1.230701327,1.596598029,1.38624835,1.862117648,1.795110106,1.613093019,1.688144565,1.523801088,0.8266179562,1.212387323,1.503973722,1.31522727,1.303106308,0.98656106,1.324288011,1.09305954,0.9340391159,1.138477921,1.013712168,1.187352777,1.631347418,1.049943924,1.065689564,0.413624227,0.6628678441,0.7146634459,0.8026633263,0.9905100465,0.6981951594,1.33086288,0.9681350589,0.91106534,1.410869837,0.7661889791,0.7622772455,1.207605958,0.9370418787,0.7114572525,0.5000681281,0.8374505043,0.690104425,0.9617627263,0.6806996465,0.7199763656,1.000330448,1.018062353,1.136966348,1.247004747,0.9381520152,0.9750064611,1.236543536,1.378341436,1.224247575,0.9057152271,0.8206262589,0.6866286397,0.7095796466,0.6160090566,0.3282675147,0.2258745432,0.1163370535,0.2369733453,0.2754749656,0.2079902291,0.1369543225,0.1183833852,0.1248706281,0.1336625218,0.09611377865,0.08302275836,0.09039247036,0.08403760195,0.1114958003,0.1408490688,0.1943349093,0.2110506445,0.2796666324,0.4393946528,0.3338032961,0.3406306505,0.2809832096,0.3497101665,0.3430039883,0.2059865296,0.1898426563,0.1372591257,0.05867680535,0.07256682217,0.06447770447,0.02520466596,0.01477599889,0.007970599458,0.01098359004,0.0111156581,0.004535099491,0.004143769387,0.00384597294,0.003810042748,0.01193997823,0.005561917089,0.001016498893,sakana
0.6415484548,0.6936967373,0.6725500226,0.7514517307,2.498586655,2.692081928,1.453963399,1.014678478,1.495785475,3.420535803,3.568745852,1.58346653,1.266711593,2.252737284,1.967089534,2.0756042,1.230377913,1.660440326,2.933539629,2.45095849,3.679398775,3.245447397,2.248683691,2.581157446,2.348434687,4.193791866,4.521335125,3.868426561,3.276712179,3.221966028,3.800857306,4.426939964,3.63392067,2.196404934,1.85611105,2.744033337,3.588447332,2.944284439,1.866844177,1.582374573,2.512858152,2.959735632,2.892790079,2.000048637,2.04790163,2.026151657,3.278558493,3.78063941,3.293952465,2.618079424,3.079533339,3.889934301,3.776142836,3.282360077,2.108493805,2.262587547,2.88266468,2.686224699,2.640320063,1.42797029,1.609645963,0.9244728088,2.026113272,1.828361869,1.652415752,1.675887585,1.621425152,2.220573664,2.007244349,1.99421072,1.394073606,1.605912447,1.772746682,1.831293344,2.176580667,1.441400766,1.389252305,1.76375711,1.748960257,1.79890728,1.338181615,1.309771776,1.276812911,1.456322908,1.259213924,0.9717373848,1.336735249,1.327399015,1.230045557,1.466607213,1.063437462,1.025971174,1.204523444,1.28202486,1.257341385,1.213063598,1.276605487,1.753154993,1.544322252,1.630769253,1.479275227,1.278991103,1.682976007,1.670839429,1.490652323,1.674134612,1.427289009,0.8353316784,1.574923277,1.499117851,1.19430995,1.178439856,0.840942502,1.337531924,0.9772658944,1.109633684,0.9921448231,1.219776154,1.112092733,1.248263597,0.8217922449,0.8932945728,0.623005271,0.6190844178,0.578528285,0.9083934426,0.6341892481,0.7472248673,1.039194822,0.8823270798,0.8099984527,1.370592952,0.9215735793,0.8685580492,1.158601999,1.117548704,0.7977415919,0.6680365801,1.152678251,0.7208654881,0.7453044653,0.5865962505,0.727854073,1.311283231,0.924718976,1.132219553,1.369393706,0.9315196276,1.050435185,1.137309909,1.415590167,0.9183413386,0.8028501272,1.023638487,0.8689969182,0.8291947246,0.7814219594,0.3733629584,0.3980339468,0.3501558602,0.3802070618,0.5524288416,0.2964460254,0.2678649724,0.3748469353,0.3225651681,0.4669088423,0.3177673519,0.2676140964,0.1782967001,0.1410346925,0.2604119778,0.2171114534,0.2553163171,0.3158498108,0.4700222611,0.6296633482,0.4222439528,0.4804542661,0.3252024949,0.3481374979,0.4779457152,0.3689465225,0.2929415703,0.2274579555,0.05871744454,0.1323614419,0.05435137823,0.03169173375,0.02449338883,0.02186926268,0.00961814262,0.01326701418,0.00525526423,0.003234991338,0.006342801265,0.006822448224,0.003240288002,0.002858706517,0.002482165117,sakana
0.4020664096,0.3504831195,0.5843480825,0.4318604171,1.446862578,2.186758995,1.072519898,0.7909055948,0.823168695,2.36460638,3.085492134,1.288119674,0.7956115007,1.12801218,0.836394012,1.670840144,0.9538977742,0.9698863626,2.2967906,1.89657414,3.085328579,3.383725166,1.683974862,1.645829439,1.807073593,3.500426769,4.276780605,3.283797503,3.323391438,3.322077274,2.975718975,3.972115755,3.478972673,2.008255243,1.607388854,1.944565296,2.818471909,2.615301847,2.241672277,1.673693657,1.87965858,1.991701484,2.423849344,2.107613564,1.517623782,1.524995923,2.398794889,3.386792183,3.523231268,2.331506491,2.62100935,3.147474527,3.612163305,3.849039316,2.214529514,1.697104931,2.223381042,2.457869768,2.5804708,1.56903708,0.7913073897,0.7222522497,1.848520041,1.789603949,1.650171399,1.286181092,1.110669374,1.342870593,1.848228693,1.909044862,1.384839773,1.390843034,1.263965726,1.746304512,1.921369076,1.353907466,1.453857541,1.402467132,1.378182769,1.655004382,1.419242382,1.405926108,1.397871256,1.461047649,1.101557612,1.02707696,1.536049366,1.139481783,1.449131727,1.251739502,1.309914231,1.313000441,1.210459352,1.110955,1.054955125,1.370434642,1.472940087,1.121958613,1.144928694,1.59592545,1.5145576,1.235790968,1.569421768,1.030922771,1.547722936,1.608452439,1.264265776,0.6797408462,1.043567538,1.290061235,1.330641985,1.477891207,1.182871461,0.9870694876,0.6215804219,1.194996953,1.201460481,1.243617654,1.123168349,0.8318826556,0.6596277952,1.150824428,0.6364100575,0.5372678638,0.317669034,0.9023958445,0.8055211902,0.8459690213,1.47409296,0.6810458302,0.7180993557,1.255576968,1.093599319,1.255567074,1.349291205,0.5843507648,0.6253267527,0.7442663908,0.9773195982,0.5689288378,0.5779741406,0.5534926057,0.8838461041,1.162473559,0.9213995337,0.9289683104,1.19995451,0.8420453668,1.262269855,1.290240407,1.24425137,1.043115258,0.9676929116,0.7799990177,0.4218085408,0.6165537834,0.4662390947,0.2369179428,0.1816018224,0.1246343106,0.1917386055,0.1443780661,0.1187192127,0.1311796904,0.1095135584,0.09862917662,0.1167494655,0.1217688546,0.07099043578,0.1010847092,0.1047325432,0.2165861577,0.06827741861,0.3045600653,0.2294770181,0.189615503,0.4013008177,0.2148997933,0.2534864545,0.1699409187,0.2474840581,0.2153557092,0.1327302903,0.08079471439,0.04674072191,0.03251863644,0.02245993912,0.03311046958,0.01545760874,0.02051206864,0.01951761916,0.008039915934,0.01148316544,0.006492767949,0.004461259115,0.003086647484,0.01235379092,0.009196489118,0.01102128346,0.004385480192,sakana
0.884927392,1.05964601,1.141220093,0.8346787095,1.590659738,3.353677273,1.371823549,1.010082603,1.267475963,2.481067181,3.930470705,1.734018803,1.052139044,1.048639059,1.188532948,1.760838389,2.005115747,1.775296092,2.105815411,2.296227932,2.738770247,4.006228447,1.950142026,1.852222681,2.155802965,2.968067169,4.203206062,4.105819225,3.664530039,3.559404135,2.699351072,3.184987307,4.264633656,2.669732332,2.194763899,2.042052507,2.355103254,3.429212093,2.936080933,2.07216382,1.940052748,2.051841021,2.523648024,3.314218998,2.396888018,1.850606918,2.502305269,3.060076952,4.477603912,3.495283604,3.19106698,3.410873413,3.044513702,4.30507803,3.519194365,1.663934231,1.658640504,1.870044589,2.721315861,2.410549641,0.9372721314,0.7171714902,1.210412979,1.167677999,2.686577082,2.043767929,1.25108242,1.318919301,1.697280049,2.084619761,2.228807449,1.367469907,1.103471041,1.270946741,1.966490388,2.369940758,1.558224559,1.312013507,1.202710509,1.588305354,2.07266593,1.759452701,1.322524905,1.309489369,1.128887296,1.372007847,1.707617164,1.350944281,1.27344048,1.228439689,1.260001659,1.576273918,1.422292352,0.8688341379,0.7086213231,1.471065402,1.772020698,1.783435941,0.8831541538,0.8541285396,1.283746004,1.286602736,2.399118185,1.272178769,0.9478112459,1.326971292,1.631376386,1.341326714,1.430787563,0.7601708174,0.892578125,0.8452094793,1.23795414,1.681782126,0.3916513324,0.5773281455,1.004594445,1.158561349,1.680428386,1.190646768,0.4055573344,0.5353597999,0.4616113007,0.7397745848,0.7132069468,0.2823602557,0.4784989059,0.627455771,1.175226808,1.514689565,0.6363291144,0.859341085,0.7354091406,1.109028816,1.792677164,1.471804976,0.7667946219,1.014738798,0.9547583461,1.140165806,1.783443213,0.7922006249,0.7983516455,1.148948789,0.9906790257,2.094586611,1.269464254,0.7531794906,1.210519314,1.483050227,1.481818318,0.9658821225,0.7855356336,1.151846647,0.8301877975,0.9022582173,0.6644486189,0.276794672,0.4038491845,0.2573865056,0.3775390089,0.4641880095,0.246796295,0.1141004637,0.3175453544,0.2740978897,0.3010769486,0.3336044848,0.1748558283,0.166254431,0.1680106521,0.2559072077,0.410648942,0.2064043134,0.2441451102,0.4225757122,0.5020276904,0.7250573635,0.4112679064,0.3175823092,0.3691073656,0.6845504045,0.2765915096,0.4894773066,0.2567363679,0.3032492399,0.1968476921,0.2685925364,0.1029340252,0.03649684787,0.03529684618,0.03169496357,0.0160497725,0.01609785669,0.009296054021,0.01886416785,0.01344720554,0.00767142931,0.006446026731,0.007951445878,sakana
0.8592027426,0.9734629393,1.771857619,0.9838831425,3.268359184,2.490572214,1.466456294,1.703766823,2.620577574,4.093111992,3.174442291,1.671290636,1.846525669,2.935721636,2.615660667,1.753688455,1.234252572,2.202438831,3.053064585,3.31813097,3.02889967,2.628283978,3.2815063,2.361467361,3.702380896,3.851313829,3.837899208,3.226457596,3.408984423,5.232768059,4.541400909,3.716274261,2.551690102,2.279972792,3.570806503,3.474331617,2.196248055,1.754209876,1.927554011,3.084545851,3.142727375,1.779085279,1.52631259,2.161370754,3.773751736,2.631316185,2.086912394,1.963141799,3.501062155,4.15887785,4.04165554,2.792098284,2.709701777,4.099924564,4.370168686,2.985637188,1.505675316,2.405266285,2.618354321,2.352401972,2.204784632,0.7968454957,1.400181174,2.089867353,2.692995071,2.082668066,2.073556423,1.630623937,2.590575218,2.686909914,2.186039925,1.777466655,1.470077753,2.787801981,2.720601082,2.380514383,1.499412775,1.586181283,2.178085089,2.163084507,1.791038752,1.419138432,1.593293786,2.165905714,1.86819911,1.359860897,1.680007815,1.605514288,1.91377008,2.081037521,1.403525352,1.291298628,1.587965012,2.140939713,1.48269105,1.223339558,1.174059987,1.859585762,2.724970102,2.09075737,1.999925137,1.372359276,2.023400307,2.281028032,1.441491246,1.734924793,1.010773301,1.505247593,2.186690092,1.149479389,1.411471486,0.7794213891,1.260591388,1.952473521,1.549554706,1.606287837,1.036141396,1.542466044,2.356461287,1.316473126,1.434663534,0.677513063,1.255792141,1.633949518,0.715841949,0.9811660051,1.020798087,1.944317698,2.07711339,1.718454003,1.812029243,1.552958608,1.284501791,2.027729511,1.454685926,1.16631794,0.9662320018,1.240166664,1.08793211,0.7930328846,0.8599128127,0.3547822833,1.505500436,1.218869328,1.19644177,1.618487,1.077265382,1.699331284,1.481698275,1.553300023,1.479498148,1.859519362,1.808317661,1.295465589,0.9710459709,0.9679698944,0.9797373414,0.8889836669,0.6525115371,0.4210758805,0.4227286577,0.3800717592,0.4846564233,0.2926656902,0.1862807274,0.2250885814,0.2166066617,0.261769861,0.1491170079,0.08277896047,0.08295237273,0.06583020836,0.0774108097,0.07719364017,0.08436318487,0.09108237177,0.09175891429,0.1721669585,0.1077707186,0.07161474228,0.088580966,0.171949923,0.08713754267,0.06769345701,0.08245125413,0.1384229958,0.04286804795,0.09423206747,0.06418770552,0.03720838577,0.034424413,0.04613014311,0.02168632858,0.02011149004,0.01760221086,0.01228438132,0.003944526426,0.00376283098,0.002228509635,0.0020033482,sakana
0.925817728,1.306799054,1.452814817,1.137870669,3.066064596,2.719996214,1.792088389,1.673884392,2.774111748,3.983976364,3.535406351,1.409561634,1.445312381,2.249771833,2.490358591,1.848803043,1.258973002,2.229270935,2.674427748,3.506870985,3.290037394,2.993880033,2.341464996,2.322104931,3.584839582,4.516999722,4.012699604,3.243442297,3.541754007,5.057983875,4.605294228,3.827158689,2.596569777,2.792205095,3.472464561,3.754000425,3.219980478,1.814476252,2.316507339,2.606786013,2.916572809,2.716655493,2.23497057,2.986151695,3.362957478,2.746240139,3.325539112,3.377179861,3.76994276,3.625473499,4.241289616,4.365001678,3.766182661,3.976149082,3.896126747,3.469550133,2.452474117,2.291518688,2.121170759,1.792527318,2.374831438,0.9424860477,1.73882246,1.361105084,1.678532839,1.979732394,2.077349424,2.105973005,2.285814047,2.372236729,2.287369251,2.213004112,1.70690906,2.04894495,2.241819382,2.368537664,2.060367107,1.90987432,1.853461027,1.941878557,1.933438659,1.576713562,1.721135378,1.492228866,1.314481497,1.447302222,1.315825462,1.754038453,1.583612561,1.709664464,1.380663753,1.616008401,1.436602831,1.573299646,1.409965873,1.493921757,1.839158416,1.516537905,1.848991752,2.129450083,2.101491213,1.734519839,1.871584296,1.459511757,1.601308584,1.715245605,1.494243383,1.492584705,1.143887877,1.021830559,1.07970655,1.079041719,1.293227196,1.177998185,1.407494307,1.372188926,1.388851047,0.9723697305,1.188361883,1.102863431,1.026322722,0.9388737082,0.8711144328,0.7239739895,0.4339153767,0.7094073892,1.054841399,1.223348975,1.044938684,1.272643805,1.43633008,1.369816303,1.086612463,1.302091479,1.395174026,1.000947952,0.8768684268,1.040296555,0.8417723775,0.8852645159,0.8884198666,0.4831611514,1.476998925,0.6949584484,1.030262351,1.662388563,0.9138589501,1.599313259,1.062315583,2.05235219,1.637254953,1.614523768,1.579027176,1.270395637,1.543123722,0.8601177931,0.8605114222,1.103960514,0.5687869787,0.9414412379,0.4968893826,0.6873649955,0.3641793132,0.4243985713,0.4697914422,0.3298832774,0.3953304291,0.4514537454,0.2713395357,0.2746796608,0.1251437962,0.136605069,0.1089101583,0.2113534063,0.4801968932,0.400269568,0.4518793225,0.4173421562,0.452696383,0.4683435559,0.1462202668,0.2062474489,0.3935592473,0.4463053048,0.3738762438,0.2397272438,0.1616315097,0.08333127201,0.08872986585,0.0658922717,0.03600275889,0.02552599646,0.01651963778,0.01858301647,0.006120277569,0.00963248685,0.004425729625,0.009747737087,0.007433714811,0.005835717544,sakana
1.228234768,1.197932959,1.147408247,1.090261579,3.304633379,2.724556446,1.732472062,1.250786304,2.975933552,4.055493832,3.262324572,1.875182271,2.017000914,3.093503237,2.877506256,1.932692647,1.477630854,2.505415678,3.075982094,3.56534338,3.301369905,3.358979702,3.15768218,2.876754284,3.676656485,4.248896122,4.299722195,3.855054855,3.745275259,5.070347786,4.676923752,4.059093475,3.303981781,2.543047428,3.326036215,3.531764507,3.111954451,2.16754961,2.209233284,2.641860723,3.028059006,2.411658049,2.292724371,2.648009539,3.258524656,2.923106432,3.319210529,3.551959276,3.926470757,3.68840909,4.333521843,4.23294735,3.679265499,4.317723751,3.926870346,3.348201036,2.652552843,2.624971151,2.335107088,2.007263422,2.141255379,0.8856492043,1.951885819,1.879041076,2.453805447,2.330113649,2.038456202,2.178725958,2.297732115,2.41794467,2.261931658,2.22961545,2.15737009,2.308392286,2.668001413,2.619217396,2.145951748,2.175640583,2.070703506,2.310265064,2.081620216,1.668993592,1.754028678,1.880053163,1.467150569,1.406829715,1.689716101,1.452355146,1.546269417,1.738456964,1.525869489,1.53524971,1.476183772,1.555773497,1.695164561,1.594854116,1.821481228,1.734512448,2.268483877,2.260583878,2.169224977,2.006178141,2.16387248,1.673802614,1.199482679,1.716009736,1.271395087,1.329746485,1.488624811,0.8277147412,1.463585258,1.254180789,1.212576151,1.392014503,1.507743478,1.676134706,1.576639414,1.455568433,1.800046682,1.23731935,1.737084031,1.297337532,1.31207633,0.9503671527,1.185847521,1.379791856,1.471624851,1.571873188,1.255946398,1.782049537,1.365744948,1.538378119,1.445793867,1.972989917,1.530900955,1.150121927,1.012820363,1.450452328,0.7533478737,0.7740992904,1.141039848,0.5254268646,1.319452405,0.9752794504,0.7813684344,1.873124957,0.7497213483,0.8389809728,1.466991186,1.22793889,1.267739773,1.097852111,0.8870806098,1.135523558,0.6040900946,0.4735210836,0.4428676069,0.2609932125,0.4283109009,0.2746726274,0.1765657812,0.1757878214,0.1232294738,0.1513632983,0.1267769486,0.1547210813,0.1011636108,0.08739796281,0.09499900043,0.08300627023,0.08367407322,0.0455968082,0.05514270067,0.09605697542,0.1026046202,0.1034990251,0.1079800874,0.1892083287,0.1104907095,0.205723241,0.1318448633,0.1018657982,0.1656498909,0.1107463315,0.1142868474,0.09819993377,0.04106390849,0.06304300576,0.03453918174,0.0417743288,0.02544064075,0.01344274636,0.02329402789,0.01346899103,0.008511669934,0.01050992403,0.004701965488,0.009961616248,0.005174416117,0.006534839515,sakana
0.7691016197,0.7825263739,1.194416523,1.379591584,2.880952597,2.279073238,1.362867355,1.55358243,2.936426878,3.954935312,3.26528883,1.268806815,1.701826334,2.675307989,2.79318738,2.016121149,1.289121747,1.870784283,2.561380863,3.233134747,3.236892939,2.967842579,2.610873222,2.333931446,3.418119431,4.342398643,4.057028294,3.147587299,3.572265863,4.884355545,4.604234219,4.224472523,2.91698432,2.700474739,2.829795837,3.319304943,3.246449471,2.468258142,2.434636593,2.637773037,3.172236443,2.753504753,2.943358183,2.13703537,3.056621075,2.820442677,3.270989656,4.027615547,3.315559149,3.616329432,4.37335825,4.101088047,3.974646568,3.831082821,3.523561001,3.009591579,2.127542257,2.504983187,2.467128038,1.675806999,1.948943496,0.5464376211,1.487523317,1.642931104,2.027431965,2.02201581,1.858841062,1.934178352,2.038093805,2.051820517,1.817114234,1.746363044,1.512479663,1.710975766,2.280657768,2.117383242,1.854654908,1.625795484,1.631284595,1.972100735,1.664139032,1.33069551,1.057494521,1.37602663,1.269697428,1.32021296,1.197473526,0.9838223457,1.115259528,1.381975532,1.114765525,0.7521977425,1.089351296,0.932679832,1.264143705,1.039793015,1.146456122,0.9514909387,1.664360762,1.986985803,1.510277152,1.105559826,1.404071927,1.277516961,1.539680362,1.157754302,1.302220702,0.8159841299,1.29577589,0.8678186536,0.8320382237,1.298630357,0.8223763108,1.267105103,1.400135636,1.31144166,1.739648461,1.238450646,1.612328649,1.078181028,1.188522577,1.518757463,1.289187074,1.284019589,0.6141382456,0.883356452,1.91536665,1.982596397,1.941100478,1.009775758,0.8224301338,1.753263354,1.430945158,2.176294565,1.241422296,0.7934615016,0.5898112059,1.17025578,1.115854383,0.5240225792,0.5270623565,0.3664028943,0.9280634522,1.179873109,0.6646361947,0.962782979,0.4632022381,0.8763593435,1.264877558,0.7916294932,0.9731323123,0.8590789437,1.057443619,1.051410675,0.341953367,0.3706746399,0.16901429,0.2400517464,0.2597369552,0.1556835622,0.1559861302,0.2083413154,0.1274465024,0.1114181727,0.1319100112,0.07258152962,0.08666609228,0.08308609575,0.09706332535,0.05889141932,0.04773511738,0.03384919465,0.04148833454,0.1217947304,0.06540929526,0.1105012,0.1289976984,0.06161484495,0.1963999569,0.2090615481,0.08353572339,0.08917742223,0.06785848737,0.1188265383,0.07632753998,0.032054279,0.028390361,0.02366120555,0.02397358231,0.01839372888,0.004960447084,0.01080500428,0.01184245199,0.01181552839,0.008084046654,0.0104967989,0.01073427871,0.01032605674,0.008582428098,0.005538917147,sakana
0.6451115012,0.6502670646,1.039185286,1.19225812,2.632393122,2.171996593,1.65786016,1.34679985,2.659761667,3.450784922,2.821969748,1.448228836,1.781839132,2.050932884,2.243558884,1.381352305,1.070399761,1.644967556,2.289000988,3.061469316,2.638784409,2.66665411,2.877695799,2.360211849,3.322741032,3.903445721,3.502717495,3.264706135,3.70019865,5.113051414,4.315484047,3.736956835,2.690681696,3.300370693,2.978642464,3.05942893,2.780794621,2.229962111,2.319473267,2.443303108,2.691011906,2.576631308,2.549361467,2.323671579,3.055445194,2.534800291,3.146100283,3.24144125,3.091794968,3.509541035,4.042824745,3.83946681,3.585262537,4.029934883,3.86546731,3.036910057,2.602069378,2.643986225,2.848595142,1.826626658,2.071495533,0.88036865,2.154620171,2.063097,2.454313517,1.997840405,1.857282996,2.346704245,2.525794506,2.215404272,2.060143232,2.211462021,1.995570183,2.587831259,2.637602329,2.384514332,2.287853718,2.301185608,2.243825674,2.321358442,2.207124472,1.565520644,1.953978181,2.069590569,1.892483711,1.836037874,1.979159355,2.065047026,1.852876067,1.999766827,1.408461452,1.688776374,1.978845835,2.065298796,1.21239996,1.631668448,2.119500399,1.77091229,1.729798436,1.888766289,2.042719126,1.619107842,1.722630024,1.260689259,1.433791757,0.9771229029,1.221078038,1.339873314,1.66425848,1.178004503,1.068913221,1.54313767,1.288907766,1.349852681,1.735977292,1.058972478,1.709471107,1.674142957,1.899084568,1.325084805,1.105411887,1.36677897,1.440356851,1.178894281,0.8743224144,0.8719800711,0.9637801051,1.404279351,1.001545787,1.121174574,1.020137072,1.000584483,1.063464165,0.8716063499,1.206751466,0.3479096293,0.4521114826,0.9577429295,0.4709584415,0.5542824864,0.6541135907,0.2537629902,1.074646831,0.7987869978,0.6494195461,1.47112298,0.6935266256,1.236949325,1.365695834,1.604690671,1.608297706,1.673629642,1.506014705,0.982518971,1.157572031,0.8646131754,0.6766335964,0.6210938096,0.513155818,0.5359472632,0.4033211172,0.3735881448,0.291349411,0.2660093009,0.2387711108,0.3440293074,0.3452835977,0.2283163965,0.1825313717,0.1138169318,0.08565321565,0.1336318702,0.1039178595,0.0933996141,0.130753696,0.1046489999,0.1510582119,0.09713736176,0.1477365792,0.08539974689,0.09718703479,0.1154898778,0.1571070403,0.2892128825,0.1217006743,0.1278534979,0.1325589567,0.08444969356,0.045255851,0.04512603953,0.03201979771,0.04028423503,0.0376310274,0.0203783419,0.008355380036,0.01487420592,0.0133255627,0.01738005318,0.005444683135,0.003870018292,sakana
0.7390848398,0.8419604301,1.031687975,1.008597016,2.652797461,2.082985163,1.333438873,1.274738312,3.100837231,3.568371058,2.887710333,1.252731919,2.025705099,2.26116395,2.298915863,1.353671432,1.037862659,1.899689198,2.293720007,3.161231279,2.68045187,2.775702238,2.502446413,2.044222116,3.302796841,4.207159996,3.084151506,2.515094995,3.483702898,5.055609226,4.482357979,2.912954807,2.221824408,2.856154919,3.199937105,3.392092228,2.40354991,1.712371111,2.669634819,2.43847084,2.837689638,2.002893209,2.174292564,2.717648983,3.068520784,2.820163965,3.364745378,3.162037849,3.442023516,3.376139879,4.295901299,4.137966633,2.88167882,4.048026085,3.439479113,2.87555933,2.369598389,2.512307405,2.429336548,1.612322807,1.816474795,0.7650274038,1.753860116,1.729959488,1.764689445,1.737839699,2.017257929,2.059468031,2.344991922,1.997804046,1.826807022,2.077006578,2.087727308,2.270784378,2.025056601,2.166915178,2.090824127,2.005980968,1.864245057,1.747566462,1.760589242,1.500382662,1.487847567,1.348528981,1.253662229,1.368926048,1.380197048,1.181883812,1.125320911,1.631429911,1.447129011,1.412083387,1.280587316,1.423813581,1.314709067,1.682090521,1.441647053,1.525380135,1.563550711,1.638892651,1.34288168,1.496123552,1.64575541,1.262937546,0.8856036067,1.133870363,1.239364147,1.446823359,1.209017158,1.044770122,1.045120955,1.400907278,1.136710405,0.9384908676,1.028463721,1.218939185,1.681057572,1.324703574,1.236895084,0.6731457114,0.89833951,1.311692595,0.9572194815,0.8011775017,0.5941300988,0.713123858,1.417720318,1.071419716,0.9087198973,0.7582305074,0.9976038933,1.440720677,0.7394912839,1.042375565,0.8336570263,0.5364301801,0.58385849,0.4909241199,0.3978720307,0.3985646069,0.4017083049,0.285698086,0.5323316455,0.4935282767,0.513497591,1.141705275,0.6916486025,0.862785995,0.8857977986,1.119570851,1.265261531,0.9368610978,0.8195718527,0.6881716847,0.5872616768,0.7022217512,0.5112588406,0.4330341518,0.2086317241,0.2125032246,0.2973618209,0.3084869087,0.1830371171,0.1234887615,0.1289827079,0.2210563123,0.214584589,0.08326724917,0.07187775522,0.05739889294,0.06838893145,0.05564225465,0.02154201083,0.02657956257,0.02482231893,0.03418980166,0.02222115546,0.02482522279,0.03477126732,0.03962737694,0.0357302241,0.02293426543,0.02433160879,0.01888402924,0.01845354214,0.01315165963,0.01186152641,0.0101893926,0.01122940052,0.008998433128,0.007160363253,0.005751244724,0.00448351074,0.002674480202,0.002209021244,0.003451450961,0.003324531019,0.002423614264,0.001621098607,0.0016275628,sakana
0.476654917,0.96353966,1.306372166,0.9344443679,2.950033426,2.328592062,1.200176001,1.013373733,2.3094275,3.811717987,3.213656664,1.378367186,1.779819965,2.287762403,2.519129276,1.637333155,1.117485523,2.03181076,2.598676443,3.300580502,3.017385721,2.790173054,2.353968859,2.103246927,3.40180707,4.340038776,3.408546686,3.124352217,3.256055355,4.934801579,4.607984543,3.609175444,2.505812407,2.373735905,3.159856319,3.49121809,3.03123951,1.70754385,2.129631996,2.349717855,2.974360943,2.582221031,1.711182117,2.542259455,3.206459999,2.687743664,3.699131727,2.921885252,3.146362305,3.613883018,4.117210865,4.481831551,3.215281487,3.901967287,3.82856369,3.046728611,2.692848444,2.507877588,2.283033133,1.735337734,1.932679772,0.8586597443,1.77801311,1.910999775,2.376699924,1.823709846,2.035098791,2.056275606,2.269377708,2.084821939,1.889630556,2.038258076,1.994359136,2.346554995,2.440522432,1.895010114,1.722953081,1.994569421,1.920332074,1.941278458,1.747475743,1.210366249,1.58004415,1.597555161,1.193591237,1.249166727,1.290084004,1.512432456,1.147523403,1.58221674,1.229424119,1.341468215,1.687707901,1.208759427,1.382948518,1.334934711,1.349766731,1.117346287,1.786872387,1.701301336,1.223028898,1.135921717,1.474969029,1.469650269,1.081218719,0.9128765464,0.8657331467,1.0867064,1.493341804,1.048194885,0.9601232409,0.7037831545,0.7042068839,1.201018214,1.356919289,1.091146469,0.969416976,1.199979544,1.68907845,0.9080294371,0.8203712106,0.6007394195,0.8299764991,1.091920137,0.5944484472,0.5558119416,0.5965781808,1.08061111,1.281811953,0.9807020426,1.210514784,1.040490627,1.062738299,1.354612708,0.8961929083,1.218978047,0.9791656733,1.062753797,1.011453629,0.5991871953,1.055526972,0.6584217548,1.159201145,1.305674195,0.729912281,1.917019963,1.299785614,1.099378943,1.456039071,0.8170771599,1.364348173,1.393502831,1.339288116,1.164996386,0.4003944695,0.543145597,0.6722290516,0.5275434256,0.3434319198,0.1690391004,0.2463060468,0.1955851763,0.2320533544,0.1650690436,0.04011952877,0.03157271445,0.05482384935,0.05697907135,0.05905417353,0.02002609149,0.02520960756,0.02554340102,0.03103461117,0.0561613813,0.07788559049,0.0587667264,0.0853228569,0.1376037002,0.163299799,0.179510057,0.1097549126,0.1283203065,0.09854940325,0.07563574612,0.1189072207,0.0496776998,0.02837413736,0.0211802572,0.02078641392,0.008084802888,0.008576981723,0.004791968036,0.00315852277,0.002278008498,0.001767187379,0.001535353134,0.001292769099,0.001456736354,0.001151720411,0.001044115634,sakana
0.7263035774,1.188330293,1.28265655,1.134990573,2.973139524,2.588097811,1.214146972,1.361427665,3.019965172,3.721250772,3.436653852,1.366684079,2.010885715,2.479531527,2.343836069,2.077349901,1.263320446,2.076105595,2.718986511,3.185088634,3.728005886,3.008224726,2.400310278,1.805826902,3.279307365,4.712070465,3.7864995,2.671265841,2.841456652,4.76125145,4.789750576,4.003128052,2.022886992,2.275612831,2.995747328,3.608502865,3.391600847,1.622496247,2.381754875,2.360789061,3.021285772,2.836091042,2.150801897,2.145443201,2.776374817,2.676098347,3.746685743,2.986098051,2.588465691,3.429630518,4.10798645,4.359489918,3.423476696,2.918327808,3.549989462,3.611561298,2.905294418,2.485840321,1.924502492,2.009437561,2.116166115,0.6854150891,1.587498188,0.7970187664,1.815381765,2.369321346,2.020740271,2.177460432,1.958123207,2.106408834,2.204088211,2.134915352,1.917237401,1.671474814,2.275432825,2.51202774,2.092683315,1.783307791,1.525057435,1.540718555,1.713349581,1.416572332,1.261508346,1.325948834,1.171641231,1.445508599,1.452123404,1.02805078,1.131152272,1.591717243,1.391541243,1.059727788,1.159470677,1.485131979,1.512622595,1.456255555,1.334184051,1.424531341,1.543594003,2.141927481,2.025778294,1.319666505,1.676108718,1.328460217,1.547662139,1.486622214,1.029652834,0.7040920854,1.208322525,1.034678221,1.158384323,1.209705591,0.742241919,0.9668394923,1.356622934,1.316767216,1.120128751,1.04973793,1.24415803,0.8523495197,1.204171062,0.9601076841,0.6433144808,0.7655620575,0.3127220571,0.7148059011,1.102744102,0.8578834534,1.013797879,1.035770416,1.056698442,1.190855622,0.5537763238,0.9534924626,0.7889229059,0.6030995846,0.3431969583,0.3661738336,0.3263935149,0.4033234417,0.3838799894,0.3406049013,0.5255687833,0.5364730358,0.6459314823,1.177149415,0.6290171146,0.6942002773,0.9658718705,1.152147532,1.198590279,0.6141269207,0.7294572592,0.9504384995,0.4801099896,0.5170084834,0.2957585454,0.354339242,0.3476614952,0.2306740731,0.1569166929,0.2016128898,0.2370010614,0.1428365409,0.0795231089,0.1100711226,0.1166168824,0.1416695118,0.0776097849,0.05289441347,0.0553332679,0.0476193428,0.06887035817,0.03800399229,0.04792954773,0.09174406528,0.06004289165,0.03998835012,0.04523015395,0.02104818076,0.02961211838,0.03279598802,0.03493331,0.03176284954,0.03220613673,0.04544295743,0.02642455138,0.02798394114,0.02471476607,0.04750980437,0.02243513614,0.02180712298,0.009186432697,0.008667161688,0.007530406583,0.007971138693,0.006536704022,0.02189003117,0.009275536984,0.00443463074,sakana
1.002989769,1.166739464,1.396456003,0.886480391,3.517414093,2.927094221,1.444491744,1.484333038,3.08692646,4.250801563,3.616250753,1.984811187,2.145998478,2.988227367,2.617486238,2.104496002,1.285599709,2.338808298,3.1043365,3.422868013,3.725926161,3.143668175,2.536444902,1.973181605,3.464444876,4.686983109,3.95170188,3.052628517,3.130031109,4.879914761,4.935583115,3.65482235,2.54164505,2.139002085,3.249156952,3.932572842,3.232179165,1.825337291,2.091507673,2.875414371,3.30259943,2.829373837,1.880679131,2.515552521,3.174210787,3.147435665,3.872968912,3.298482656,3.045449972,3.767498493,4.53369379,4.457232952,3.29518795,3.061922789,3.962252617,3.600425482,2.721408367,2.401702404,2.205314875,1.93931675,2.467766285,1.122829199,1.599503517,1.391286135,2.285039902,2.479311466,2.045932531,2.020428419,1.935792327,2.45828867,2.500188351,2.378762245,1.878950596,2.116488695,2.790758848,2.807946444,2.286000013,1.65466094,1.643288255,2.183152437,2.121802092,1.654209495,1.290997863,1.590627313,1.218419433,1.297467828,1.301352382,1.090840697,1.327230334,1.496220946,1.342122316,1.190464854,1.455899,1.223246813,1.354699254,1.597311378,1.389303684,1.083981037,1.750748634,2.196554184,2.003015995,1.594990015,1.35614109,1.141005039,1.54173708,1.599817634,1.354762077,1.111430407,1.372944951,1.523938894,1.415794373,1.337613583,1.016033411,0.9651889205,1.542014837,1.708356738,1.707660913,1.319223166,1.497797966,1.423942566,1.426228404,1.301419497,0.8578647971,0.9201245308,0.4704657793,0.8327704668,1.372064471,1.314413786,1.355003715,1.416318297,1.341182232,1.846668839,1.119000673,1.391137958,1.302581429,1.100658774,1.055507302,1.117488503,0.9396404624,0.7596783042,0.8069375753,0.6959484816,1.25554812,1.088586926,1.130770326,1.935626745,1.3920151,1.328470349,1.772974253,1.846279025,1.58524704,1.554021835,1.356312752,1.452917457,1.010426402,1.305008888,1.060526371,0.7398388982,0.9008238912,0.4873093367,0.5669055581,0.4007087648,0.3383060694,0.3691124022,0.2769095004,0.4781496227,0.2763073146,0.1802300364,0.2103209049,0.1724889576,0.1335988045,0.1137592942,0.1327783316,0.1776467264,0.2171154618,0.2107365876,0.1837936044,0.1347377747,0.1388718933,0.1834233999,0.1229435951,0.07796932012,0.08146525919,0.07131811231,0.05003769323,0.02130909823,0.02195852064,0.01118651591,0.01022756286,0.008917838335,0.008698993362,0.007208729628,0.006798294373,0.003365770681,0.003492893651,0.004795530345,0.003356674919,0.005208279938,0.005517330486,0.003833547933,sakana
0.9032225609,1.257518053,0.9572145939,0.8108942509,2.938327074,2.654649019,1.500875354,1.512853742,1.721400619,3.628302097,3.41840291,1.255801916,1.214206576,1.796066165,2.029527903,1.898318291,1.120479822,2.081287622,2.581946135,3.145377398,3.454879999,2.185556412,2.777410507,2.217745543,3.395505428,4.594867229,3.622882366,3.149789095,3.342783451,4.932151318,4.873099327,3.61007452,2.443015814,1.978630066,3.471495152,3.850446939,2.9430511,1.657682896,1.758319616,2.837169886,3.156031609,2.356135845,1.684809327,2.091557503,3.484256268,3.160761833,3.483801842,2.447478533,3.333388329,3.96415925,4.440911293,4.449810028,2.854906559,3.48334837,4.131463051,3.797402382,3.07905674,1.991624832,2.208117247,2.112309456,2.45677352,1.059673667,1.21412158,1.181437135,2.135232925,2.335472584,2.328275442,1.710313082,2.13320756,2.219425678,2.250503063,2.348961115,1.65391624,1.99645412,2.518858194,2.481600285,2.152346134,1.755376935,1.823248982,2.103924036,2.033469439,1.409904122,1.686733961,1.904323578,1.419730425,1.826067209,1.343374252,1.42199564,1.671238542,1.640017033,1.684018612,1.265926242,1.615823269,1.553192973,1.472289085,1.325599909,1.521441579,1.451476574,1.962172031,2.228172779,2.115256786,1.72693491,1.634119391,1.786796093,1.551111102,1.646746516,1.566333294,1.295368552,1.437952757,1.172534466,1.346247315,1.506978869,1.289087534,1.393954873,1.582884312,1.46908617,1.593062758,1.084227324,1.899236202,1.273792863,1.430574059,1.279327631,0.937389195,1.211128354,0.56085217,0.8426647782,1.433008552,1.340174437,1.481994867,1.476227283,1.405833244,1.731205821,1.129843473,1.873652816,1.391384006,0.8401043415,0.8111185431,0.8408502936,0.6897231936,0.4781959355,0.5829021931,0.518879354,0.8690877557,0.9137382507,1.002022386,1.555458903,1.194846272,1.293166041,1.710832596,1.557209492,1.433200002,1.661518335,1.737083077,1.578477859,1.017562985,0.9498049617,0.8820904493,0.8073717356,0.8064695001,0.4240292013,0.314714402,0.350510031,0.4056154191,0.303815484,0.1614966989,0.2374013513,0.175830707,0.1940008551,0.09967531264,0.04400707036,0.06465285271,0.06012628973,0.04990391061,0.06730557233,0.0608259961,0.1088378951,0.1376628876,0.1122162789,0.08167280257,0.04715149477,0.07948525995,0.07797822356,0.09007214755,0.06579233706,0.07675683498,0.05289418623,0.02473016642,0.02465062588,0.02283050679,0.01812825538,0.01544062607,0.01009045821,0.01359361503,0.008854713291,0.006814714521,0.01000233553,0.004221680108,0.008753476664,0.00481187785,0.00221070135,sakana
0.8390066624,0.9049080014,1.035337448,1.140987277,1.730418563,4.159144878,2.493483543,1.941257954,1.651906967,2.089341402,3.781805754,3.931422472,1.901064396,1.812758207,1.468280911,1.907541633,1.77248764,2.134128332,2.407197475,2.240512609,3.739485264,3.895635366,4.686550617,2.592484951,2.165752172,4.021590233,4.529723167,4.45595789,4.932119846,3.056005001,3.36997509,4.947306633,3.569480896,4.516414642,3.348824739,2.362447023,4.110050678,3.018076181,2.838583469,3.16460228,1.707525969,3.391859293,3.3237288,1.869636416,3.206824541,3.140421391,3.128074646,3.094408751,3.090616465,3.276282072,4.935590744,3.664429188,3.431052923,3.029036522,2.900856256,4.330597401,3.803657055,2.189881325,1.448550105,0.9737125039,2.149384737,2.295397997,2.311905146,1.02896452,1.592773557,1.433977365,1.947163343,1.815660596,1.412950873,1.216954827,1.219730139,1.795768499,2.369608402,2.199020863,1.639447451,1.76729238,1.479477286,1.543191433,2.016929388,1.628710985,1.466786027,1.620566845,1.292639375,1.847651005,1.719407201,0.9013211131,1.793599844,1.562988043,1.595180273,1.769676328,1.882468581,1.351852536,2.117027998,2.083874941,1.90100193,1.851834297,1.160710573,0.7418333292,1.216772676,1.83379066,1.017646194,0.7419959903,0.8181946278,0.7844827175,1.204482079,1.652110934,1.549464703,1.502482653,1.184427857,1.372565508,1.178547025,1.280524731,1.049024701,0.9537414312,1.555164933,1.372656465,1.713628054,1.82830286,1.38549602,1.089106679,0.8994919062,0.6788910627,0.6069297194,0.4575265348,0.2161653787,0.2845024168,0.2365007252,0.3450214565,0.4556773901,0.5123953819,0.9473478198,0.8968428373,0.7630147338,0.674235642,0.8833700418,1.404227138,1.017785668,1.178958297,0.8956882358,0.8377604485,1.436374903,1.463823199,1.223736882,1.10990274,0.7728644013,1.37763381,1.219993472,1.164883375,0.785749495,0.6552900672,0.9903110266,1.340880275,0.9929972291,0.8754752874,0.4161236286,0.5596542358,0.5226616859,0.3490283489,0.433052361,0.2054664344,0.07764703035,0.1546228677,0.09023283422,0.07617487758,0.07575947046,0.08666936308,0.07312836498,0.09465437382,0.03711173311,0.1124425083,0.08215454221,0.1208828911,0.09465366602,0.0844886601,0.1309548914,0.1944535822,0.3395812809,0.2075289041,0.212425977,0.3130670488,0.3827426136,0.3567690551,0.451287508,0.4155355692,0.2700619102,0.2923826873,0.2509832084,0.1448639184,0.08681742847,0.05440840125,0.06464830786,0.06149270386,0.05865573138,0.04906566441,0.05216903985,0.02546339296,0.03314120695,0.04590834305,0.03783271462,0.02780313231,sakana
0.6602743268,0.8216466904,0.5821222663,0.9130266309,2.433077335,2.202016115,0.8252485394,1.515214443,1.983990788,3.202171803,3.56599617,1.242673635,1.930708051,2.106995583,1.670736551,1.817454219,0.6892341971,1.297924876,2.068794727,1.970038414,3.194641352,2.64054656,2.479908943,2.334957361,2.226648808,4.532918453,3.18558526,2.604026318,2.321837187,3.492044687,4.037324429,2.310340881,1.952739358,1.913392663,2.436309099,2.807226658,2.046598673,1.490004778,2.377460241,1.938792109,3.06708312,2.735665321,2.458420277,2.530855417,2.661657572,3.687426805,3.749156237,2.578499079,2.758918524,3.097683668,3.859721661,4.373291016,2.876326561,2.40466857,2.755849838,3.46843648,3.963777781,1.701305151,1.923727155,1.915954947,2.523225069,3.272449493,1.57377398,2.074279308,1.464693666,2.272149086,2.792406082,1.559978008,1.316525221,1.137599587,1.530707598,2.699056864,1.914814949,0.9496107697,1.223323107,1.877549529,2.275184155,1.644412041,1.069845319,0.81274575,0.8986188769,1.602390289,1.313283563,0.6770358682,1.033548355,0.9216355681,1.424262047,1.340842605,1.349392653,0.9540450573,1.071524978,0.9403464794,1.226220131,1.48179388,1.422195315,1.276041508,1.393194437,1.776210546,1.136819005,0.7621136904,0.8962546587,1.424047947,2.352948427,1.040226936,1.219799042,1.542594314,2.223366737,2.581669092,1.664428592,0.8923690319,0.8919630647,1.077657938,1.840921044,1.025823832,0.8332550526,0.9161241651,1.204072237,1.626304746,1.678965926,0.4496046603,0.8103885651,1.19107461,1.884457827,1.816877127,0.4085969925,1.004110813,0.8841086626,2.227915764,2.37462163,1.073630691,1.447802663,1.46594274,1.281607866,2.224466562,1.016778111,0.5458705425,0.9193348885,0.3835907578,0.5558798909,0.3149035871,0.3240346611,0.6901847124,0.7298380733,1.344594955,0.7980787158,0.8244249225,0.9968916178,0.9803345203,0.8528840542,0.8469890952,0.906968832,0.676779151,0.4087558985,0.581849277,0.1765503883,0.2609500289,0.173616603,0.1423012912,0.1205688938,0.1000142545,0.06089893728,0.03481833637,0.03819727153,0.03817939386,0.06039403751,0.05661685765,0.03432676941,0.0347587578,0.03959226236,0.0231010858,0.01411107555,0.01455826685,0.01087171026,0.01841389388,0.01866478845,0.01434526592,0.02044449747,0.02092060447,0.02071144804,0.03477810323,0.01630346663,0.02385278977,0.02007333376,0.008921370842,0.009577135555,0.01585949026,0.01125470642,0.01631008275,0.01600217447,0.02835360728,0.01528531779,0.01210759673,0.0153350383,0.01266323496,0.008795253932,0.01379801519,0.01062193885,0.01031616237,0.01012407802,0.009189987555,sakana
2.026408434,2.31135869,2.3328619,2.310299158,3.760362387,3.993095875,2.310688496,2.391527891,2.269007921,4.320754528,4.502705097,2.197263241,1.530909538,3.351212978,3.211581707,3.016017199,2.813307285,3.094845772,3.795484781,2.800707579,3.268065929,4.188101292,3.280019283,3.476727486,2.894221783,4.273108959,4.657776356,4.328631878,3.525505066,2.82617259,2.883644581,2.88937211,4.027852058,2.559428692,2.014912367,2.272841215,2.785347462,2.91517663,3.064326763,2.031735659,2.469802856,3.332713604,3.180521011,3.738189697,2.740582466,2.797356367,3.404626608,3.457069397,3.973393917,3.931157112,3.363167763,4.124628067,3.985920191,3.519603252,3.703383923,3.146380663,2.710706949,2.360192537,2.260691643,2.123576403,2.660323858,2.460813522,2.663839102,2.68355751,2.634951591,2.456855774,2.09753418,1.870647192,1.694431663,1.480087399,1.518289685,1.756063223,1.81100893,1.642022848,1.773457885,2.002568245,1.833018184,1.544957519,1.609657526,1.360402942,1.514245272,1.255207777,0.9483032823,1.056488156,1.02880311,0.773186028,0.8883370161,0.8135725856,0.9000331163,0.5479559898,0.6299433708,0.6760447621,0.8203707933,0.8148252964,0.8246071935,0.8876034617,1.055906653,1.358593822,0.7405997515,0.5546761155,0.687687993,0.9272542,1.661329746,1.373396277,0.9063466191,0.7318238616,1.260339022,1.224268556,1.358837485,1.22161293,1.265607715,1.516704082,1.01064384,0.9004328251,0.7680909038,0.6210662723,0.3712880313,0.4032676816,0.3024570048,0.4691345692,0.7820994854,0.4843570292,0.4074601531,0.4006084502,0.505214572,0.7181934118,0.6768277287,0.7645990849,0.6073590517,1.095435023,0.9745202065,1.016907215,0.7928139567,0.9659273028,1.122949481,0.4817830026,0.6135364771,0.6595162749,0.6982780099,1.039793968,0.8211351037,0.7917206287,0.7095671296,0.8005353808,1.096419811,0.889701128,0.5736346245,1.006097674,1.147980928,0.9030179977,0.7397679687,0.6625142694,0.9703333974,1.192874908,0.6006453037,0.3950767219,0.4414064288,0.6544448137,0.5579351783,0.2649732828,0.1648447812,0.1414754689,0.2219073027,0.2514144778,0.1183971763,0.1801229566,0.1703145206,0.2447192222,0.1381734163,0.1742543876,0.1501998305,0.1609735787,0.1089774445,0.1067478359,0.1887303889,0.1277159005,0.1619539559,0.1248770207,0.1745449752,0.1879191995,0.1913179904,0.3070334792,0.3254866302,0.2958876491,0.188554287,0.1921886206,0.1420527399,0.09681927413,0.1062247679,0.1339831203,0.1681414545,0.1282038242,0.1055333614,0.1281300038,0.09492985159,0.1057841033,0.2291665226,0.2329105735,0.1306705624,0.1462389529,shakana
1.470978618,1.316038966,1.96352303,1.359973073,3.091428995,2.918498993,2.096092224,1.598099113,2.248819113,4.242063046,3.907369375,1.745064259,1.626588583,3.202206373,2.782247543,2.249178648,1.750985742,2.527121544,3.404493332,2.809493065,3.5302701,2.533416033,3.610340595,3.388670683,3.135275364,4.768268585,3.602671385,4.474516392,3.33217001,3.314273357,4.12129879,3.248945236,4.16677475,1.990322828,2.233458519,2.811563015,3.024069548,2.365023136,2.21829772,2.208386183,3.453472137,3.895688534,2.526305199,2.181883335,2.699375629,3.515808344,3.866104841,2.974752188,2.751076698,3.273764849,4.269343376,5.022807121,3.05581522,2.605650663,2.988414288,3.372125387,3.576300144,2.303011417,1.950827122,1.954222918,2.777579784,3.941145658,2.802386284,2.308611631,2.315220833,2.395156622,2.663739204,2.086000681,1.752231479,1.316808343,1.3428967,2.372455835,2.051081181,1.335910201,1.598255277,1.829591751,1.963726282,2.223036289,1.640013933,1.2933743,1.59244597,1.539553165,1.651072741,1.183999777,1.030882359,1.275038719,0.858306706,1.451192379,0.9687178135,1.06683898,1.189389944,1.0646137,1.370623112,0.6809113622,1.626786351,1.438358545,1.432120323,1.781488895,1.050667048,0.4122565389,0.8465254307,1.318702102,1.533688307,1.535825372,1.030283332,1.361464262,1.21078229,1.455021977,1.893036008,1.205776095,1.343894005,1.483640909,1.214142442,1.253225684,0.5347076058,0.4953432381,0.3347176909,0.5718254447,0.8791533709,0.3731448054,0.3952497542,0.3138096333,0.6066606045,0.7455047369,0.3429660201,0.2231252044,0.3755994737,0.7898471951,1.192874789,0.9377689958,0.6257789731,0.7437918186,1.217171431,1.546409845,1.248993874,0.4137395918,0.4613721371,1.140419483,1.465780139,1.384643674,0.7186202407,0.5568020344,1.09362483,0.7849075794,1.406744719,0.8457131386,0.9177747965,1.322335005,1.190418839,1.566611052,1.000381112,0.8800245523,0.9677999616,0.8617095351,0.6662225723,0.3027313054,0.4765874147,0.8208959699,0.453176856,0.6745923162,0.2970535755,0.1508693695,0.1501446813,0.231891498,0.250629127,0.2037795633,0.09225987643,0.1798827648,0.1489572376,0.06697762012,0.1267770231,0.1449581683,0.1469143927,0.1780488938,0.2871546745,0.2209447324,0.1649528593,0.1919595897,0.2018253058,0.3984296322,0.3056760728,0.2648220956,0.3536670506,0.208874613,0.2247096449,0.2696783543,0.276705116,0.3138624728,0.2712579966,0.2058164626,0.2582197785,0.2406242043,0.3874482512,0.1765609086,0.2663654089,0.2752422094,0.2598758042,0.2588336766,0.3965903819,0.1890032887,shakana
0.7792213559,1.198901534,1.715824842,0.9680701494,2.620537281,2.038095951,1.395368338,1.493026614,1.672956824,3.897886276,3.244245291,1.288327575,1.212398171,2.510833979,2.488189936,1.232558608,1.463984251,2.334403992,2.586833954,3.246282816,2.93834734,2.349593401,2.36993742,2.9273417,3.405034542,4.055957794,2.548516035,3.939617157,3.598677397,4.677678108,4.751357555,2.056531906,3.307150602,2.107722759,2.917518616,3.101581573,1.940398335,2.499407768,2.538062811,2.635248423,3.382936478,2.798901081,2.141964197,2.546800375,3.397339106,3.671213627,3.215607882,2.772381783,3.572675467,4.261277676,4.524650574,3.870000601,2.89522171,3.068590641,3.817361832,3.679578543,2.351124525,2.208411932,2.383424044,2.134489536,3.189331055,1.960364342,2.173641205,2.845249891,3.14115119,2.710810661,1.829961658,1.061047792,1.527891636,1.278883338,1.611393809,1.44937849,1.04267621,1.365724444,2.131169796,2.143033266,1.748476148,1.358238101,1.421387315,1.500527382,1.623609304,1.322428703,1.17370677,0.9287748933,1.505186677,1.081822872,0.9326776266,1.117145896,1.058160305,1.209565878,1.100403547,1.055532217,0.605854094,0.9494732618,1.031895638,0.6172701716,0.4773859382,1.260330915,0.7920842767,0.7094227672,1.029985189,0.7234594822,1.18821466,1.39684689,1.496617079,1.383230686,0.9278466105,0.931604147,1.533607602,1.801035643,2.070355892,1.575773716,0.8019965291,0.865906179,0.9253535867,0.8636651635,0.6677846909,0.6628261805,0.9796903133,0.9313260913,1.266368985,1.059916258,0.9563903809,1.160634041,1.384254813,1.709095359,2.07199502,1.573916197,1.940095663,2.177311897,1.844934225,1.89010489,1.623506308,1.700655937,1.391046524,0.6361711025,1.063575387,0.6461722255,0.8262509704,1.064417958,0.7803686857,0.6373057961,0.5315224528,0.6871721745,0.9935784936,0.9311975837,1.150464654,0.9806673527,0.8900398612,1.067844629,0.7050660253,0.6706900597,0.6905008554,0.6657027006,0.2650508285,0.1220623776,0.1585662663,0.2954023778,0.1857609302,0.3066604435,0.1363653541,0.06098386645,0.0578776896,0.08044886589,0.05332309753,0.07680997252,0.06510105729,0.06399388611,0.05200583488,0.04112530127,0.06563416123,0.05552473664,0.09653738886,0.07861854136,0.1511823982,0.1116512045,0.1706223041,0.1623005271,0.1881458908,0.1070375443,0.05200865865,0.1081083342,0.09191008657,0.05534039438,0.05185488984,0.03463285416,0.0323269181,0.06377199292,0.06735394895,0.04807211459,0.02916693874,0.0321775414,0.03012228385,0.05165598169,0.06582131982,0.0688996464,0.09317439795,0.0702515021,0.0642022416,0.02117300034,shakana
1.402837992,1.226852059,1.456914544,1.299935937,2.89430809,2.181878567,1.468223691,1.039900661,2.577395201,4.065776348,3.098222494,0.7549393177,1.414504409,2.429603338,2.486055136,1.244095922,1.466263294,2.466745615,2.811587334,3.18041563,2.604626656,1.887702703,3.258403301,3.20512104,3.59513402,3.859072208,2.725595474,4.115023613,3.634961128,4.730352402,4.655486107,3.109920263,3.073539019,2.055314302,2.990455627,3.185375452,3.086958647,2.460599184,2.808800459,3.152059317,3.678527832,2.396853209,2.242233038,2.807863235,3.600385427,4.059711933,3.330130577,2.914129257,3.645949364,4.542239666,4.281204224,3.075107336,2.687335253,3.023023605,3.927228928,3.572356462,2.217621088,1.927206635,2.3352983,2.577907324,2.969755888,1.876492739,2.312461138,3.040555,3.07277441,2.802687168,1.532897472,1.47084403,1.899043918,1.770344377,1.584373951,1.398338914,1.68162334,1.512094378,2.091916323,2.113741636,1.497110009,1.515811205,1.734992743,1.700736761,1.660422683,1.353981853,1.149465203,1.385513186,1.3535496,1.568385482,1.577930331,1.192062259,1.324499011,1.090748787,1.41435504,1.674024701,1.620078802,1.805785656,1.645034313,1.892589688,1.614854336,1.299264073,1.037171364,1.588581324,1.572295785,0.8698348403,1.571715832,1.989473701,1.855802774,1.739043355,1.019221425,1.378433585,1.865439773,1.864233851,2.363550663,1.437015414,0.9096490145,0.8556768298,0.9086851478,1.123605132,0.5931022763,0.4013614357,0.6097015738,0.8429251909,1.482597709,0.7705780864,0.8456740379,1.005202293,1.401639581,1.86491096,1.875618219,1.560844421,1.766241789,2.085850477,2.170483351,1.791388392,1.644071698,1.645107865,1.464794993,1.059175968,1.069209099,1.165817738,1.204963088,1.41589129,1.315333843,0.9861229658,1.016016603,0.857837081,1.412312865,1.673775554,1.366257429,1.287319541,1.080712676,1.204283476,0.9890311956,0.6056303382,0.7698315382,0.4758447111,0.340390265,0.3711263239,0.5861870646,0.2826979756,0.1717218459,0.1306488365,0.08240688592,0.0618974641,0.06570860744,0.07493105531,0.04687894136,0.05586499348,0.03853044659,0.03525002673,0.03600020334,0.02314404957,0.02751968428,0.02464475669,0.04180764407,0.05843487009,0.06187601388,0.07062226534,0.07913136482,0.06086932495,0.09697555006,0.1595333964,0.0891989246,0.112960428,0.08060646802,0.1558613032,0.2145542204,0.2185759246,0.133097738,0.2231547534,0.252990365,0.04187614843,0.07935851812,0.1547866762,0.07181473076,0.1542140543,0.1161747798,0.1914360076,0.2175786495,0.1589684188,0.1733780801,0.1371502727,shakana
0.7475605607,0.8988214731,1.483989716,0.9952248931,2.411649942,1.607014179,0.6086534858,0.6196866632,2.066024542,3.640383244,1.902476311,1.333546162,0.9928764701,2.495095015,2.31606555,1.078502417,1.132383347,2.280806541,2.29891634,2.987746477,1.874546885,2.106544256,3.484242678,2.708095551,3.530580044,2.407144308,2.304804564,3.640841007,3.253618002,4.202561855,1.845009208,3.187972784,2.28888154,2.320513487,2.176969767,1.455285668,2.961971045,1.843134522,3.470751762,2.481843233,3.446364164,2.529238701,2.103702545,3.678127766,2.723101854,3.603023529,2.128949881,2.868541956,4.4152565,3.882973909,3.291257858,2.412890911,3.125519276,3.971984386,2.271121264,1.652183056,1.381079555,2.090787411,2.945573092,1.337463975,1.361356974,1.215234041,2.592251778,2.945230484,1.173492193,1.381165028,1.255538106,1.891700268,1.798070431,0.68481493,0.5826094151,0.9810513854,1.575101376,1.217049718,1.307019234,1.022063971,1.136656523,2.130453348,1.343349814,0.8480048776,0.8809251189,1.174284577,1.494633794,1.029496431,0.9363572001,0.9035003781,1.851641059,1.554476738,0.8360174894,0.7321348786,1.279598355,1.785717964,0.8121459484,0.6921821237,0.8552914858,2.290293694,1.329047918,1.255081773,0.5732370019,1.503968239,1.381893396,1.254691124,1.913999677,1.140290976,1.482014418,0.7175510526,1.815783858,1.500680327,0.9762835503,0.7849900723,1.546093583,1.791483045,0.8697273731,0.2978922725,0.3567041457,0.4119005799,0.5224674344,0.296092093,0.3350206017,0.2415611148,0.8403764367,0.9689298868,0.5399647355,0.2708527148,0.4275427163,1.131920099,1.781719923,0.9538652301,0.7084364295,0.8333741426,1.47428441,1.823699951,1.135727406,0.6632425189,0.6915210485,0.6947984695,1.118746638,0.5172195435,0.3753942549,0.8567536473,1.151173472,0.8011426926,0.6738215685,0.2165581435,0.9687680602,1.889865994,1.041190863,0.5819548965,0.5923624635,1.199295282,1.199634433,0.4526440501,0.5491114855,0.6283325553,0.2758450806,0.2655639946,0.3726546168,0.2064503729,0.1912746727,0.2355606407,0.08215344697,0.08798963577,0.03967224061,0.07569441199,0.05712796748,0.05504643917,0.07743679732,0.07517391443,0.05358545855,0.03880892694,0.07306571305,0.02937838994,0.05945489928,0.2054451555,0.2543446422,0.2413655818,0.3326435089,0.1923419535,0.3711390495,0.1814236045,0.1377668679,0.276021868,0.2416802496,0.2301741242,0.2473523915,0.2713850737,0.2828810215,0.208226651,0.1354095191,0.1270139366,0.1369412392,0.1395310909,0.1645935625,0.1178669408,0.1911520213,0.0709111318,0.2403156161,0.07787058502,0.1115487665,0.2060420811,shakana
1.046994567,1.242728114,1.506272316,1.101919055,3.036072016,2.416848421,1.246334672,1.568087101,2.944711208,3.975195885,3.516090631,1.02547586,1.380680442,2.327670574,2.383611202,1.931632996,1.409879446,2.624853134,2.341853619,3.351151705,3.259385586,3.500611067,2.451401234,2.149900436,3.330683947,4.562426567,4.737286568,2.384990931,2.71650672,4.289525509,4.9179039,2.853619576,1.881158471,2.251946449,3.198482513,3.470804453,2.729150295,1.479104877,2.645909548,2.920475721,3.412127495,3.286630392,2.421667814,3.351411581,3.449516773,3.857884407,3.860495567,3.709366322,3.635486364,4.098302364,4.038429737,4.115723133,3.77465415,2.975915194,3.317688227,3.361677885,2.867523193,2.020444393,1.766244173,1.911611557,2.584818602,2.635060072,2.437522173,2.260622978,2.393131256,2.385086536,1.915244699,1.636720657,1.529181004,1.328447819,1.632484913,1.795733929,1.544030666,1.228232026,1.725124121,1.918050051,1.714577198,1.704273224,1.648423433,1.319779992,1.472716451,1.361365557,1.174460292,1.08423996,0.9950121641,0.9355714321,0.8591231108,1.263217092,0.8320645094,0.5143563151,0.6098542213,1.053833485,0.9523473978,0.6104642749,0.6495285034,1.42505455,1.550424814,1.193547964,0.9828915596,1.078427315,1.746626019,1.585033655,2.029574871,2.039880037,1.675450683,1.886987448,2.017887592,2.125243902,2.187637568,1.911768794,2.603579283,2.147020102,1.365200996,1.009861588,1.069939017,1.164463282,0.4170530438,0.7495978475,1.222464323,0.8906363249,1.554030895,1.179568529,1.670824409,1.788416624,1.843913317,2.118760109,2.288304806,2.462763071,2.70120573,2.675729752,2.293799877,2.126521587,2.58587575,2.393636465,2.070376158,0.8018290401,1.244446039,1.475957274,1.515573382,1.612581611,1.109598517,1.090483546,1.247607112,0.9290296435,1.311084151,1.224765897,1.152167439,0.8864913583,0.9880939126,1.10842216,0.780901134,0.7441591024,0.5672267675,0.5151804686,0.4861824811,0.3078158498,0.3618445694,0.1689973027,0.1937666088,0.1518099606,0.1104442999,0.06446502358,0.05539829284,0.07768911868,0.0672917068,0.1931119859,0.06765722483,0.06297315657,0.02968090773,0.0482910797,0.04695989564,0.02715098485,0.03645229712,0.03449619934,0.07209348679,0.1131224036,0.1260184348,0.04789788648,0.04165619612,0.01899553835,0.03907330707,0.04852123931,0.05874599144,0.08412795514,0.09784337878,0.07485880703,0.0741256699,0.04056687281,0.009126741439,0.03182303905,0.05030456558,0.03588368744,0.0462000221,0.06664729863,0.01760165952,0.01582037471,0.03115237691,0.02470070869,0.01870445162,0.04244664684,shakana
0.4533635676,0.5939158797,0.6896187663,1.053631067,2.313458204,1.755097032,1.156753898,1.14671278,1.698757529,3.409754992,3.039672852,0.8281722665,1.359251976,1.706039071,2.020528316,1.254025459,1.053953052,2.27535367,2.063142061,3.289483786,2.52663517,3.322461843,1.790000677,1.861358166,3.548317432,4.608717918,3.543600082,2.18092823,2.667179585,4.853542805,4.747614861,1.511174679,1.675333858,1.835341573,3.510370493,3.286517382,1.583743215,1.696050167,3.388955593,3.254585743,3.558609247,1.678305745,2.84768486,3.248855114,3.857025385,3.818678617,2.422832489,4.194761753,3.645696163,4.694547176,4.155594349,3.170045137,2.990959883,3.200145006,3.977568388,3.308247805,1.690251708,1.828921437,2.433564425,2.608219862,2.697562218,1.316553354,1.72607398,2.147180319,3.032298565,2.216429949,1.170072794,1.131547093,1.627724767,1.556933999,1.149680614,0.8431335688,1.211431026,1.214073896,2.425951004,2.00546217,1.040681958,1.432738781,1.484966516,1.905408263,1.743917704,0.7926538587,0.8819608092,1.066887021,1.457384944,1.009185076,1.131554484,0.9440848827,0.6547959447,0.8105724454,0.9397642016,1.004272938,0.358304441,0.5913001299,1.287824988,1.229851484,0.57358706,0.6406447291,0.7499995232,1.222905517,1.506301403,0.8735423088,1.308678746,1.814078689,1.974539638,2.114642859,1.512120724,1.493836284,1.929343343,2.361007452,2.82785368,1.595439076,0.7950227261,1.053775072,1.19055903,1.393011093,0.2862624228,0.3463696837,1.046919465,1.184726834,1.793641567,0.8172804117,0.8914017081,1.431941032,1.74160111,2.220379591,1.150444865,1.081950426,2.035130501,2.434558868,2.637822151,1.266798854,1.415420413,2.03992939,1.879345775,1.155034781,0.7555103898,0.790615201,1.44273138,1.634953141,1.396668792,0.5930014253,0.721917212,0.8686007261,1.518750906,1.444865942,0.8348868489,0.9097520113,1.358242631,1.441645265,0.9080236554,0.8190175891,1.069239378,0.8583530784,0.4599705637,0.3418008685,0.356025666,0.4317093492,0.2831301987,0.3216222227,0.09689176083,0.08348759264,0.04142546654,0.06162967533,0.02492509969,0.05402183533,0.02560312301,0.02250642516,0.03431724757,0.03316484019,0.04265225306,0.02707875706,0.04089672118,0.07454091311,0.1025531441,0.08917573094,0.1654821783,0.08394659311,0.119446516,0.0990075171,0.1006577536,0.09121840447,0.1910170466,0.2266290933,0.1534077525,0.09144102782,0.04913303629,0.09856814146,0.03269210458,0.03659240901,0.09078668803,0.05052461848,0.0777650848,0.03346398845,0.01943621784,0.02523653395,0.08734236658,0.08812636137,0.04444129765,0.07319712639,shakana
1.296043873,1.395305157,1.896386743,1.255591154,2.967723846,1.896314502,1.303648829,1.261284232,2.861311197,4.044209957,2.598912954,1.31721139,1.876272202,2.40560317,2.825374365,1.3899225,1.392229795,2.609732628,3.100930214,3.744196415,2.287412882,3.364202261,2.889840364,2.777679682,3.853375673,4.452147961,3.843250036,2.681234837,3.696438789,4.8924613,4.691781998,2.086622,1.767148614,2.728238344,3.263319492,3.035077333,1.706686378,1.988006711,3.45726943,2.862580061,2.950079918,2.108233452,2.935651541,3.708314896,3.66664052,3.604984522,2.985060453,4.230111599,4.058159828,4.226275444,3.780042887,3.232014894,3.073914289,3.113023996,3.023393631,2.749964476,1.914875627,1.48748982,1.539064169,1.219470978,1.483129859,1.837439179,2.195208549,2.133406401,1.703635931,1.392644882,1.18467474,1.121122599,1.147791266,0.7524285913,0.7725422382,1.309161901,1.235175729,1.188941836,1.45267868,1.520864725,1.236310005,1.598782539,1.482607484,1.291282058,1.482499838,1.028349757,0.9658566117,0.9444441795,1.285021901,1.142802,1.068135858,0.8123967052,1.047008038,0.9622911811,0.7971604466,1.060075641,0.8423601389,0.6364945769,0.7092195749,1.491133332,0.8606206775,0.7866411805,0.7299202085,0.8364769816,0.6923081279,0.9787934422,1.657444596,1.358707786,1.126532078,1.345124602,1.461357832,1.611125231,1.607689857,1.441259027,1.748514891,1.432163596,0.4544588625,0.274290204,0.4138097763,0.4998522103,0.3548541963,0.3049640656,0.4321026206,0.4781408608,0.5762735605,0.4570895135,0.539070785,0.5944566727,0.7456322312,0.861320436,1.098557234,0.8290693164,0.9335585833,1.083121777,1.198525786,1.079359531,1.016879201,0.9947478771,0.8946062326,0.3818779588,0.4633170068,0.5426011682,0.657028079,0.5607501268,0.3340598643,0.2327815443,0.3850573599,0.1307329535,0.3231291175,0.2814492583,0.2159931809,0.3832272887,0.2861908078,0.2422410101,0.3749308288,0.1246635914,0.2072921693,0.1692315936,0.1259735376,0.05633537471,0.07361575216,0.1914129555,0.1763217598,0.122574985,0.04943623394,0.03130187467,0.0269749444,0.05327348411,0.02993506566,0.04115322605,0.02229717746,0.01585985534,0.02245816402,0.01460249443,0.036727909,0.02142846026,0.05975168198,0.04431815818,0.03431111947,0.06332986057,0.06631541252,0.05594816431,0.08056113124,0.1194006801,0.04546596855,0.04877432063,0.08093070984,0.1867974102,0.1687085778,0.1338292658,0.08058214933,0.09963613003,0.09237591922,0.02581235021,0.04863160104,0.0786350742,0.04691730812,0.1056127995,0.07901143283,0.02669585496,0.08647611737,0.04156475514,0.06166059524,0.06006255001,shakana
0.5394322276,0.803776145,1.60133779,1.272804022,2.895280123,2.527060747,1.168946743,1.527583838,2.088246346,3.847775459,3.539668322,1.035807133,1.701997757,2.448587656,2.352395296,1.745647073,1.513116241,2.834156513,2.693808794,3.385905981,3.3113873,3.195617914,3.495892286,2.50765872,3.28447938,4.336978912,4.292452812,3.052628517,2.507764101,4.182729244,4.889324188,2.504791021,1.742999315,1.75186944,2.360066652,3.252158165,1.787618995,1.270331144,2.437191963,2.849460602,3.625523806,2.340439796,1.981226802,3.206385136,3.259243965,3.946420908,2.94990325,2.798475266,4.091953278,4.200860023,4.622885227,3.682529926,3.046599627,2.926496267,3.481909275,3.544598103,2.535999537,1.939891219,2.374885082,2.352280378,2.833314419,2.094300985,1.559349537,1.856320381,2.183129072,2.555427551,1.912332058,1.424528122,1.343138218,1.170594215,1.25138557,1.470528126,1.204067707,1.077755332,1.961082101,2.275484085,1.795645475,1.53740561,1.103289843,1.383273602,1.586718082,1.461942673,1.085682869,1.014778852,1.247111559,1.371656179,1.65984571,1.575794101,1.417756557,1.30332315,1.279046059,1.160104275,1.21087718,1.314081311,1.224316716,1.268173695,1.685412645,1.56524384,0.9784975052,0.7454094887,1.451171875,1.521839023,1.52953434,1.468762994,1.300720572,1.3216362,1.946086407,1.861249804,1.346301079,1.36260128,1.399602175,1.663520455,0.7759169936,0.4238494337,0.6176789999,0.5817974806,0.3819090128,0.371835798,0.510891974,0.5051028132,0.5625093579,0.4976418912,0.5414839983,0.5855830908,0.6701826453,1.042003632,1.289747596,1.16312623,1.312284231,1.419521928,1.267370105,1.346499443,1.499722362,1.310258508,0.8580648303,0.3725374639,0.7147162557,0.7878724337,0.6373595595,0.6444426179,0.4577726424,0.666977644,0.7894382477,0.3254377246,0.7333937287,1.163563848,0.8848335147,0.9801704884,0.8863303661,0.7770880461,0.6894103289,0.4907899499,0.7929649949,0.7312445045,0.1558798701,0.330594033,0.2508524358,0.3956680596,0.321906805,0.1961780787,0.1002217606,0.115847975,0.07570048422,0.1144146621,0.06127663329,0.0562806651,0.05400874466,0.04702672735,0.1347968578,0.08257040381,0.07308333367,0.06052185223,0.1568617225,0.0860600248,0.273732096,0.2986604869,0.2061524689,0.1339362115,0.3800842464,0.2573519051,0.2387857884,0.2222974449,0.1740251333,0.226236254,0.285818696,0.1421573162,0.2159180641,0.1609187275,0.2359761894,0.1772910953,0.08344783634,0.09571266919,0.1702964008,0.1895515472,0.1628457606,0.1680072546,0.1091184244,0.1037451923,0.1181285977,0.1173068061,shakana
0.9517133832,1.204789996,2.101078272,1.826636434,3.764427423,2.82078886,1.371217132,1.813375235,3.820858955,4.315265179,3.856632471,1.787097812,2.758737803,2.709371805,2.791413784,2.194972277,2.056838036,2.897792578,2.914422989,3.737783194,3.777070999,3.227621794,2.083794117,2.437190294,3.714174032,4.540144444,4.206136227,2.344053984,3.91940856,4.330999851,4.485861778,3.612719059,2.805283546,2.577613115,2.85925436,2.994931698,3.441938162,2.419926882,2.604007959,2.547322989,3.386158466,3.658288956,2.913772345,2.852333784,3.732657909,3.585037231,4.12765646,3.819851398,3.848426342,4.131764889,3.937669992,4.253114223,4.138661861,3.412623644,3.722862244,3.365344524,3.256019592,2.931796789,2.208853245,1.847971678,2.106492281,2.545346498,2.961067677,2.618876219,2.485725164,2.538345814,2.066166162,1.9562186,1.882030129,1.235929728,1.03324306,1.536250234,1.996892095,1.671103239,1.648454666,1.990682244,1.677873135,2.103686333,1.998566151,1.299835563,1.564502954,1.436441422,1.440626025,1.362035751,1.148144841,1.237441063,1.458977103,1.197779179,1.03357625,1.298688889,1.026590705,0.9284438491,1.156895638,1.527377844,1.489635825,1.244411826,0.8925420046,1.47484076,1.440878987,1.291952729,1.392856479,1.374501109,2.0266397,1.58442843,1.744272113,1.462143183,1.084869146,1.844563246,1.637036681,2.185978413,2.038310289,1.547981143,1.045601368,0.7371636033,1.171846151,0.6434848905,0.1862731427,0.3161709011,0.2990858853,0.8654260635,0.764490366,0.7006633878,1.076145291,0.6380235553,1.328678727,1.397711635,1.436832547,1.581519246,1.231481433,1.829952359,1.777393103,1.680938482,1.664134502,1.223586917,1.330502152,0.7388154268,0.6688164473,1.028043866,0.5479248166,1.229712963,1.120164275,0.9692806602,1.07437706,0.5822594762,1.14090538,1.485393405,0.9919250011,1.224683881,0.7121819854,1.082975149,0.8323107362,0.6119706631,0.6297786832,0.6559948921,0.4275506139,0.2036962658,0.2749305367,0.2575260401,0.3276953697,0.4301846027,0.1610293984,0.07031127065,0.04463023692,0.1225489601,0.08399073035,0.1740605831,0.04327898845,0.03180919588,0.0561427176,0.0413476266,0.06932102889,0.02425689436,0.07620649785,0.07675231248,0.08868576586,0.1306592524,0.06979199499,0.0934240818,0.2243353128,0.1314328015,0.07509367168,0.09179770201,0.1625307798,0.2999579012,0.2334947586,0.2205923498,0.1529129297,0.09819433093,0.09326320887,0.09419175237,0.1400870234,0.08207117021,0.1031785831,0.1444742382,0.07313614339,0.06588681787,0.1049694866,0.1366054714,0.1692531109,0.09983468801,shakana
1.197599053,1.360619903,1.634816051,1.814610004,3.516794682,2.590045691,1.965739489,1.799199104,2.354621172,4.572388649,2.861103058,1.605355263,1.508893013,2.564096451,2.286928177,1.553031564,1.674779654,2.790072918,3.325529575,3.856847048,2.71826458,2.700577497,3.165374279,2.799103022,4.321609974,4.094815254,3.424925327,4.259400368,3.863045692,4.861471176,3.523744822,3.691210747,2.94187665,2.832067728,3.489969015,2.896340847,3.079638481,2.37382412,3.398091316,3.289812565,3.046782255,2.434001207,2.293111086,3.53454566,4.130531788,3.585566521,2.587142706,3.035558939,4.264974594,4.55264473,3.788465977,3.053234577,2.993735075,3.996967793,3.939771414,2.552107573,1.741678119,2.275513172,2.554313421,1.50224483,1.671879053,0.8722175956,1.440255404,2.17737627,1.908996344,1.199177265,0.9105474949,1.735248804,2.007117271,1.628780723,1.111749411,1.074904442,1.676352501,1.816325665,1.571858168,1.072704077,1.27653265,1.645726085,1.363616705,1.175921917,1.036340356,1.008873582,1.21222198,1.317824006,1.381158113,1.555161238,1.126582623,1.958744168,1.510255218,1.845489025,1.783301234,1.668627143,2.298514128,1.953541517,2.204251289,2.318398714,1.952662349,1.553038716,1.745841384,2.379095078,1.595979333,1.111808777,1.771943808,1.743045568,1.500300765,1.634539962,1.480960131,0.9318333864,0.921949923,1.22279954,0.5130326152,0.5530680418,0.8764021993,0.6214799285,0.6192897558,0.4416891634,0.2949258983,0.3487838209,0.465328306,0.7236987948,0.9882434011,0.8898379207,1.095871091,0.7030019164,1.233934402,1.048878312,1.023907781,1.417987585,1.531169176,1.760106683,1.875986576,1.453411222,1.45978713,1.444815516,2.037770748,1.582095146,1.213603616,0.9424253106,1.562606692,2.039124489,1.79232645,0.8287053108,0.7154655457,1.034469485,1.0606426,0.5685818195,0.5193701982,0.2409691066,0.730160892,0.7348216772,0.5050644279,0.2655373812,0.3892261982,0.2459178865,0.2587831914,0.2896340191,0.1345738769,0.4681348801,0.4131428301,0.3139605522,0.2163989097,0.168808341,0.2601039112,0.1564545482,0.1163316667,0.07407169789,0.07402607799,0.06716982275,0.04001681507,0.04979358241,0.02156066895,0.03462732583,0.01660980098,0.009255657904,0.01079047751,0.02248219587,0.0320507586,0.01785500348,0.04563439637,0.02888815664,0.04380232096,0.03324917331,0.03654762357,0.04612601921,0.04850982502,0.04273900017,0.05680575967,0.118209675,0.1305642277,0.1203816161,0.09370061755,0.1082860231,0.07912157476,0.06343417615,0.04672910273,0.07342602313,0.06174032763,0.05829306319,0.02326631919,0.05447477475,shakana
0.8152679801,1.234826446,1.841028214,1.482287169,3.481279612,2.324362516,1.7421875,1.223833084,2.737339497,4.338253975,2.604864836,1.358520269,1.63696599,2.201809883,2.367242575,1.089194894,1.584875107,2.864192724,3.263849258,3.959238291,2.450565577,2.291651726,3.021149874,2.991460085,4.246088028,3.755045652,3.861404419,3.863243341,4.387742519,5.05614996,3.386957645,3.613369703,2.914730549,3.175979376,3.361696959,3.198081017,2.632653713,2.412989616,3.30658412,3.251309872,3.116317272,2.465131521,3.064872026,3.555063009,4.038843155,3.062275887,3.054506063,3.741343021,4.009905815,4.158715248,3.362594604,3.596609116,3.232206345,4.11373806,3.58770299,2.583420992,2.679245472,2.751852512,2.390452385,1.618442655,1.537411928,1.510930896,2.040767431,1.816021204,1.69234705,1.325776219,1.343204021,1.522386074,1.495219946,1.638261318,1.519254804,1.859408021,1.488147736,1.145993471,1.463766217,1.335136056,1.590056062,1.309274435,1.035966873,0.9375095963,1.247086883,0.7911886573,0.889216125,1.549632788,0.9927174449,1.013621688,1.200426102,1.452283144,1.853625178,1.602919102,1.456091523,1.094320178,1.608241081,2.070766211,2.179432392,1.54002142,1.229814649,1.207778811,1.708802104,1.131669641,0.8923668265,0.6252983809,0.7536774278,1.119346738,0.8015847802,1.13154757,1.044542074,0.6313993931,0.8588342667,0.5900250673,0.7283463478,0.4567985237,0.360563308,0.4465208352,0.3389175236,0.4879047871,0.2687196136,0.3827701509,0.8496590853,0.6756862998,0.8757970929,0.7731721401,1.061413527,1.038588047,1.178305507,1.142973423,1.067188025,1.532755494,2.011055708,2.00622654,1.303973198,1.645365953,1.665801883,1.298378587,1.975779772,1.068102121,1.288668156,1.253896236,1.202215195,1.392620802,0.6878725886,0.6143453121,0.4202574492,0.3499240875,0.2935665846,0.2489291728,0.2301192731,0.221256882,0.380025059,0.2490643263,0.1922633499,0.3381342292,0.4362807572,0.2265085429,0.1561995894,0.2406535,0.3877195716,0.4647702873,0.519664824,0.3275163472,0.3459545672,0.4006518424,0.4028476477,0.3511363268,0.3256768584,0.2828163803,0.2756713927,0.2290032208,0.1397831589,0.1305738539,0.06777155399,0.1034983769,0.1130013689,0.2367000133,0.1246362329,0.2095867991,0.2921421528,0.1617023349,0.4061614871,0.1680392623,0.141077444,0.2777218223,0.2999393046,0.3592764437,0.4196865559,0.4125281274,0.1764764637,0.2515322566,0.08071690798,0.16120857,0.2890625,0.2448077947,0.3532446027,0.1317247897,0.1331116557,0.2763975263,0.09384118021,0.1206350401,0.07920585573,0.1803235114,shakana
1.383392334,1.453622222,2.008000612,1.522354484,3.568234682,2.481393814,2.078866005,1.882933617,2.177481413,4.43192625,2.205294609,1.266072869,1.342451811,2.203731298,1.987156868,1.266643286,1.359609365,2.689234495,3.171254635,3.617147923,2.639294863,2.379232168,2.908198595,3.268645048,3.915461302,3.813699484,3.33768034,4.263543606,4.585713863,4.520813465,3.099091053,3.787603855,3.174514771,3.308407545,3.039069176,2.492494583,3.055022955,2.821611643,3.615993023,2.79642725,2.694490671,2.475469828,3.07066083,3.604801655,3.687960625,3.379235983,2.517422676,3.971687555,3.603936195,3.948798656,3.426355839,3.156805277,3.847201824,3.363757849,3.38904357,2.34032464,3.291846275,3.35499239,2.174480438,1.501118898,1.855395079,2.074900627,2.604089022,1.955948234,1.701437473,1.718019366,1.837517142,1.651490331,1.52967298,1.592471004,1.166651487,2.321376085,1.79599297,1.699974775,1.609285831,1.587291479,1.722671509,1.540788174,0.917956233,0.9626415372,1.423004866,1.313576102,1.076827884,1.679681659,1.232628703,1.640289783,1.521539688,1.591388702,1.421375155,1.8552562,1.768779516,1.604215145,1.832934737,1.803565025,1.712932229,2.053193331,1.347539425,1.226748228,1.06735301,1.324623942,1.37962389,0.7141751051,0.62267977,0.7596683502,1.379268527,1.457919121,1.124845147,0.743267417,0.8354642391,1.324699044,0.8763842583,0.6566739082,0.6607949138,0.3184889555,0.7427042723,0.6027485132,0.3320025206,0.3377938867,0.8456346393,0.5640550852,0.7422971129,0.6118623614,0.6215927601,0.8941568136,1.137421966,0.721144259,0.7158250809,0.8388497233,1.411777377,1.224616647,0.6739069819,0.998631537,0.8157008886,0.9558740258,1.145672917,0.558535099,0.9100072384,0.635335505,0.5866414309,0.6292070746,0.8446730375,0.5626726151,0.3367420435,0.500916183,0.3964782655,0.4129422009,0.5036435723,0.4179704487,0.270709604,0.4426704645,0.3431735039,0.3110012114,0.6931223273,0.4231335819,0.5337874293,0.5713094473,0.3390178382,0.6598994732,0.6548678875,0.3474831879,0.5185777545,0.5860090852,0.5011627078,0.5258145928,0.5641956329,0.4291603863,0.314276427,0.266725868,0.1988643855,0.368798852,0.1750228107,0.1574700475,0.3116586506,0.135728687,0.2040283829,0.08798207343,0.2469967604,0.2421422005,0.2716571689,0.4202779233,0.4545707405,0.2750717998,0.3192496896,0.4394972026,0.6773305535,0.6977027655,0.432236284,0.3851225972,0.3047673702,0.2143596411,0.3751695752,0.409758687,0.2274794877,0.1088076383,0.1786839962,0.1703283638,0.2216187716,0.4181294143,0.3070015907,0.3514999747,shakana
1.211553335,1.772219062,2.130235195,1.55157268,3.778784752,2.276973009,1.690761566,2.20346117,3.377450228,4.63465023,2.474931717,1.543162704,1.819237232,2.60945487,2.36427784,1.501848221,1.793486834,3.163374186,3.928477287,3.338228941,2.13620472,2.499712706,3.583537579,3.714116096,3.326242208,3.160246134,4.299170971,4.427332401,4.871822834,3.44662118,3.007055759,3.509980917,3.055515051,3.30951333,2.489346027,3.54892087,3.025567532,3.04504776,3.447829008,3.402456284,3.334265709,3.361673594,3.575193644,3.586458921,3.712796926,3.329416037,3.775407314,3.890744209,4.147536278,3.578889608,3.537734509,4.107869148,3.749654531,3.495020628,3.009371281,2.926986217,3.007863522,3.037928581,2.291484356,1.671905756,2.583056927,2.000983,2.049036503,1.781980991,1.492724657,1.627249479,1.312711596,1.343673587,0.90785712,1.401714683,1.398492694,1.155249596,1.23493278,1.270302534,1.321464777,1.11089313,1.206558108,1.241189837,1.02041316,0.8786542416,1.146327496,0.7325075269,0.8294926882,1.038732886,0.9656005502,1.171081781,0.8866509795,0.961538136,1.212231159,1.483477116,1.657916069,1.292187214,1.531966567,1.766944051,2.022251368,2.137354851,1.994822979,1.895258904,1.463883758,1.901048422,1.165039659,1.524772406,1.255246043,0.8668708205,0.5448080301,0.804048419,0.9529365301,0.5911854506,0.4543575943,0.2642518878,0.3223035932,0.4439504743,0.4071467817,0.229144305,0.2061935961,0.1738682538,0.1920511723,0.1402087808,0.19791843,0.1085976064,0.2454535812,0.2333500236,0.283955574,0.2301059365,0.179271847,0.1536483169,0.3213496506,0.3953188658,0.4553726017,0.4343381822,0.618203342,0.5790762901,0.4869349897,0.6416977644,0.549421072,0.5728312731,0.5709465742,0.2794368565,0.3522272408,0.6425533891,0.8655182719,0.2891525626,0.1970034093,0.2705959678,0.368612051,0.4566623569,0.2584666312,0.1188884452,0.3345020413,0.3189856112,0.2660006583,0.1676750332,0.3632929921,0.2388991416,0.4107994139,0.3848121464,0.3602184653,0.5896225572,0.7633886933,0.7490885258,0.6356282234,0.3264430165,0.4779943526,0.6463630795,0.4828024805,0.2461732179,0.2285052687,0.2264067829,0.2142682374,0.2290756404,0.1733007729,0.0998486504,0.349385798,0.2347531915,0.1530558467,0.2097601444,0.205221355,0.1121607795,0.2146809548,0.1215700358,0.2678416967,0.2316420823,0.3757013381,0.1553821862,0.2728643715,0.3616547287,0.1628047973,0.3466205597,0.2824878395,0.4448491931,0.2756404877,0.3856179714,0.249071613,0.1374754757,0.1544054002,0.2272317857,0.1960569918,0.1801393628,0.1712070405,0.06605191529,shakana
1.659558296,1.779136896,2.043363333,2.223884583,3.977797747,2.027567387,2.244374275,2.051166058,3.665699005,4.731423378,1.884355545,1.359609842,1.951286077,3.315748215,2.735318899,1.529228926,1.593308926,3.388305664,4.246665955,3.249701977,1.956167579,2.851409912,3.348029137,3.940882683,3.15319705,3.138301849,3.973907709,4.046850204,4.77376318,3.288405895,2.608408451,3.401282787,3.061340809,3.210953236,2.039491653,2.977497578,2.857320786,3.110867739,3.058431149,2.480804443,3.16976285,2.996551752,3.804559231,3.198097467,3.394134998,3.069068193,3.614806414,3.867245913,3.358057499,3.376909971,3.853974342,4.36243248,3.851875067,2.96122098,2.909533978,3.276097298,3.396231174,3.083864689,1.767892241,1.358311176,2.62507391,2.25264883,1.870019913,1.617270112,1.940359831,1.974446058,1.57919848,0.9030262232,1.367670536,1.765592456,1.695731163,1.462812424,1.644925833,1.293549418,1.535304546,1.522987843,1.437271714,1.47274518,1.314808726,1.045009732,0.9795011878,1.0356493,1.160015583,1.047373533,0.882845819,0.8078154325,0.8433463573,1.574165821,1.336432815,1.11087203,1.385350704,1.289341688,1.607872248,1.024886608,1.171744108,0.8876134753,1.14138639,0.8408960104,0.9268584251,0.9720915556,0.7852714062,0.5080996156,0.7950116396,0.7449191213,0.7268450856,0.3277049959,0.7433868647,0.4981375635,0.4622245133,0.3865267038,0.33044222,0.2947954237,0.6376171112,0.3834644854,0.3320899606,0.327504158,0.2964842916,0.3025215268,0.3473616838,0.2119329721,0.2597124279,0.2894503176,0.5049750209,0.3484507501,0.4015084803,0.1821905971,0.1801129878,0.426004231,0.4807350934,0.5691940188,0.3825320005,0.3579882383,0.6244176626,0.3182531297,0.5880269408,0.4251111746,0.6189408898,0.4897998869,0.5846286416,0.3901274204,0.7418129444,0.5388617516,0.2836515307,0.1993534267,0.165135771,0.3645221591,0.4513949156,0.2354128361,0.2961211503,0.3576824665,0.3174630702,0.3127022088,0.3962627053,0.2468974292,0.1261949986,0.1594955772,0.3623164594,0.4327768683,0.7104429603,0.3664824069,0.6147561669,0.2217302322,0.2799153626,0.1967839152,0.1932527423,0.2482436001,0.1764083952,0.174198091,0.1312357783,0.1352074742,0.09871252626,0.1409645528,0.1828867197,0.2606326044,0.1446978748,0.3651812673,0.3775385916,0.2508613169,0.3184936643,0.266833663,0.3912613392,0.2184251398,0.2706692219,0.2273979783,0.3684518933,0.163116321,0.2228770703,0.1607434452,0.2096171975,0.4317257404,0.3254036903,0.2073861808,0.1237529293,0.1417168081,0.3315951228,0.2659490108,0.1378069371,0.349026978,0.2976604402,0.2132096589,shakana
1.086712003,1.639927149,1.974173307,1.459871411,3.693564653,2.79118681,2.127276182,1.658314586,2.557451487,4.715137959,2.896034718,1.728201747,1.719238281,2.31579113,1.955619812,1.325158834,1.576324224,3.015791178,3.177424192,4.000294209,2.385585546,2.480984688,3.110699177,2.761554241,4.040630341,3.545179605,3.030964375,4.093807697,3.493121862,4.9039464,2.681933403,3.235538244,3.463755608,3.023802996,3.490912676,2.410582542,2.742759943,2.520879984,3.19016552,3.153789282,2.245819807,3.208174229,2.590039253,3.383787394,3.610953569,2.984324455,2.771195889,2.632813931,3.780820847,3.718967676,3.622145653,3.480896473,2.688694715,4.083984375,3.470832586,2.914774895,2.624336004,2.663379908,2.807552338,2.173686504,2.075515032,1.862724423,2.269611597,2.917549849,1.721119165,1.613256335,1.708706021,1.734510183,2.205273628,2.113752365,1.986770272,1.975725532,1.820911765,1.633073807,1.561197162,1.833349347,1.836310267,1.721895099,1.327855706,1.256334066,1.476653218,1.533255816,1.475181103,1.576230645,1.283563614,1.082760572,1.811753392,1.766916513,1.884817362,2.034244776,1.955421925,1.768026471,2.12822485,2.05034852,1.773871541,1.875066519,2.173042297,1.676558018,1.13026154,0.9594647288,1.501458764,0.932231307,1.111692429,0.8142277002,0.8137823343,1.1377213,0.9755149484,0.8881578445,0.8069198728,0.8258621693,0.8955382109,0.9310871363,1.178648829,1.189130306,0.9046635628,0.9373558164,0.9937419891,1.084972501,0.9346073866,0.6871466637,0.8088418841,0.7378724813,0.7312209606,0.7016632557,0.7488164902,0.7131415009,0.7513621449,0.7827581167,0.9120312333,0.7134967446,0.6269236207,0.6886045933,0.671669066,0.6194725633,0.5871393085,0.6301301122,0.6619167328,0.6290159822,0.7058379054,0.7435002923,0.7917090654,0.6922316551,0.4206187427,0.381295234,0.461545378,0.5201199651,0.7412402034,0.3707809448,0.339514792,0.5509920716,0.8618697524,0.6463217139,0.5326874852,0.4610717595,0.798027277,0.961148262,0.8825268745,0.7788212299,0.7895846367,0.969440937,1.030886531,0.6875266433,0.5953416824,0.6238930821,0.7184004784,0.3071610332,0.3503055274,0.206168741,0.2058448941,0.239138335,0.1143724993,0.1099248305,0.1520809382,0.13122347,0.0917751193,0.09723463655,0.1177319437,0.1198734939,0.257475853,0.1240189821,0.1397263259,0.1099693328,0.1684901863,0.1095137447,0.1472843736,0.1805647314,0.1165151894,0.1324916035,0.1496541947,0.1442069858,0.17195189,0.1696725786,0.1409061551,0.04674404114,0.05584520474,0.1042523384,0.04955389723,0.03655767441,0.04495010525,0.05442495644,shakana
0.771427989,1.056996942,1.379268646,1.108266234,2.900630474,2.01004076,1.460483193,1.660174251,3.241339207,4.156204224,1.994236469,1.15870893,1.280298948,2.393408298,2.140894413,0.9697784185,1.444508791,2.946055889,3.276223183,3.063059568,1.998942733,2.609832764,3.185881853,3.412353277,3.261751652,3.107019424,4.230084419,3.778220177,4.292996407,3.550003767,2.698014975,3.057629585,2.902704954,3.561333656,2.885835648,3.352512598,2.454788923,2.485871315,3.463448286,2.838249445,2.489434958,2.847017765,3.296818733,3.615972996,3.271240711,2.633638859,3.299637794,3.601704597,3.830964804,3.071768522,3.422397614,3.932567596,3.656885386,3.244065046,2.994690418,2.658498526,3.283998251,3.231915236,2.213137865,1.751786113,2.151670456,1.788031459,2.378159285,1.881381631,2.047822237,2.016870737,1.792641282,1.75999856,1.21236825,1.656074047,1.905839443,1.67851758,1.753961444,1.490921497,1.647964358,1.658629656,1.391644001,1.258357525,1.111687541,1.154320121,1.024649143,1.144525766,1.120499015,1.522614717,0.9108141065,1.380175829,1.47305727,1.771173477,1.8869555,1.470443964,1.79806602,1.551222801,2.053358078,1.733012676,1.715197563,1.335923314,1.592448354,1.616880655,1.134973049,1.105848551,1.086656451,1.269925952,1.129894137,0.8743659258,0.7167043686,1.083775759,0.9678906798,0.508014977,0.4933234453,0.3234525323,0.3592535853,0.2051938623,0.2767322659,0.09172502905,0.1145228446,0.1117547676,0.0895730108,0.07564822584,0.1287446916,0.1366917789,0.3264664114,0.2831900418,0.2433938682,0.1531495601,0.2335123569,0.2794116735,0.2666916251,0.2896082699,0.2972337306,0.4361636341,0.3677827716,0.3774484396,0.2684990764,0.2486726344,0.4073985517,0.2870057523,0.2524022758,0.1547343284,0.2879362106,0.2838013768,0.4963072836,0.1947354376,0.1456240565,0.1422396004,0.1900734752,0.1275183707,0.0939231813,0.1037924215,0.1670124084,0.1925489455,0.122788161,0.08679343015,0.1669139713,0.1100767925,0.1372184902,0.1318001598,0.1176444069,0.2012683004,0.1554058492,0.2297459543,0.2238383144,0.1734517515,0.1614145041,0.1435977817,0.1143129319,0.07794591039,0.07524250448,0.08129785955,0.03034595214,0.04541022703,0.0194130782,0.01923321933,0.02362679876,0.01880942844,0.0219433289,0.04223280773,0.05672179535,0.06231274828,0.0775956288,0.03946327791,0.05888754129,0.06399655342,0.02782716788,0.07196909934,0.1243393943,0.07183746994,0.05238091201,0.1236037016,0.04640798271,0.1195296496,0.09480324388,0.1617130935,0.1426704079,0.04458167404,0.09559476376,0.09020929039,0.07235457748,0.07724750787,0.04448086396,0.04959620163,shakana
1.532788157,1.69049716,1.923655152,1.665364385,3.767568588,2.778037548,2.038132906,1.742068768,3.116955519,4.488149643,3.051653862,1.433658004,1.581210613,2.382496834,2.204217911,1.528241873,1.539617419,3.004480124,3.468964577,3.9702847,2.659989119,2.441577673,3.473147631,3.196096659,4.159344196,4.175723076,3.965260983,4.299063683,4.105781555,4.88558197,3.782747746,3.882339001,3.48368454,3.377025127,3.505757093,3.454648495,3.400419235,3.048172474,3.728802204,3.287989616,3.780006409,3.352486849,3.019387484,3.74998045,4.005053997,3.941264868,3.259154081,3.583331108,4.145198822,4.200279713,3.789320707,3.630081892,3.285963297,3.882850409,3.596156836,2.980396509,2.99666667,2.930447578,2.924481869,1.823349595,1.829649091,1.445860624,2.549653292,2.437957525,1.924791574,1.375099182,1.447047114,1.70719254,1.740544081,1.416315913,1.267395139,1.649477839,1.709923387,1.646607399,1.398631215,1.262324333,1.311515331,1.234005094,1.365481377,0.8038246036,1.206689239,1.119333029,0.9376257658,1.335089922,0.6772251129,1.181839824,1.418417335,1.406550884,1.430067182,1.196818233,1.669802189,1.628803372,2.094733953,1.458465099,1.48296988,2.113063335,1.938754678,1.872133136,1.863389134,1.898744822,1.970361471,1.50432384,1.546753287,1.706791162,0.9726965427,1.178550243,1.540343523,1.163260221,0.6593097448,0.4901667535,0.5625934005,0.6320121288,0.6602963209,0.3979362249,0.3224523962,0.397882849,0.3746135533,0.2335826308,0.4263997078,0.1810440868,0.452165395,0.5755493641,0.5057083368,0.4215515852,0.4002285004,0.5247936845,0.4751292169,0.6341164708,0.8468005061,0.6625882983,0.6284018159,0.5845312476,0.8907160163,0.5097190738,0.962684691,0.6637771726,0.6889979243,0.6550807953,0.5582216978,0.7667342424,0.8547924161,0.7283617854,0.5852723122,0.4948706031,0.4939585328,0.3194700778,0.6790302396,0.2945402265,0.4397455454,0.3584208488,0.3877099156,0.4882731736,0.6253570318,0.3996085823,0.4838823974,0.625800848,0.6905800104,1.240311503,0.806848526,0.620745182,0.6945278645,0.5921334028,0.5070247054,0.4542292953,0.5166456103,0.3873682022,0.3186415434,0.2296976596,0.1737256199,0.3661807775,0.1797030866,0.1501870155,0.2091980129,0.3537098169,0.2003734559,0.2095590681,0.3236913979,0.2069890797,0.1909471899,0.2464334518,0.3747290075,0.1710599214,0.462547332,0.2797915041,0.2016354054,0.2646378875,0.34116593,0.2969564795,0.195378378,0.4422472715,0.3445243835,0.2952525914,0.1766943634,0.2249602377,0.1667805463,0.1440647691,0.1620949656,0.3125274181,0.182865873,0.2715032697,shakana
1.614017129,1.993164539,2.308449268,1.848519206,4.135318279,3.304638624,2.224514961,1.873752713,3.173527956,4.888528347,3.689419031,1.696151495,1.675874114,3.04533124,2.385962725,1.872499704,1.82236445,3.442739725,3.734135866,3.359084368,3.196435213,2.810979605,2.93102026,3.775920868,3.703737974,4.535173893,3.486486912,3.90834403,4.201748371,4.805560112,4.211746216,2.295661926,3.257688046,2.869782448,3.464403391,3.605607748,2.216051817,2.763435364,2.922312498,3.410686255,3.511741638,3.198903799,3.858678579,2.744096518,4.155816078,4.091621876,3.737120628,3.201598883,3.367760658,4.263083935,3.883552074,4.18889904,3.109320164,2.628952026,4.044845104,3.583377361,3.530855656,2.550633192,2.389089823,2.257493258,2.941192627,1.78076005,1.797291398,1.795264959,2.744254589,2.283342123,1.528965473,1.34049654,1.991267443,2.262966394,1.815730929,1.728113055,1.604966164,1.928463936,2.391649485,1.831706882,1.50191462,1.511994481,1.417108417,1.584057927,1.403122544,1.115708351,0.9961407185,1.417608023,1.583052039,1.21231699,1.368688822,1.118536234,1.432003021,2.047014713,1.498886347,1.516746163,1.564468741,2.186578035,2.504796982,2.051385164,1.241442561,1.47586298,2.484880209,2.217593431,1.964063048,1.085385203,1.365667582,2.083409071,1.646267653,1.469868302,0.9692260027,0.9886566997,0.6832572818,1.208021045,0.7920446396,0.6202125549,0.8422012329,0.4074883461,0.7341368794,0.4101650417,0.262434274,0.28047508,0.5214361548,0.7837284207,0.8708325028,0.823638618,0.7775477171,0.8299177885,1.184083462,0.9056234956,0.8823539615,0.9126272798,1.280711055,1.565206289,1.193805337,1.458842993,0.9951134324,0.8896973133,1.279679656,1.31382215,1.436198115,0.6246001124,0.7676372528,1.076300025,1.714661121,0.9409090281,0.3399644494,0.358739078,0.4583086669,0.4793231785,0.5418325663,0.2347306013,0.4348027706,0.7270069122,0.8195691109,0.4073145986,0.4380228519,0.3949660361,0.7308402061,0.6621641517,0.4044649601,0.6319099665,0.5982676744,1.024681211,0.6328442097,0.3990745246,0.3639218211,0.4505387247,0.5938460231,0.2467060089,0.1817115247,0.2451542765,0.1555357575,0.1367634237,0.1038855091,0.07713096589,0.1755320281,0.3446100056,0.1844391227,0.269646883,0.168494463,0.1655956954,0.2848325372,0.1914009601,0.1565030217,0.1311251521,0.2745304704,0.3047781885,0.2465417385,0.2756594121,0.1630993634,0.30686903,0.3384810984,0.4255061746,0.2301490903,0.1564245224,0.1911562234,0.1233000532,0.1194934472,0.2236679792,0.2306251377,0.2171152681,0.1516382396,0.106439285,shakana
2.041184664,2.185539961,2.43508625,2.177504063,4.236170292,2.826203823,2.295863867,2.193446875,4.249464989,4.913626671,3.157093287,1.866450787,2.696374655,3.207845926,2.922983646,1.728240013,2.102184772,4.148736477,3.910819054,4.262122154,3.141921759,3.279419661,3.509949207,3.785845041,4.168346882,3.769209623,4.202644825,3.447426796,4.785617828,4.415369511,3.147837162,3.431816578,3.219722748,4.208886623,3.057227612,3.318066359,2.370423079,2.979130268,3.892025232,3.373307228,3.034596443,2.488919258,3.934308529,4.164015293,3.444198608,2.937593222,3.100713968,4.231575489,4.345360279,3.675030947,3.409373045,4.148594856,4.47318697,3.950104475,3.07625699,2.718413591,3.232397556,3.539524555,2.646970034,1.670776248,1.937335968,2.908235073,2.691432953,2.12617135,1.638922334,1.810653448,2.760747671,2.020325422,1.690076232,1.373525977,2.051122427,2.813248634,2.091842651,1.814587474,1.933211088,2.511978626,2.228136301,1.672419429,1.413078308,1.296252251,1.907894015,1.435373306,1.060867429,1.684412241,1.124715447,1.698215961,1.340826154,1.489818215,2.23021698,1.912408471,2.235098124,1.918202758,1.985396147,2.401922464,1.932135582,1.863707185,1.786612272,1.931516409,1.662476897,1.799454331,1.861147046,1.361266971,1.071809173,1.183873415,1.602489948,1.386957407,1.424917459,0.7038609385,1.092403412,1.157556415,0.6586329937,0.4703230262,0.550899446,0.5150507092,0.776412487,0.5677807331,0.3148105741,0.3817334473,0.8011763096,0.4214949906,0.6823035479,0.4113382399,0.8566993475,0.9157146215,0.7467447519,0.6743890047,0.6394569278,1.42983377,1.327448487,0.9276422262,0.8227264881,1.168640375,1.325183988,0.8495233655,0.9480617642,0.6946126223,1.112631679,0.6214727759,0.6653808951,0.4734011889,0.9031497836,0.9270277619,0.4055349231,0.3972603679,0.2004544884,0.5585032701,0.591260016,0.2903188467,0.5870370865,0.6830343008,0.9340857267,0.5254161358,0.3491661549,0.4517427683,0.8106059432,0.9098571539,0.6972178817,0.8615986109,1.444304466,1.043648839,0.8399785757,0.6951857805,0.8473448157,0.9875490665,0.5633491278,0.335280776,0.3183623254,0.5919950604,0.2701930106,0.3434017003,0.2276179343,0.3109737039,0.2927099466,0.2400264293,0.2392743528,0.2686671019,0.4578454792,0.2875708342,0.3927473426,0.2507573366,0.2921863496,0.3095866144,0.1486533284,0.1535264403,0.2367810458,0.3218620718,0.2345070541,0.2007050812,0.1499297321,0.3956102729,0.3594815433,0.2358213812,0.227200821,0.267190516,0.2855929434,0.2482624501,0.2135187984,0.2116318941,0.1237232462,0.2340764999,shakana
1.791344166,1.936154842,2.255828381,1.607236624,4.029183388,3.881925583,2.634072781,1.822503924,3.061400652,4.59040308,4.310377598,2.525484562,2.387462378,3.3804636,2.303382397,2.208074331,2.237609863,1.932288051,3.451898575,2.616151571,3.550890684,3.893823147,3.659171581,2.941260815,2.705020666,3.953654289,4.701952457,4.458197117,3.640936375,3.226274967,3.246444941,4.588132858,3.599416018,2.954286814,2.31607151,2.236540318,2.438341856,2.854595661,2.346563101,2.565321207,3.085095406,3.94582653,3.61688447,2.598277807,2.723380804,3.582894325,3.492299318,4.012142181,2.905872107,3.330401421,4.187837601,3.803414822,4.809089184,4.134810925,3.828527451,2.995003223,3.085232735,3.173699856,2.752993107,2.926327944,1.598390698,2.249223948,2.780624628,2.80510354,2.33305788,1.909062743,1.608807683,2.39193058,2.456535101,1.913273335,2.30401659,2.229290485,2.299872398,2.10500741,1.925136328,2.089372158,2.21807766,1.729341388,1.761072636,1.480291247,1.471406221,1.795997381,1.651107669,1.645587564,1.366220236,1.440728068,1.684195876,1.711871386,1.886410832,1.184066176,1.86505723,2.082620382,1.935191751,2.025355101,1.193856001,1.782489181,1.826915383,1.982501388,1.61489141,1.330891132,1.702469826,1.421990752,0.6575609446,0.5221377611,0.7563952208,0.7969681025,1.26203084,0.8300461173,1.336856365,1.838862777,1.373139501,1.697829366,1.709756851,1.887026191,1.962180853,1.878464937,2.157375097,1.497716308,1.637563229,1.218965769,1.004298925,1.195783377,0.9217863083,1.05031836,0.8568435311,0.8101420403,0.640380621,0.4319181144,0.3854573667,0.3878959417,0.7157385349,0.8491863608,1.377338409,0.9787948132,1.085738659,1.241325617,1.542442203,1.463161469,1.753694534,1.255378008,0.9303811789,1.394933462,0.6819244623,0.5013017058,0.8348208666,1.09724474,0.9180269241,0.7414414883,0.6036479473,1.146880269,1.288114667,0.7951203585,0.7486895323,0.930462718,0.9797680378,1.000866294,1.088952422,0.6440033913,0.7136673927,0.8228878975,0.6721574664,0.5888055563,0.4977916777,0.3355678022,0.3873883784,0.392647028,0.28196612,0.2493528426,0.4145429432,0.2740439773,0.3729901314,0.4511431456,0.3412834406,0.6113180518,0.2111439854,0.4227422774,0.5070863962,0.5317443609,0.7195718288,0.3763476014,0.4474225938,0.4540931582,0.7050623298,0.4459605515,0.5003951192,0.2199948132,0.1378047466,0.140977636,0.1190342531,0.1817559153,0.1357068568,0.1372923851,0.1060287133,0.4457229376,0.4669803381,0.1472634971,0.1373202354,0.3017381132,0.1069982201,0.2673684359,shakana
1.039893508,1.580993772,1.396504521,1.698758006,3.807373762,3.115711927,2.350405693,2.0671947,2.949892282,4.768367767,3.57207036,2.310993671,2.13801074,3.005060196,2.398965597,1.600594759,1.525275707,2.376588345,3.256682634,3.136106253,2.873936176,2.728595257,3.144224405,2.814185858,3.984982967,3.728894472,3.270142794,4.278522491,3.745820999,4.939176083,3.359328032,3.871299267,3.090884447,3.117909908,3.703448534,2.645434856,1.603621483,2.468025684,2.673129797,3.766684294,3.135323286,3.374569893,2.684749365,3.113961458,4.079181194,3.487221479,2.732703447,2.742866993,2.891214132,4.22615099,3.824300528,3.054728985,3.386253357,4.093610764,4.142277718,3.152433395,2.77078104,2.87801671,2.341913462,2.842452049,1.937069058,1.901306033,2.044835329,2.286300182,2.158879042,1.919534564,1.364739537,2.094372988,2.253487349,1.752705932,1.442722201,1.358279228,1.828196049,1.686607599,1.608538866,1.392575622,1.356386781,1.572950959,1.538506269,1.237911105,0.9827836752,1.289907336,1.584838629,1.502133846,1.188763142,1.263797641,1.463261962,1.6771456,2.153375387,1.402731538,1.757028818,1.4062711,1.638062239,2.079276085,1.321405411,1.1901896,1.208886743,1.150495768,1.652832866,1.147498608,0.9614703655,0.9270147681,0.5878655314,0.5168594122,0.2713494003,0.2885476649,0.6026426554,0.7978617549,1.127704501,0.7663210034,0.664491415,0.825897634,0.8708677292,1.059466004,0.6702294946,0.6723172665,0.8730794191,0.9031577706,1.270725012,0.6783280373,0.6112287641,0.4822493792,0.5081567764,0.860538125,0.5388687849,0.3023851812,0.2034063339,0.2061624676,0.1809388548,0.08546121418,0.1940460056,0.2160118967,0.346257031,0.2809527814,0.5081835985,0.5597301722,0.6015381813,0.4705297649,0.5734322071,0.6603024006,0.3641249537,0.4746866822,0.1813569814,0.1280321777,0.1362875998,0.2271475643,0.1624857932,0.2063835412,0.1074072719,0.2534400523,0.2201206386,0.1939475387,0.2445725948,0.33838588,0.2886912823,0.3781768084,0.4890832305,0.2233278304,0.3379305005,0.3953506052,0.3822690845,0.2420885116,0.1882310957,0.1254989058,0.06266789138,0.123275958,0.108158797,0.0888101384,0.1142957807,0.05872473866,0.04697208479,0.1567167938,0.1064478233,0.1283425987,0.08889108151,0.1606449336,0.1046679541,0.1737494171,0.2036101818,0.1929127127,0.1998435855,0.207832858,0.1272749007,0.1380699575,0.08238491416,0.0242359601,0.02571906149,0.08632172644,0.06238877401,0.02874794416,0.0322916545,0.01989782602,0.06499323249,0.2380695492,0.2374768704,0.03911773115,0.03256496415,0.1468097717,0.1412710547,0.1277662218,shakana
0.9947856665,0.9773715138,1.196376681,1.305049539,2.738491774,2.368119717,2.083781481,1.873413801,3.16882515,3.42350769,1.828765869,1.772266984,1.918845534,2.237486839,1.752303839,0.8197107911,1.041933656,2.18383193,2.699401855,2.739953518,1.965662837,3.001370668,2.49661684,3.075129509,3.265080214,3.994033575,3.617800713,3.612476349,3.936980963,3.793838024,3.829798937,3.231151581,2.362378359,3.092253685,3.403196335,2.512091398,1.65827167,2.096350908,3.170687914,2.778315544,1.864111781,2.350593328,3.004029751,3.906953335,2.725470066,2.360519648,2.484403133,3.76457119,2.914651394,2.829794645,3.056070805,3.668917179,4.143408775,3.872557878,2.630971193,2.914889336,3.013204813,2.599237204,1.76458919,1.700015187,1.761205435,2.146621466,2.037853479,1.609917283,1.610481858,1.578234196,1.824268818,1.674138069,1.398273706,1.330804825,1.622090697,1.457679391,1.199908733,1.427095652,1.56863904,1.602218986,1.399445653,1.296935797,1.231237531,1.345286012,1.361349821,1.03696835,1.326013446,0.9967275858,1.65270102,1.630291104,1.583308697,1.593117952,1.794206142,1.897981405,2.122326612,1.761459827,1.325836778,1.641973734,1.515520215,2.032903671,1.41861558,1.356261969,1.303088307,1.874107599,1.097264886,0.4168042839,0.3312241137,0.9639994502,0.5218695998,0.3092476726,0.6279149652,0.8027489781,1.432215929,1.177216172,0.6128155589,1.185480952,1.388891697,1.467632055,1.147465348,1.149372578,1.326272607,1.099956036,1.206132174,0.7458896041,0.7155379057,0.6205800176,0.5295751095,0.6868001223,0.3828626573,0.4233719409,0.3253664672,0.3799307942,0.4302495718,0.2154506892,0.5587384701,0.3351578712,0.5021807551,0.8362612128,0.9203345776,1.014459968,0.7878590822,0.6542149782,0.8748903275,0.8619345427,0.4763754904,0.9489050508,0.5467363,0.3189969063,0.3126225471,0.2845712304,0.2827113569,0.3747536242,0.2548471391,0.6900449395,0.6329472065,0.372276932,0.4579623342,0.3096054494,0.3852522075,0.264226228,0.4324338734,0.3439545035,0.3856396079,0.6512649059,0.6715901494,0.1950582713,0.2936449349,0.1560592651,0.1363421232,0.1423269808,0.1068879664,0.2965337932,0.5259381533,0.3426592648,0.3281860352,0.4358026087,0.2349619418,0.3506251574,0.3402844369,0.5054546595,0.2134725451,0.2144953012,0.309122324,0.1987198144,0.4098780155,0.3531509936,0.3192709386,0.3164289594,0.2099443078,0.1846377701,0.1496320814,0.1383367777,0.1208244786,0.1058224067,0.0813799724,0.1341623068,0.06251307577,0.1083129868,0.2045046985,0.1575224102,0.1175949126,0.2330731452,0.203955099,0.1842792183,shakana
0.974927485,0.7763345838,1.097276092,1.237156749,3.117385149,2.493884563,2.038841248,1.863910079,2.332354546,3.876102686,2.468839169,1.309116721,1.466717482,2.110800028,2.12718153,0.8222753406,1.138402343,2.300145864,2.647568941,3.285938263,2.430868387,2.475334883,2.79643774,2.874399185,3.837168932,3.585004807,3.569223404,3.602374077,3.882778883,4.595465183,3.761526108,3.579300642,2.621568918,3.012373686,3.095281363,3.111096382,1.875207305,2.015221596,3.111231327,3.537423611,3.177214384,2.729516029,2.404747963,3.619711399,3.746948004,3.370323896,2.700645685,3.149983883,3.607238531,3.82540679,4.015744686,2.851688862,3.606373787,4.368501663,3.429365396,2.928105593,2.456748247,2.615620375,2.098001242,2.031704664,1.383777261,1.6656425,2.294308424,1.923673034,1.479455471,1.609519482,1.063493252,1.577398539,1.506547809,1.374326229,1.347678542,1.240570307,1.327073932,1.100278378,1.413072824,0.963232398,0.9746505618,0.9796167016,1.129576921,1.261666536,0.8340952396,0.8631060123,0.7789791822,1.012134433,1.488812089,1.237779379,1.002434015,1.02286005,1.688779593,1.798797965,2.001416445,1.414061069,1.272140861,1.571260452,1.312657475,1.612421513,1.262601733,1.242630482,1.650343895,1.374899387,0.6099613309,0.6437429786,0.3550527692,0.2636362612,0.1538244635,0.3077754378,0.6391720176,0.4883369505,0.3711695671,0.4941234887,0.463920325,0.9080150127,0.952612102,0.5320156217,0.9083641171,1.065196753,1.528950691,1.127798438,1.074975967,0.5015778542,0.6416572332,0.8108059764,0.7089383602,0.6109340787,0.4702607393,0.4380756915,0.4103544652,0.2390053719,0.1710444242,0.1442508847,0.238109231,0.2276725322,0.5141929388,0.4980564117,0.7330280542,0.4148220718,0.5702419877,0.4905159473,0.4119060934,0.3958885968,0.1273623258,0.2470808178,0.07924927026,0.06246682629,0.1460673213,0.1827993095,0.09873749316,0.1205947623,0.133722201,0.3586919606,0.2332313508,0.1292853802,0.1671435535,0.2139159143,0.3361908197,0.1909902543,0.2255805284,0.1585705429,0.1944348514,0.2544404566,0.2226067036,0.08745186776,0.1661858112,0.05336810648,0.09126648307,0.07150693238,0.04755068198,0.09475491196,0.08077887446,0.142452985,0.2072580308,0.1807085127,0.1124424338,0.0857905969,0.06096432731,0.05261127651,0.07046817988,0.05908815935,0.07565686852,0.03904984519,0.04008367285,0.09242304415,0.1469286829,0.1305001676,0.0430001989,0.05315830559,0.04111305997,0.07250386477,0.06619364768,0.02142912708,0.01715231687,0.02299362235,0.03094800189,0.04109685495,0.05893388018,0.02049737237,0.06362924725,0.04727717489,0.05048772693,0.1076050848,shakana
1.126387358,1.386158943,1.764801979,1.487718463,3.878197193,2.614021778,1.706482291,1.685047746,4.085607529,4.573208332,2.401631832,1.368873358,2.769968987,3.269106627,3.065688848,1.174421549,1.838825464,2.778305531,3.875694513,3.942263365,2.314531326,3.441330433,2.70274353,3.354890585,4.196035862,4.312493324,3.263265371,3.359562635,4.207274914,4.890500546,3.646036148,3.126820564,2.548253775,3.630733252,3.350517511,2.499533653,1.691518664,2.626567602,3.814460993,3.509226799,2.630808592,2.634238958,3.738686323,4.036289692,3.631412506,2.602864265,3.51832509,3.974930286,3.748839617,3.845286131,3.205098629,3.949394703,4.413918972,4.427587509,3.621563673,3.458069324,3.383678198,2.716720581,2.136131525,2.411058903,1.787004232,2.809951305,3.016091108,2.412390232,2.009472132,1.851573706,2.158318758,2.481448889,2.099924564,1.832040191,1.837251902,2.1674788,1.763262033,1.610705614,1.387950659,1.820512176,2.036006689,1.78592813,1.469761968,1.18058145,1.228495598,1.408445597,1.445326328,1.408267975,1.232409477,1.344980955,1.520050049,1.144903421,1.416195154,1.356682062,1.649155855,1.92181623,0.9658203721,1.465504766,1.244909167,1.822609305,1.287377,1.411844134,1.635024071,1.178574443,0.8250285983,0.7768256068,0.8933755159,0.6894403696,0.6931996942,0.836247921,1.500175714,1.019380689,1.341511965,1.736572146,1.578921914,1.616662025,1.824941158,1.607529283,1.954175949,1.725332141,1.462081075,1.160589814,1.327496171,1.235964179,1.367351174,0.8669817448,0.8659217954,1.317703128,0.9835957885,0.8221098185,0.6193907261,0.3055175245,0.3177089095,0.2821307778,0.4492148161,0.7221451998,0.819063127,0.6559051871,0.6689242125,0.8878622651,1.182797909,0.8025244474,0.7761045694,0.854498446,0.4512351751,0.5346537232,0.1129244342,0.1767251641,0.2471453398,0.4244882762,0.1690779328,0.2683743238,0.2649113238,0.5514428616,0.4073442817,0.3320534825,0.3685500324,0.5260973573,0.2849044502,0.3189806342,0.3926666379,0.3406625986,0.4096722901,0.3129020333,0.3136355877,0.2495611161,0.2178736776,0.1513949186,0.1587967426,0.1726193428,0.2597917318,0.2436029166,0.37880674,0.2666863799,0.2874452472,0.3586718738,0.3353836238,0.3349944949,0.09974019974,0.08623366058,0.1608490795,0.09966459125,0.230600372,0.1872773021,0.3104275465,0.2057013512,0.2147658169,0.1885428578,0.09156862646,0.1072554514,0.09250222147,0.1040374562,0.1437227577,0.06358527392,0.05023960397,0.07292325795,0.05443718284,0.1580411196,0.1357882023,0.03581390157,0.1621477902,0.09020457417,0.23545295,0.2868712544,shakana
1.149563909,0.799352169,0.9149034023,1.193821669,3.473142385,2.590862274,1.759822607,1.52131784,3.287722349,4.348267555,3.044243574,1.579203963,1.986815572,2.618731737,2.274420977,1.353117824,1.303129196,2.461547375,2.77225399,3.456152916,2.93282485,3.319505692,2.580343246,2.877396584,3.830224514,4.389790058,3.877450943,3.324001074,3.68712306,4.441146374,4.210250854,3.408624887,2.343657255,3.025968552,3.373043299,2.890182734,1.870372057,2.114982128,3.129657984,3.379610062,2.926892757,2.700971603,2.75006628,3.998135567,3.465521812,3.318441868,3.08510828,3.743284941,3.572221279,3.876750469,3.828438759,3.621247292,4.302330494,4.39298296,3.823551178,3.384947777,3.249453068,2.853355169,1.934863329,1.901786804,1.382005692,2.245375633,2.469769716,2.047938824,1.782426476,1.572273612,1.384399056,1.585121274,1.622492671,1.404883146,1.27532506,1.560059786,1.243354082,1.314112186,1.189155579,1.22091043,1.323560119,1.032243013,1.440813422,1.127070427,0.9742144942,0.8905146718,0.9829646945,1.283270597,1.435214996,1.002251863,0.949592948,1.397835135,1.598540783,1.808675051,1.488469362,1.178135514,1.316649318,0.9168089032,1.239545107,1.295156837,1.248195887,1.395492196,1.012389421,1.056388378,0.7674072385,0.3515540361,0.1712384969,0.3288962543,0.3192687333,0.2451094091,0.7754642963,0.7204084396,0.8634973168,1.116765976,0.961376071,1.549898982,1.601328135,1.768485069,1.506181479,1.511656284,1.650556564,1.266711116,1.785921335,0.8259434104,1.241739273,1.326535702,1.201420903,1.353413701,0.681938827,0.5546097755,0.6151841283,0.4403367937,0.4733657241,0.2444321364,0.6051949263,0.5861344337,0.7843092084,0.7373494506,0.7138594389,0.5151575208,0.7148874402,0.5277519822,0.5646638274,0.6359580159,0.2065427899,0.2431704402,0.131750375,0.2044970095,0.2124618292,0.2692216635,0.2920716703,0.4581411183,0.302074194,0.637424171,0.4240240157,0.2379511595,0.3045020998,0.2305872887,0.2271018177,0.2139619589,0.2851892114,0.2732691467,0.2895773947,0.1465479136,0.1233739629,0.1438098848,0.2908105552,0.1027301773,0.08215892315,0.1130063236,0.1328838021,0.1414727122,0.218383193,0.1201139912,0.120499298,0.2444061488,0.1606160104,0.1301536262,0.07243119925,0.05899910629,0.09076545388,0.07197706401,0.1525208056,0.07237878442,0.07340022177,0.09028114378,0.07899968326,0.06614548713,0.05868502334,0.02346319519,0.01647255011,0.01635161228,0.04827200621,0.01443420351,0.03053566813,0.03474436328,0.05690256134,0.06167894974,0.1015753821,0.03544768319,0.06876112521,0.1335444897,0.09292008728,0.09407105297,shakana
0.7239691615,0.6648225784,0.8659300804,1.152109981,3.238530159,2.269290924,1.677300215,1.64109242,3.702430964,4.075523376,1.8001436,1.390620112,2.321920156,2.836622238,2.552581072,0.9241962433,1.363997936,2.459578991,3.333534956,3.148038626,2.218600512,3.490019083,2.855520725,3.505013227,3.489607573,4.213263512,3.526065111,3.660568953,4.621362686,4.299964428,3.964310169,3.528507948,2.668303013,3.421420097,3.190539122,2.564414501,1.705528021,2.906210899,3.753960609,3.436200142,2.948929071,2.836064577,3.434113979,3.943203926,3.342857122,2.713249683,3.23211956,4.147438049,3.577675819,3.536511898,3.100933075,3.912945032,4.519726753,3.952223539,2.635708332,3.125765085,3.47129631,2.992432356,2.229712009,1.661072016,1.764825821,2.743745327,2.601778746,1.86424911,1.800857306,1.826330423,1.85198319,1.843963265,1.539380789,1.378828406,1.791004539,1.895563126,1.481136203,1.382240653,1.321197987,1.588076115,1.458856583,1.388931155,1.153040648,1.211764574,0.9013698697,1.078226447,1.328963876,1.063177347,1.261602044,0.9707244039,1.591084957,1.615790486,1.510562897,1.179898739,1.300517797,1.955524445,1.714268804,1.469373226,1.328553319,1.360437036,1.251462936,1.572685361,1.324018955,1.2782619,1.001513958,0.7663328052,0.531714797,0.6450642347,0.6905038953,0.8330907226,1.409557581,1.205140352,1.498122931,1.652883053,1.482452512,1.91452384,1.897148609,1.862004519,1.779374957,1.678970456,1.897447467,1.87495327,1.784593582,1.271599054,1.194962859,0.9449275136,1.175787807,1.400267243,1.137504816,0.7718131542,0.5587509274,0.3479582369,0.3559398949,0.3911178708,0.5855560899,0.7568767667,0.8897753954,1.050700665,0.9395778775,1.04189539,1.280303955,0.9022274613,1.149013519,1.010758519,0.5876235962,0.8960318565,0.5365064144,0.5232247114,0.7458133698,0.5258713961,0.7868233919,0.7165113091,0.6433964372,1.233213425,0.8059206009,0.6471990943,0.6556944847,0.7759122252,0.7118397951,0.4402405918,0.3288790882,0.4718109071,0.3864226043,0.315644294,0.1742731482,0.1877922565,0.1572080553,0.1337471902,0.1857749075,0.08858235925,0.07048745453,0.136002332,0.1411610842,0.1188590601,0.1578498334,0.2734169662,0.1090349481,0.1160457879,0.1209241971,0.1663162559,0.192636773,0.2084371448,0.2025921643,0.2679475546,0.2434314787,0.2323043942,0.2453969717,0.0850289762,0.06931751966,0.07278347015,0.09187010676,0.07745590061,0.08634131402,0.04780191556,0.0295228418,0.0611632131,0.1384633183,0.1657866389,0.1764077842,0.0641707927,0.1418045014,0.0622831285,0.1091291979,0.1484584063,shakana
1.871813416,1.681672335,1.50627768,2.10556078,4.387687683,2.91763711,2.305639982,2.19075799,4.616035938,4.808587551,2.602766037,2.022614002,3.68752265,3.472452164,3.128938437,1.573010564,2.259542704,2.963635445,3.697713137,3.987359285,2.928164959,3.803768396,2.790144205,3.110539913,4.250369549,4.232855797,3.210983038,3.233393908,4.166078091,5.170196056,3.728332996,3.272521257,2.443104744,3.609985828,3.622098923,2.677376509,1.818255901,2.725619316,4.077381611,3.798815966,2.938914776,2.751967907,3.74953723,4.056537628,3.972762346,2.891415596,3.574956894,3.845698357,4.039685726,4.054616928,3.782580376,4.026031017,3.725916386,4.312994957,3.491287708,3.507816553,3.445160151,3.425995111,2.740111828,2.874564648,1.800940514,1.898615241,2.886678219,2.879680634,2.228825808,2.328772068,2.168095827,2.316001177,2.319708586,1.651191831,1.699475169,1.989222288,2.300307989,2.159292221,1.797181368,2.19062686,2.194353819,1.917584658,1.835014343,1.50648737,1.47303617,1.632681489,1.62786305,1.340545177,1.37805891,1.512799501,1.705315709,1.983021498,1.442118883,1.386708617,1.469286084,1.910436034,1.863394499,1.282786608,1.468801975,0.8954908252,1.495093107,1.82058847,1.718297243,1.290521026,0.8081408739,0.9771441221,0.8283832669,0.7781452537,0.5836482048,0.7128334045,1.58789897,1.498326302,1.502063513,1.646983504,1.275845528,1.69080627,1.472695589,1.52820003,1.724950075,1.740535736,2.210808039,1.943763256,1.504666924,0.9151258469,1.188451767,1.43975234,1.381085753,1.131022334,0.7250960469,0.7955396175,0.8456497788,0.48938483,0.4372025728,0.2954811454,0.6698360443,1.068163633,0.9849464893,0.9685088992,1.033125281,1.216827512,1.493354321,1.126510978,0.8308522105,0.9360459447,0.7022087574,0.7473505735,0.3429274261,0.3840022385,0.4480064809,0.55311656,0.4138726592,0.4131568372,0.3215006292,0.5798598528,0.3910622001,0.4271457195,0.466571033,0.4231643081,0.4231365025,0.5052666664,0.4143793881,0.4444771409,0.3656277657,0.4482696652,0.2966328859,0.2598938346,0.3338186443,0.1635433286,0.1166673079,0.2232861817,0.1392986029,0.1924736351,0.2252659649,0.2883089483,0.3230920136,0.2890327275,0.0895626694,0.1164369658,0.1626487821,0.1362210214,0.1311597526,0.1464537531,0.3195520043,0.163687557,0.2851139903,0.192472294,0.09058149904,0.1044615507,0.1401846409,0.06697071344,0.09955596179,0.05253224075,0.05107350275,0.01617562771,0.03524885327,0.03483619168,0.1071242988,0.1480354071,0.08248258382,0.02050763369,0.06084382161,0.06879590452,0.08557444066,0.1136404723,shakana
1.261725426,0.994471252,1.570604205,1.598184466,3.37075448,3.022953749,2.179674625,1.872609138,3.669626951,4.046245098,3.508486032,2.21022892,2.462652445,2.504790783,1.674295187,1.490490556,1.654626369,2.502413511,2.836246967,2.690365791,3.240067244,3.159952641,2.787265539,2.889186382,3.274442673,4.478682995,3.580021143,3.60594511,3.440149069,4.288193226,4.506651402,3.676975012,2.373982906,2.960026979,3.278681993,3.085457563,1.777614236,2.035174847,3.255997419,3.357469797,3.256317377,3.055532217,3.42738843,3.575788021,3.57235074,3.42748785,3.497094154,3.446398735,3.238143682,3.743099213,3.889422417,3.940015554,3.686016798,3.745243311,3.738611698,3.765096426,3.276736498,2.568930864,2.084404707,2.691608906,1.763664007,1.8808254,2.309840918,2.089885235,2.341116667,2.331596375,1.916749716,2.055741072,2.024355888,1.888718367,1.804921269,1.98767662,1.768998027,1.520903707,2.108928442,1.775419116,1.895700336,1.714459896,1.716021538,1.637795091,1.69293952,1.406200171,1.424398303,1.476474166,1.718055844,2.255224943,1.641633272,1.877104163,1.91637218,1.646338582,2.510125399,1.735723495,1.914480209,1.775078535,1.7402879,1.859256268,1.641431093,1.858103752,1.726657748,1.351282835,0.9433811307,0.8405203819,0.9351764321,0.5895989537,0.4313130081,0.6281192899,1.29180336,0.9215500355,1.301406741,1.13148272,1.485678315,1.952967882,1.802916527,1.627910137,1.693602085,1.814645171,1.676890492,1.723407507,1.648723602,1.15473628,1.690522075,1.384369373,1.163413763,1.108140945,0.996216476,1.002206683,0.6341794133,0.5155118108,0.4150823057,0.3824660778,0.7707865238,0.820805192,0.9801422954,0.8078451753,1.095132589,1.04174912,1.259157538,0.9391538501,0.9555615783,0.9422208071,0.5961357355,0.8185372353,0.2579456568,0.1632869691,0.3465563357,0.3478145599,0.2393259704,0.2798443735,0.1622283459,0.4123208821,0.4389594495,0.189625755,0.2016253918,0.2322203368,0.2133944631,0.4830371737,0.4878733456,0.3499034643,0.3068971336,0.3442752063,0.2955550253,0.2161536664,0.1936496347,0.09287081659,0.1069512591,0.1709412783,0.1180652082,0.1498992592,0.1440263093,0.08285014331,0.123134762,0.101071544,0.2538276911,0.2294180393,0.1760612875,0.1600138545,0.1381994933,0.104068391,0.3152381182,0.267424643,0.2262170315,0.1945519745,0.1161370501,0.1984615475,0.1911383718,0.09045979381,0.05382136256,0.04877136275,0.0791574046,0.03276857361,0.07548569888,0.06618710607,0.03885965794,0.178224057,0.1373637319,0.1289065927,0.1148972213,0.2553191781,0.1371885985,0.2052592784,shakana
1.21488595,1.525041819,1.447710514,1.353443146,4.01611948,2.972271681,2.165085316,2.149768591,4.006595612,4.7921381,3.267447948,2.054402351,2.712123156,3.145335197,2.497725725,1.33372128,1.675651789,2.425574303,3.119859219,3.55452466,2.912856102,3.423440218,2.814848423,3.123211384,3.673178434,4.129950047,3.298177719,3.159762621,4.472411633,4.883615494,3.647316933,3.412802458,2.432229042,3.894669294,3.113415718,2.820348024,1.38476038,2.260263681,3.834703207,3.266471863,2.833504438,2.364987612,3.311554193,4.158127785,3.145516396,2.544867039,2.998020172,3.973855257,3.672528982,3.508680344,3.308540106,3.469141722,4.599541664,4.347846985,3.020596266,3.110307217,2.995810747,3.509143829,2.526505709,2.320425034,1.827286363,2.443993807,3.345197439,2.07924366,1.834376335,1.711421967,1.771738768,2.754464149,1.86313045,1.743370533,1.336544514,2.274334908,2.512190819,1.527758718,1.69712615,1.322681785,2.304881334,2.010607481,1.872640014,1.309601068,1.07157743,1.679502726,1.483560801,1.605088472,1.013241529,1.252575159,1.633831501,1.881483197,1.887106419,1.2521981,1.777968764,1.857309341,1.9257406,1.647523761,1.343937874,1.54390645,1.7577281,1.747596264,1.120900512,1.30139339,1.085709214,0.9527019262,0.8753830194,0.527954042,0.5019224882,1.149503469,1.580294371,1.576808929,1.186194658,1.611298323,2.105597973,1.764066458,1.527100325,1.47854197,1.874325156,2.701398134,1.743238091,1.03611505,1.236230969,1.295489788,1.8469522,1.178186178,0.5828944445,0.7918935418,1.287220597,1.20941484,0.5581092834,0.3094142675,0.4424901903,0.7268631458,0.8465768099,0.6250363588,0.9132832289,0.9769238234,1.569383025,1.173660517,1.05407691,1.049272895,1.286534548,1.44476223,0.5805456042,0.6831340194,0.2504342794,0.4027104378,0.5864065289,0.48722893,0.3187926412,0.4190896451,0.4692649245,0.6705452204,0.4497836232,0.2927031517,0.4939570725,0.885379076,0.4495941401,0.4399230182,0.45154953,0.5355457664,0.7315519452,0.6747146845,0.4753490686,0.2776609957,0.2749528587,0.2094688565,0.1713596582,0.2320106179,0.1286976486,0.1697696745,0.2222189456,0.1506135762,0.2569721043,0.1568512172,0.1432648748,0.09371307492,0.08461990207,0.1060018241,0.1066968516,0.04647828639,0.1037379727,0.1017036512,0.1202176958,0.1448120922,0.1779981703,0.1654429883,0.09217080474,0.05432879925,0.05192689598,0.03989199176,0.09811464697,0.06912969798,0.04872987419,0.03020341694,0.02958017774,0.05433366448,0.1617802829,0.05353942513,0.03885374963,0.05219006538,0.04665868729,0.1172976792,shakana
1.784124136,2.16457963,2.084984303,1.896327376,4.060044765,3.551236629,2.640218496,2.167999744,3.309932709,4.972258568,4.433955669,2.354823589,2.247072935,3.482956409,2.969875574,2.547808409,2.07668972,2.960805178,3.889875174,3.694653273,3.668512821,3.768519402,3.599573135,2.77627492,2.552263021,4.048649788,5.037629604,4.394965172,3.30495429,3.478833437,3.515848875,4.065937996,3.64046216,2.21749568,2.391978264,2.99857235,4.131888866,3.197232008,2.125004292,1.995553136,2.88083601,3.231692553,3.419597387,2.251758814,2.268099308,3.342604637,3.468268871,4.144953728,3.34392643,3.131105661,3.648955822,4.266086102,4.4662714,3.806829453,3.338507175,2.625616789,2.810538769,2.849540472,2.45298934,1.607819915,1.65604651,1.712689161,2.85622263,2.887476683,2.005569935,1.53016293,1.577565193,2.435925961,2.614595652,2.12540102,1.704078794,2.164804935,2.428051949,2.607608318,2.480914593,1.704125047,1.948624015,2.291102171,2.215426445,2.248772621,2.014250517,1.992684722,2.040104151,2.210702658,1.869491816,1.675689459,1.905427337,1.849510193,1.794362426,1.686628342,2.130702257,1.752916932,2.18283844,1.779682636,1.871898174,2.25463295,1.796406984,1.944042444,2.11399579,2.345729589,2.581587791,2.107467413,2.226783037,2.281435728,2.258204222,2.234086514,1.994212627,1.204238415,1.387334228,1.462512851,1.692027569,1.565348506,1.22988081,1.255241513,0.9765195251,1.265196443,1.11485827,1.17007494,0.9012645483,1.402336359,0.8140813112,0.9017157555,0.4985077381,0.3946172893,0.3794813454,0.7074012756,0.4790520668,0.9368240237,0.8258851171,0.9671739936,0.694218576,1.565968156,1.41845274,0.8213965893,1.237258792,1.194517136,1.210901856,0.5346960425,0.6473827362,0.7273101807,1.060395122,0.7916198969,0.9838147163,1.452136278,1.273904443,1.339683771,1.645218968,1.30148077,1.707516909,1.746414661,1.864562631,1.151775479,1.901740789,1.694900632,1.576601028,1.145223856,1.030719995,0.9573004246,1.038546801,1.005068064,0.8624144197,0.7689520121,0.712133944,0.6840144396,0.7340595126,0.8020583391,0.6433891654,0.6653199792,0.4962542653,0.4519593418,0.2881128192,0.311257869,0.3383569717,0.4103349745,0.5965468287,0.4254420698,0.5904358625,0.5879673362,0.7766601443,0.7010928988,0.647667408,0.5106198788,0.406208694,0.5516420603,0.5423310399,0.5807754397,0.5950794816,0.3166392744,0.4592080116,0.3112262487,0.25564605,0.2033793777,0.3139689863,0.1687118262,0.09125541896,0.102558367,0.1855511516,0.2830412686,0.3234884739,0.03804259747,shakana
0.9169126153,1.087046146,1.320039868,1.145124674,2.935522318,2.625820875,1.761642337,1.31987071,2.540855885,4.204516888,3.645047903,1.383517742,1.805223107,2.693166018,2.281216383,1.891561627,1.282527804,2.263988495,3.250716686,2.891896725,3.479063511,2.261815548,3.24788928,2.456500292,2.899866581,4.846889019,3.903205395,4.223964214,3.563580513,3.924915791,4.905921936,3.696839333,3.216429472,2.358286619,2.948323727,4.226633072,3.719321966,2.527694464,2.236024141,2.326585054,3.503975868,2.825263262,2.050164461,2.14361167,3.083647013,3.645646334,3.58009696,3.181921721,2.884623289,3.750953197,4.304348946,4.886765957,3.419332981,2.658507586,3.409982681,3.559752941,3.32903409,2.025841713,1.812978148,1.826602697,2.381457567,1.670465112,1.421866536,1.439510107,1.507723212,1.956154823,2.234862089,1.832683563,1.752989411,1.82930243,2.407674313,2.729967833,1.709095836,1.647601008,1.94278574,2.027266026,2.577621937,1.82314086,1.578146696,1.844851971,2.028826714,2.330275774,1.636799693,1.661710382,1.475590587,1.759692907,2.496148825,2.137627125,1.357070088,1.498553514,2.010154247,1.941002131,2.20631218,1.839292765,1.78079915,2.420414448,2.395668983,2.361828566,1.382568717,2.159520864,2.223994255,2.252675533,2.425663233,2.092332363,1.815962553,1.956399798,2.032595396,1.199669361,1.028679013,0.8528847694,1.306198359,1.748787165,1.551294684,1.270071268,0.5642008185,0.8744011521,1.380373359,1.410030007,0.9931713343,1.00034368,0.7209950686,1.025186181,0.7478288412,0.8211193681,0.4690147042,0.7373375893,0.7428455353,1.34487617,1.278603077,0.7659191489,0.969435811,1.785259604,1.841975927,0.9801806808,1.199261665,1.139765024,1.28026998,0.6597597599,0.7186128497,0.8096249104,0.8340718746,0.8516923785,1.27930665,1.042173862,1.363474607,1.148133755,1.825361133,1.546519637,1.417514205,1.426183105,1.375427008,1.558235407,1.757580161,1.595422745,0.8984574676,0.8063283563,1.041653514,1.070612431,0.8554656506,0.5526813865,0.4841943681,0.3357625306,0.6102663875,0.4641817808,0.3540203571,0.3224520683,0.3863866925,0.5991646051,0.2332547754,0.2949519455,0.2316335738,0.3345351815,0.415620923,0.4301428497,0.2288303673,0.4010693133,0.4682341218,0.7432000041,0.6624661088,0.4182963669,0.5525149703,0.754601419,0.6078930497,0.5277140141,0.290371716,0.317189008,0.2804046273,0.2139714062,0.1537933648,0.1583837718,0.1340606958,0.06301529706,0.09047671407,0.05271025375,0.06393414736,0.03770531714,0.1139683723,0.1053620502,0.0442596823,0.03985562921,shakana
0.6716863513,0.9982557893,1.160886049,1.001536727,2.407685041,2.67970252,1.871353507,1.342897058,1.586760163,3.463285208,3.804038048,1.483595014,1.371280313,2.060859442,2.060334682,1.876116753,1.570734978,1.791159987,3.139454365,2.742527246,3.306778431,3.795732021,2.517704248,2.949677467,2.436178684,3.954401731,4.754040718,4.172315598,4.174380302,3.639187336,3.394861937,3.958785057,3.955502033,2.181814194,2.033046246,2.611738205,3.622847795,3.40831399,2.882020473,1.911239266,2.244879961,2.822862148,3.255312681,2.96282506,2.299292564,2.17291379,3.322148323,4.053290367,4.134286404,3.282873631,2.98050642,4.011594296,3.95824337,3.844544888,2.958982468,2.101617336,2.818298578,2.886387825,2.886628151,1.881294012,1.427247882,1.118066669,2.190444708,2.419389248,2.165573597,1.811622977,1.308794022,1.92991364,2.234787464,2.01359129,1.799300671,1.863338351,1.77923131,2.096493483,2.353961945,2.067932844,1.759442687,1.514018059,1.40849328,2.024751186,1.913483143,2.200731516,1.255229354,1.676792145,1.752980947,1.694581628,2.364160776,1.648552299,1.576500297,1.711304665,1.908899307,1.957028389,1.275599241,1.875851512,1.868591428,1.850189567,1.095911145,1.3493402,1.832348943,1.809482813,2.075724363,1.409501672,1.818722486,1.740576506,1.828386068,2.291358948,1.709421992,1.250463724,1.014885664,1.114922047,1.745262861,1.354335666,1.069251657,1.012489557,0.6403538585,1.061082482,0.9110121727,1.285138965,0.7994068861,1.009308457,0.7708144188,1.023260355,0.5610530972,0.5088530779,0.4671413004,0.7257170081,0.750064373,1.349773765,1.352629781,1.12333715,0.8647159338,1.890305996,1.66107595,1.154826999,1.747762203,1.266418695,1.279442787,0.4148053527,0.8331936598,0.8149529099,1.095306993,0.678178668,0.8451597095,0.9631406665,0.9187238216,1.009625077,1.383460402,1.019015312,1.297503352,1.103580356,0.9404348731,1.143049836,1.038124681,0.8636184931,0.7189601064,0.5931609869,0.5346789956,0.5745772719,0.3408856988,0.3448172808,0.2671903372,0.2120455503,0.2294518203,0.2003085017,0.2027378678,0.1593009531,0.1368530393,0.1897773892,0.1244988814,0.09017824382,0.06834042072,0.171105057,0.1062093154,0.1605916321,0.1737876832,0.1464610547,0.1513343304,0.2279735059,0.2897775173,0.2633285522,0.2181835771,0.2164378613,0.2350508124,0.3158496022,0.202168256,0.1671866179,0.1532579809,0.1234079972,0.1192598492,0.07414118946,0.04569659755,0.03453134745,0.1122274697,0.04885912314,0.07417337596,0.04129670933,0.06567677855,0.08634673059,0.04247677326,0.04167639092,shakana
0.6286293268,0.9206758142,0.9534695148,0.6783509254,2.684857845,2.58099699,1.54617691,1.043657184,1.510152936,3.953912973,3.756571293,1.242521048,0.9564386606,2.660717249,2.171845198,2.241737604,1.214199543,1.863675475,3.315243959,2.514206171,3.767706156,3.167134762,2.606960058,2.72003603,2.450514078,4.643585682,4.601548195,4.505963326,3.663022757,3.198291302,4.144415855,4.257025242,3.706863642,2.164855719,2.114405155,3.347513914,3.968045712,3.171800137,2.652880907,1.747535586,2.827150822,3.176179409,2.845522642,2.748908043,2.304432392,2.888817549,3.648292542,3.877900839,3.880243301,3.409152508,3.876168251,4.516816616,4.017091751,3.068746567,2.890189648,2.932428122,3.633822203,3.057345867,2.256922007,1.637219787,1.703102946,1.68922019,2.586308956,2.119062424,1.804973364,2.06624341,2.120106697,2.223204613,1.795700192,1.322473407,1.575554371,2.187139511,2.328197956,2.135115862,1.768499732,1.630985975,1.989633679,2.131206036,1.831894994,1.476864696,1.454951406,1.58075881,1.836414099,2.102091789,1.641541004,1.356974959,1.697743773,1.670813084,1.869029999,1.560972571,1.634826183,1.396257401,1.862230897,2.075325012,1.811088204,1.367397666,1.837419033,1.941844225,2.000101089,2.532964468,2.148325682,1.661615252,1.974789739,1.954644442,2.100916862,1.990302801,1.339998245,0.9653192759,1.116322398,0.9093449116,1.276710153,1.176682949,1.361869931,1.470734954,0.9333209395,0.7653725147,0.6977387071,1.256454229,1.377926111,1.672101498,0.939866364,0.8091111183,0.6104405522,0.7714480758,0.8827319145,0.8427599669,0.6758744717,0.9730404019,1.35771668,1.296354651,1.103304744,1.452599525,0.9605076313,0.7873497605,1.403033972,0.9066022038,0.6334632039,0.1402006298,0.4864100218,0.5206080079,0.7047900558,0.3632475734,0.4994247258,0.6607099771,0.6524968743,0.6507990956,0.9822995663,0.7731795907,1.200089335,1.248949766,1.333642721,1.137266159,1.195109129,0.9699910283,0.7384070158,0.8922137022,0.6667308807,0.5377785563,0.4564655125,0.3704910874,0.4642884731,0.2471193075,0.2233387232,0.1223242283,0.1655252874,0.2015509605,0.1601978242,0.1565686166,0.09658368677,0.08645891398,0.07920973748,0.09614237398,0.07139229029,0.1042613015,0.2154898942,0.2769577205,0.2212470323,0.2193269432,0.3903163671,0.2137723416,0.3188111186,0.1970836818,0.1749244183,0.07698135823,0.1067441553,0.07771157473,0.05217359215,0.03286418319,0.04672478884,0.04394482821,0.03159375116,0.03069602139,0.02347698435,0.01019620709,0.008273149841,0.008686624467,0.006402939092,0.009709005244,0.01575145125,0.01294551976,shakana
0.8632343411,1.076311111,1.129398942,1.134675384,2.212666988,3.124406815,1.970026851,1.564694881,1.508617997,2.666245699,3.705415726,1.888202786,1.245844245,1.311526299,1.684956789,1.627731323,1.687125564,1.845454216,2.444407225,2.582970142,2.813157082,3.992963791,2.751942873,2.398771763,2.302032948,3.462531328,4.126232624,4.378684521,4.263288975,4.013664246,3.234273434,3.382205009,4.470772266,2.518766165,1.840161204,1.995313406,2.816165447,3.438262224,3.470385551,2.359800816,2.168006897,2.075665712,2.828238249,3.702133179,2.502701759,2.004729748,2.336072683,3.706863403,4.401041508,4.164059639,2.495479345,2.690043449,3.379709244,3.931090832,3.9731493,1.12753737,1.710855842,1.965690732,2.304225683,2.443680048,1.802871227,0.9291478395,1.555982113,1.618767619,1.605952501,2.04334259,0.9016287327,1.410994053,1.815453053,2.00317359,2.452831984,1.804130197,1.424284577,1.39916575,1.940406799,2.048406363,1.948589563,1.375262141,1.200183272,1.865980387,2.232135057,1.903725624,1.501186967,1.754257202,1.541647196,2.110773802,2.045645714,1.738855839,1.592980504,1.644472361,1.758581281,1.706966758,1.700086594,1.590652704,1.336309671,1.741386056,1.585838199,1.79673481,1.201832771,1.622466922,1.919018865,1.334440231,1.670347929,2.099715233,1.375319719,1.537824392,1.393261433,0.8768983483,1.656681418,1.101405144,1.448861241,1.368979812,1.228469253,1.607937813,1.154911995,0.9070282578,1.035416484,1.336539388,1.17897296,1.948478937,0.8771150112,0.5491990447,0.5526903272,0.8257618546,0.8551855683,0.7746021748,0.5731975436,0.8047370911,1.189568877,0.8982483149,1.08012712,1.055587888,0.8053224683,0.6822854877,1.094559193,1.140080571,0.8006113172,0.3190238178,0.6041054726,0.5347473621,1.039386868,0.7086285353,0.6531367302,0.6719459891,0.9840212464,0.9673438072,1.892682076,0.9097940922,1.12658453,1.24245894,1.303515553,1.217272043,1.238232374,0.7135243416,0.6167531013,0.5140188932,0.6551104188,0.5653111339,0.268571794,0.2841256559,0.3204483986,0.3242599964,0.3015032411,0.1966544092,0.2544162571,0.1938685477,0.2261214107,0.1467864662,0.189651221,0.1511987448,0.1796083897,0.1836127639,0.1493439227,0.1106697097,0.1852428913,0.2342774123,0.2248243243,0.256277442,0.2875338793,0.2833497524,0.1847767532,0.1725658923,0.2123153955,0.2147153169,0.3221214414,0.1598753333,0.07548310608,0.1671257317,0.06739663333,0.1072908193,0.10996712,0.1248600855,0.110012874,0.03175666928,0.1396527588,0.07098472118,0.1392246485,0.166171506,0.1617734879,0.06766448915,shakana
0.6978402734,0.967245996,1.015449643,0.7368476391,2.498671532,2.965089083,1.631166577,1.206847668,1.60987103,3.602060795,4.031463146,1.642202377,1.314810276,1.985465288,2.136151791,2.204488277,1.595339656,2.051274776,3.071445465,2.624891996,3.442658663,3.927460432,2.178895235,2.73090291,2.52677846,3.759523869,4.760418892,4.017461777,4.080975056,3.358211994,3.279340744,4.201488495,4.102081299,2.828046083,2.350227594,2.509962797,3.674190283,3.501739979,2.7645123,1.815315843,2.15865016,2.742900848,3.190423489,3.055934668,2.294760227,2.068907738,3.232020617,4.168943882,4.319468498,3.259442329,3.033668041,3.822566271,4.25917387,3.650336266,2.517523527,1.85548234,2.69343996,2.796844721,3.032609701,1.846776843,1.171860695,0.7977833748,2.066874027,2.254688263,2.204383135,1.773699284,1.570381641,2.126073122,2.48475194,1.999522686,1.43761313,1.700848699,1.477872372,2.103273153,2.489891529,1.993970752,1.75033164,1.535993218,1.787304759,1.877560139,1.521928668,1.683305144,1.513328195,2.019799948,1.643794894,1.448827386,2.066620827,1.267309308,1.829185247,1.579589128,1.498704195,1.641478062,1.412523627,1.638641357,1.681477427,1.928083658,1.646466732,1.238948941,1.27347374,1.534617662,1.742451906,1.438511014,1.862150669,1.542708039,1.535068393,1.988812208,1.535646677,1.295634508,0.8920616508,1.245976686,1.908919692,1.573926091,1.555745363,1.027417302,0.7696247101,1.256741762,1.206733108,1.283834577,0.8569214344,0.927588284,0.7569870353,0.8084782362,0.638716042,0.8454800248,0.3882560432,0.756519258,0.5403683186,1.033918977,1.193276405,0.7099906802,0.6924853921,1.348315716,1.287074208,0.9730893373,1.396187425,0.9013633728,0.9234399796,0.44991225,0.4923004508,0.6577113867,0.6716577411,0.5592333674,0.6367332339,1.030576229,1.132989645,0.7486103177,1.470744014,0.9025986791,0.96540308,1.139721751,1.052804708,1.276363373,1.125570059,1.134684205,0.65349406,0.449927479,0.653401196,0.6325335503,0.3584593534,0.3060338199,0.2703283131,0.247829318,0.2882340252,0.2394392788,0.2802773416,0.1425374746,0.1394008845,0.2322161198,0.2512333393,0.2009515166,0.1224603578,0.1805782318,0.2054160833,0.263590157,0.2690343559,0.208549127,0.2225114107,0.2411573827,0.3575511575,0.4105368853,0.5286484957,0.5388042331,0.5149976015,0.3756186962,0.3114598393,0.293581903,0.121451512,0.1584442407,0.1480275393,0.1060332358,0.1487067044,0.1360943913,0.05914304778,0.1053511351,0.1249509826,0.02243555523,0.08174914122,0.09678971022,0.05255822092,0.08605317026,shakana
0.781157732,1.094517231,1.295350432,0.9688337445,2.305912733,2.941008806,1.602081418,1.022750139,1.152946711,3.309189558,3.899925709,1.549229622,1.055512786,1.906999946,2.137966394,2.026164532,1.574262023,2.023731947,3.12763381,2.440907478,3.672296286,3.855494261,2.180701733,2.683005095,2.493357897,3.882386208,4.825311661,4.202605724,3.939842939,3.591511965,3.34501338,4.133983612,3.942386389,2.37223196,2.189440012,2.546399117,3.620915651,3.4783535,2.651516199,1.824230552,2.129405975,3.095003843,3.216420174,2.482457876,2.303140163,2.140250921,3.653553247,4.139974117,3.891794682,3.103121281,3.031755209,4.329077244,4.326173782,4.006010532,2.930097818,2.138103962,2.745703459,3.087263107,3.040756941,1.987884879,1.581145644,1.147031069,2.216913223,2.372052193,2.106776714,1.893221021,1.627858639,2.43541503,2.484008789,2.139244795,1.480967522,1.23088181,1.529789209,2.157185793,2.392898083,2.048383713,1.48139894,1.774943471,1.560277581,1.798857093,2.014044523,1.645588756,1.478326917,1.75371623,1.385931253,1.984731436,1.574006796,2.069671631,1.537959337,1.24088192,1.989848614,1.357509017,1.817825675,1.898727775,1.645786524,1.897703767,1.302292109,2.015833139,1.729002476,1.532963991,1.664105058,1.337634087,2.026900768,1.692484617,1.838727117,2.157401562,1.499284625,0.9512556791,1.06847918,1.509317398,1.727401733,1.338854313,0.8307531476,0.9806514382,0.8514105678,1.13491559,1.129989147,1.106513858,0.8801896572,1.005868554,0.8069801331,0.8596873283,0.6178666353,0.5865318179,0.47896716,0.8019384742,0.6204634905,1.139416933,1.389205217,0.7635525465,0.955940187,1.686199188,1.608535767,0.9343066812,1.73628068,1.027303338,1.123450041,0.4715248942,0.4764079452,0.8078742027,0.9624296427,0.6315951943,0.9345003963,0.7548956275,1.141285896,0.8213438392,1.229140401,0.833817184,0.879494369,1.082959533,1.267169356,0.9271057844,0.8020838499,1.151980639,0.9111381173,0.96668154,0.7276983261,0.554186821,0.3589930534,0.2778419554,0.3825597465,0.2582824528,0.2328649461,0.2147798389,0.3105784357,0.2856453359,0.2501257062,0.2172341049,0.1390544176,0.1396951526,0.1307606548,0.2439443022,0.143222481,0.2054137141,0.2062635571,0.2580630183,0.2381372601,0.2419368476,0.2434335649,0.2196175605,0.2905502021,0.2846164703,0.313079685,0.2288472056,0.1950339228,0.1291288137,0.1233740598,0.1726870835,0.1258321851,0.07971139997,0.05192837119,0.08853443712,0.09090745449,0.1020987481,0.07020524144,0.04574632272,0.1489979178,0.04343007132,0.08837485313,0.1109078303,shakana
0.7294845581,1.357360125,1.358488679,1.174327731,2.101428509,3.520678997,1.63534379,1.439911604,1.118701935,2.788730145,4.114853382,1.965647578,1.253988147,1.148824453,1.630162358,1.758593559,2.015570879,1.785382748,2.352058649,2.565145969,2.747736454,4.165434837,2.469753981,2.376648188,2.43557024,3.255932331,4.351889133,4.223158836,4.100708008,3.712426186,2.883376837,3.743158579,4.515423775,2.628753901,2.402391195,2.143399239,2.506692886,3.565074682,3.018574715,1.973812342,1.897124767,2.349820137,2.933485985,3.385774612,2.457983494,2.033237696,2.196584463,3.759262323,4.550672531,3.832420588,3.109392405,3.543357611,3.755540133,4.436727047,3.543655634,2.118185043,2.338126659,2.275546074,2.783233881,2.68902874,1.61326623,1.084690571,1.989169836,2.286012411,2.698183775,2.254479647,1.540000677,1.867323279,2.21716547,2.747653484,2.24092865,1.811031938,1.414814472,1.828311801,2.47159791,2.817927361,1.955251575,1.808508158,1.502150178,1.873066068,2.549378157,1.792925358,1.682848692,1.655666113,1.571165204,1.99703896,1.979462266,1.815083265,1.814440966,1.141645551,1.877723455,1.790337443,1.740317225,1.616316557,1.419336796,2.01071763,2.19108057,2.129833698,1.20648706,1.705843568,1.924896836,1.846243382,2.444656134,1.979768515,1.661609054,1.899775863,1.795663357,1.868253708,1.297051668,1.269418359,1.802305698,1.755101442,1.801702261,1.780181408,0.718023479,0.7325379848,0.8328858018,1.890112162,1.654379129,1.022257328,0.8926764727,0.8657363653,0.5771677494,1.257062912,0.8367534876,0.7403367162,0.5591135025,0.9464323521,1.846708298,1.567371488,1.077963471,1.098020196,1.077130079,1.08890605,2.040624857,1.354788899,0.7821083665,0.3950047493,0.5835107565,1.078105807,1.114584327,0.5981297493,0.6915294528,0.707061708,1.323808432,1.032788873,1.582373977,0.708148241,0.9494431615,1.503944278,1.55936718,0.9852957129,1.033998251,1.06338203,0.4953230917,0.5927387476,0.7060905695,0.5966547132,0.4859417975,0.3453489244,0.4900411665,0.4091476798,0.2623258531,0.2559823096,0.2558171451,0.2529062927,0.2965273559,0.1887605041,0.1962873042,0.1516724676,0.1256871372,0.2062796205,0.1238556132,0.1924943328,0.1522940397,0.1393969208,0.3859352767,0.1941285133,0.2333472222,0.2103666812,0.3346918523,0.1823779941,0.3199567199,0.1901694983,0.1298726052,0.07673485577,0.06949317455,0.07498410344,0.0398168005,0.03676191717,0.06215398759,0.04780944064,0.0317264609,0.01718255319,0.03335443884,0.02614606358,0.0383445248,0.03995946795,0.09878100455,0.03608680889,shakana
1.408355117,1.03557837,1.338190556,1.05643189,3.276514292,3.090927839,1.719133615,1.156062484,2.456019878,4.402968407,4.064725876,1.764806628,1.604880095,2.923826933,2.32929039,2.364702463,1.395131946,2.112326145,3.180185795,2.97378087,4.116989136,3.376755238,3.427998781,2.649150372,2.475388527,4.685115814,4.827448368,4.146502495,3.322267056,3.350630999,4.339618683,4.452983856,3.874336004,2.124842405,2.390998125,3.472687721,4.183720112,3.383218765,2.618033171,2.293963909,3.332443476,3.309262514,2.92158103,2.987708807,2.9131639,3.264849186,3.729873657,4.152712822,4.261986732,3.989252806,3.854692936,4.517299652,4.132655621,3.743144035,3.276087284,3.04530549,3.794140339,2.971861124,2.47110939,1.766810179,1.506257296,1.794183612,2.609814644,2.448760986,2.421170235,2.054484844,2.047332525,2.283868074,2.085370064,1.913133144,1.775937438,2.57038188,2.489309311,2.34336853,2.271177053,2.133233309,2.168952465,2.22670579,2.013973236,1.844237924,1.922928572,2.032616854,2.044002056,2.204647064,1.882054329,1.538330197,1.948274016,1.772981644,2.121218443,1.803937197,1.733303785,1.814768076,1.865070939,1.786394596,2.01211381,1.8882972,1.657436013,1.935940862,2.006980419,2.158282518,2.067581415,1.736217499,2.160046339,2.368643999,1.978815913,2.11313796,1.88076365,1.413144231,1.699629068,1.647433162,1.992739439,1.782714367,1.609033704,1.957032681,1.059395671,1.266693592,1.223992944,1.533089161,1.453646064,1.78106606,0.8726837635,1.138155937,0.8283014894,0.7766797543,0.9119051695,0.6427143216,0.7370176911,1.260154605,1.490640759,0.9891998768,0.8282769322,1.504573584,1.286595464,1.058133721,1.378298759,1.081453443,0.8306720853,0.338124156,0.6123179197,0.8604382277,1.153094769,0.3547264636,0.7156049013,1.156615973,1.210539341,0.9907509685,0.9902641177,0.9120021462,1.546166897,1.456124663,1.343790054,0.9911776185,0.9985144734,1.642826915,1.032977104,0.9692615271,0.5389668941,0.5429049134,0.9232077003,0.8956721425,0.6917650104,0.4175078571,0.3183274865,0.2670095563,0.5492146611,0.3713575304,0.2435487509,0.2352594286,0.2206137478,0.3707683682,0.1712375879,0.1282258928,0.1256561428,0.1163778156,0.2876862884,0.2516669333,0.352853924,0.3357379436,0.3745971322,0.5627564192,0.375061959,0.3846464753,0.1547824591,0.2373098433,0.4420790672,0.1921871156,0.1758081168,0.080168657,0.0896454677,0.07465691864,0.03063213825,0.02481191233,0.02945212834,0.01908040792,0.01153019164,0.01674555428,0.0237413235,0.02290309779,0.02535809949,0.01175570115,shakana
1.598484278,1.595509648,2.104137659,1.623515368,3.670876741,3.34204483,2.080101013,1.818755507,2.390545368,4.638094425,4.257833958,1.637863755,1.709571481,3.307208061,2.353267431,2.538894653,1.510577321,2.182044744,3.67433095,3.111279726,4.037314415,3.110777855,3.40635252,2.781352043,2.84912014,4.846974373,4.647753239,4.580094814,3.493207693,3.579740524,4.467071533,4.349390984,3.782874346,2.410847425,2.676794291,3.913859129,4.169811249,2.977517843,2.397443771,2.177782536,3.312384367,3.067512989,3.005582809,2.466757059,2.682030201,3.604190588,3.38602519,4.015847683,3.436167955,3.282303095,4.375358105,4.561795712,4.090806007,3.455365896,3.286612511,3.877562046,4.068751335,3.031764984,2.280636549,1.734258771,2.343889952,2.189481974,2.461582899,2.488017559,2.242082357,2.271976709,2.0988729,1.971559644,2.096369505,1.872697949,2.44389534,2.841247082,2.510778904,2.514345646,2.239020824,2.228368044,2.392360449,2.340496063,2.006589174,1.974898219,2.282701015,2.482744694,2.228066921,2.2292068,1.902505159,1.630290627,2.317404032,2.090286016,1.905445218,1.81238699,1.862128496,2.269833326,2.153013229,2.214773893,1.672788024,2.139036894,2.25064826,2.265554428,2.164753437,2.294850111,2.900901794,2.074230194,2.247800112,2.021968842,2.100649357,2.177716732,2.214847803,1.340590239,1.309580326,1.291766047,1.132046342,1.309910655,1.044825435,1.21220994,1.098062038,0.9575010538,1.235142469,1.530026793,1.233014822,1.655030489,0.8801760674,0.9902032614,0.6078357697,0.7320128083,0.9220710993,0.8159817457,0.8042595983,1.303340197,1.299456477,1.323988676,1.01517725,1.520510077,1.251782775,0.9173715115,1.502608895,1.078215122,0.8733679652,0.4675214589,0.5095617771,0.6012942195,0.9638307095,0.5985444784,0.6745281816,0.9835420847,1.121133327,1.116551876,1.45036149,1.139092803,1.42005372,1.466883183,1.542372823,1.507187843,1.507605433,1.422402978,1.017777681,1.204388022,1.264474273,0.8822751045,0.7522467971,0.7116402388,0.8245905042,0.6639460325,0.465744853,0.5004888773,0.7970405221,0.6941500902,0.5984198451,0.4364537895,0.4984450936,0.5932654738,0.2601335943,0.2552540302,0.3184540868,0.4637023509,0.492459625,0.3831129074,0.582195282,0.4471322298,0.571411252,0.4450798333,0.4770894051,0.5644562244,0.3564643562,0.2520850301,0.09854498506,0.205927521,0.08915420622,0.08480728418,0.08302930743,0.1493405402,0.1036010236,0.04455213249,0.07528873533,0.1337685138,0.1777196378,0.06668661535,0.04956832901,0.1038971245,0.08692255616,0.07414150238,shakana
1.227059245,1.074712634,1.759061694,1.16890347,3.071253538,3.448847055,2.276343584,1.795018792,1.951724291,3.836070061,4.177714825,2.183102131,1.726694942,2.9632442,2.554622889,2.240530252,1.660647988,2.222447157,3.326332331,2.602787495,3.399646759,3.843036413,3.055554152,2.837145567,2.6209445,4.180507183,4.719876289,4.729969501,3.565390587,3.544365168,3.377414703,4.174636364,4.322729588,2.747955322,2.234249592,2.486207008,3.378974438,3.267754793,3.132823467,1.772173166,2.66627264,3.101192236,2.940490484,3.334430218,2.14569664,2.408787966,3.290009737,3.562568188,4.377316475,3.897316217,4.187536716,3.847383022,3.817981005,4.195746899,3.889350176,3.041419983,3.020441532,3.438191175,2.809246063,2.172359705,2.083972454,1.095054626,2.067014456,2.327627182,2.430616617,2.342319965,1.796084285,2.059345722,2.24773097,2.126867771,2.271742344,1.922125101,1.999545336,2.486574888,2.34448576,2.200976372,2.156864166,1.980059743,2.273449659,1.940071344,1.853837609,1.758082628,2.130179405,2.290199041,1.885739803,1.984534621,1.986690283,2.012600422,1.911899209,1.751412272,2.107255697,2.096903086,1.936245322,1.794660687,1.700447798,1.959511995,2.731129646,2.030275106,1.595647335,1.759310126,1.888668418,2.048060656,1.974243402,1.559589744,1.122433305,1.65637207,1.406555414,1.619088769,1.239696264,1.014303088,1.199336171,1.431082368,0.8209247589,0.8563444018,0.996132195,0.813123107,1.456121445,0.9803504944,1.232794404,1.080069184,1.097692966,1.138498545,0.8701968789,0.9784613252,0.8040058613,1.295748591,0.9566764832,0.688218832,0.839913249,0.6103109717,1.44438839,1.742493272,1.280321836,1.166555285,1.025954723,1.058085203,1.62229073,1.064713836,1.008300781,0.8137686849,0.9165038466,0.8305603266,1.529758453,0.909475863,0.466846019,1.398023248,0.7600844502,1.204790235,1.190234065,1.215054274,1.008187056,1.232952118,1.465275049,1.536355257,0.92398417,0.6124256253,0.7147200704,0.761208415,1.166592598,0.6090616584,0.6785856485,0.7521568537,0.4506358504,0.5051215291,0.4524374306,0.478071332,0.5314527154,0.4754610956,0.4162032902,0.2915996313,0.4819343388,0.3478329182,0.2225403339,0.1068994999,0.1712397188,0.1680620611,0.3448518217,0.1671353877,0.2454457283,0.3709793985,0.3093355,0.2385656089,0.2611311376,0.2950913906,0.2255880982,0.1690740585,0.1578824222,0.1456591487,0.1393087357,0.2239205241,0.3521031141,0.2575537264,0.1074141115,0.06397351623,0.08337477595,0.07696627825,0.09660954773,0.09416432679,0.04530059919,0.07583782822,shakana
0.9991894364,1.014891744,1.344820738,1.021335125,3.06421876,2.951797962,2.057148695,1.656584144,1.606542706,4.087893963,3.602886438,1.550137877,1.338602543,2.854900837,2.701766729,2.025495052,1.616538644,2.320952415,3.345453024,2.841936588,3.517027378,2.492973328,2.636765003,2.947949648,2.965414524,4.742107868,3.470775366,4.500000954,3.618323326,4.183994293,4.732112408,3.498018265,4.032042027,2.797904015,3.218545675,3.873755932,3.116620064,2.49382329,2.263640404,2.859810829,3.648254395,2.964322329,2.405345201,2.110456467,3.189449549,3.312879086,3.290624857,2.767396927,2.836967945,3.441793919,5.032660961,4.179843903,2.864544392,2.770261049,3.259148359,4.073564053,3.409626484,1.884789228,1.69317317,2.096391678,2.612641811,1.252624393,1.309550047,1.510425448,2.437938213,2.526228666,2.253718615,1.61323297,1.978647947,2.207065821,2.414565563,2.329355001,1.554438233,2.123865366,2.474648476,2.522309065,2.29458642,1.906116962,1.954349756,2.144951582,2.132973909,1.957318425,2.009192705,1.822408676,2.004708529,1.870644808,1.98064959,1.975690484,1.29877615,2.026497602,1.786766768,1.692818999,1.967693448,1.357961178,1.705910206,1.965600848,2.518420458,1.929585099,1.586973548,1.885218501,2.325659275,2.229795456,1.586268067,0.9498105645,1.433353186,2.203098059,1.260890961,1.327412248,0.8813928962,1.208014607,1.753165841,1.841818094,1.660097241,0.7933008671,1.281069398,1.292938113,1.610470057,1.915364861,1.11582756,1.137655377,1.451478601,1.329365134,1.499559879,0.9702413678,0.7647198439,1.374689221,0.9628827572,1.099607944,1.263173819,0.7076843381,1.345195174,1.365054488,1.164977789,1.546061039,1.276518106,0.7499344945,1.041675925,0.7583979368,0.8851426244,0.7927079797,0.891184032,0.5761259198,0.8170340061,0.7642315626,0.452565074,1.520385623,0.9171032906,0.6457962394,1.105303764,1.81379807,2.009619474,1.500967026,1.225943089,1.033555388,1.321960449,1.62232089,0.6987870336,0.4792628884,0.509185493,0.7085815072,0.8145628572,0.5417842269,0.3293388188,0.3185590506,0.2544553876,0.3947206736,0.2146461308,0.2446330637,0.3584677875,0.4095362425,0.2806255221,0.1963687092,0.4070633352,0.4277384877,0.2760926485,0.2474321872,0.3123247623,0.1851324141,0.4885250628,0.3277744055,0.399064213,0.4359096587,0.260982275,0.2222878188,0.067643933,0.1505135,0.3641967177,0.2309121937,0.2224893272,0.1763471365,0.1337958425,0.0662766695,0.1402601302,0.236674726,0.156604901,0.06983049214,0.076597251,0.08868227154,0.1058747992,0.1006144285,shakana
0.8125874996,0.8369609714,1.492399216,1.071123242,2.899387121,2.928956032,1.949393392,1.676904798,2.009863615,3.977961063,3.912966728,2.014681578,1.572723031,2.600264072,2.377174616,2.012213707,1.516354084,1.997186065,2.767039061,2.676126003,3.678448677,2.951181173,2.83073926,1.892588139,2.343902349,4.476289749,4.433759689,3.560687304,2.885759115,3.209246874,3.866453409,4.339789391,2.98623991,2.191560984,1.925600171,3.123466492,3.535932541,1.894926071,1.532581568,1.610926509,2.648789883,3.275040388,2.474410534,1.422998786,1.914803982,2.494015217,3.676040173,3.711895943,2.577617407,2.550337315,3.404617786,4.57182169,4.265356064,2.69004631,2.467039824,2.904153585,3.690710068,2.873786449,1.883288145,1.373962522,1.319342971,1.387506843,2.238374949,1.53521347,1.662100434,1.704160571,2.249934673,2.48251605,1.756356239,1.45130372,1.474086285,2.338824272,2.372162819,1.899035454,1.55769825,1.345187902,2.129760981,2.268124342,1.595107675,1.3699857,1.399257421,1.688305974,1.914533734,1.758594036,1.313654304,1.279381752,1.637458801,1.784209847,1.813234806,1.636127114,1.318851471,1.392315388,1.610595345,1.601074696,1.298800707,1.709337234,1.853610635,1.809493303,1.972171545,1.729572654,1.436398745,0.8498573303,1.97213006,2.020976305,1.296692014,1.339545369,0.9171482921,1.635291696,1.67231822,1.417096257,1.266875744,0.8509191275,1.19597888,1.548301578,1.198634624,1.276862741,0.9280008674,1.44324553,1.959726691,1.400591731,1.245449424,0.867870748,0.9131986499,1.387658596,0.7628540397,1.025586724,0.9431326389,0.7717177868,1.104769588,0.6286700964,0.7437650561,1.502434492,1.0576334,1.488231897,1.055696368,0.3084845841,0.5868340135,0.6470455527,0.7540095448,0.867387116,0.5439856052,0.5326498747,0.5150493979,0.9899406433,0.5284761786,0.9183050394,0.7541542649,0.6908756495,1.358870864,1.627579093,1.103942633,1.213904023,1.521946788,1.55367291,1.429499984,0.8590099812,0.7830585241,0.9459825754,1.140950799,0.7657068968,0.6391376257,0.4573518038,0.323777467,0.408520937,0.3759264648,0.2890819013,0.115581654,0.1474633366,0.2048263103,0.2162584364,0.1787906438,0.2881960571,0.1415191591,0.08736466616,0.1099032238,0.08014203608,0.1350620091,0.1553625911,0.09944055229,0.1737527549,0.1620854139,0.08282590657,0.07184489816,0.1336853206,0.08862804621,0.1816926897,0.154833585,0.15770787,0.08532712609,0.1593787372,0.1022234336,0.07158205658,0.1009605601,0.08726776391,0.05621108413,0.05150693655,0.04780612141,0.061560601,0.07132979482,0.03028937615,shakana
0.9724749923,1.219496727,2.090465784,0.8384374976,3.422629595,3.353760004,1.776655436,1.644520521,2.212495327,4.295697212,4.434845448,2.393307924,1.852525949,3.175079107,2.828514338,2.390778065,1.757004261,2.296826363,3.53126812,2.898559332,3.693499327,3.758563995,3.120759249,2.974394083,2.304219484,3.786527157,4.766050816,4.356025696,3.595220566,3.196992874,3.383332491,4.666491985,3.763792038,2.575140476,2.046973705,2.714532375,3.874275684,2.519428253,2.34429884,1.651552677,2.491590977,3.48821044,2.953117371,1.800270319,1.895205021,2.745423317,3.479510307,3.962613583,2.488597393,2.640823364,3.89513278,4.107867718,4.648090839,2.952274084,2.694683552,2.800124407,3.161509991,3.745183229,2.263109684,1.74985981,1.328999043,1.262597442,2.783547878,2.159666061,1.77948308,1.571427584,1.595903754,2.585002422,2.41317749,1.236479878,1.300837398,1.819874763,2.211353779,2.411561012,1.720260262,1.291838527,1.658982158,2.217574358,2.156821966,1.529324889,1.479338169,1.498396516,1.88196528,1.935824037,1.309077978,1.435048342,1.851545572,1.851382852,1.814697742,1.716985822,1.710120797,1.739191294,1.671074986,1.601397634,1.666929603,2.084054947,2.074323893,1.712933064,2.176080227,2.596450329,2.061480045,1.306578636,1.775566339,1.820741177,1.886212945,1.755799532,0.5529867411,1.060918689,1.274861693,1.581931829,1.316103458,0.7957958579,0.7501832843,0.8692554235,1.30791831,1.549986124,0.9699160457,1.023852706,1.197471738,1.15518415,1.576768398,0.934278667,0.643917501,0.6776516438,0.8486168385,1.416302085,1.091987133,0.5454375148,0.8427690864,0.4037467241,1.217989564,1.794607639,0.7530228496,0.9798230529,0.8006290197,0.742829144,1.241543412,0.464653194,0.6494342685,0.6303294301,0.4063328207,0.5123254657,0.3665488064,0.5053070784,0.1976671517,0.9153317213,0.7990484238,0.429965198,0.8536275029,1.097858906,1.175586462,1.345592618,0.8819627166,1.097346544,1.390882969,1.131319404,0.8142540455,0.7819734216,0.5913109779,0.7377919555,0.5898849964,0.3289295137,0.4109237194,0.3163256645,0.2980678082,0.2953934073,0.1939397454,0.2264551073,0.2132120728,0.1600102931,0.09923394769,0.1047745869,0.09852877259,0.1896152049,0.2046963125,0.1063532904,0.06926196069,0.08887725323,0.1440620124,0.170919314,0.07029505074,0.0763553977,0.05940452218,0.1094923541,0.1932191104,0.1851400733,0.04894100502,0.07014618069,0.03930199891,0.09836924076,0.07386743277,0.1036276221,0.09252066165,0.04420140386,0.02737676352,0.02515821159,0.02970694378,0.02275828645,0.03170624003,0.01122691203,shakana
0.7537350059,0.8585987091,1.490070105,0.8729094267,3.208681345,2.760197878,1.912342429,1.542999387,2.462234259,4.5871768,3.713563919,1.812571287,1.873434067,3.224892616,2.654976845,2.304422379,1.364329696,2.24640274,3.510938883,3.206101179,3.522028685,2.705961227,3.292482138,2.727921724,3.130288839,4.70254755,3.47492528,4.380411625,3.618179083,3.951659918,4.503112793,4.092517376,3.889871359,2.7708323,3.069509506,3.721828461,3.445013046,2.284526825,2.313483715,2.50972414,3.257428408,3.08756876,2.671622038,2.228997469,2.93005228,3.098339558,3.627231836,2.915378332,2.929243088,3.639904976,4.566173553,4.730612755,3.303455591,3.245253801,3.963968277,4.072271824,3.39730072,2.45317173,2.085968018,1.758534789,1.804729223,1.335078597,1.756653428,1.911393762,2.472505569,2.34625411,2.199780226,2.001662731,2.088032961,2.302219152,2.590015411,2.371900558,2.0026896,2.21310091,2.416851759,2.414819479,2.218392611,2.018092394,1.963891745,1.988346219,2.268057823,1.881537795,1.527392268,2.063117981,1.662204146,2.124761581,2.217575788,1.595505595,2.132947445,1.975785732,2.101715803,1.714789867,1.887490034,2.019975662,1.768060327,2.253517866,2.377175808,1.91718328,1.722392917,1.88715589,2.231870413,1.829152465,1.986608148,1.889055729,1.325252414,2.005500078,1.699456692,1.370807886,1.861320734,1.697168827,1.964822054,1.929083705,1.408196568,1.34279871,1.225857854,1.634993553,2.047198296,1.878045917,2.090020418,1.551247239,1.867026925,1.799444318,1.539555192,1.630229831,0.9658708572,1.746884465,1.776633024,1.325886726,1.54328835,1.004301667,1.638072968,1.900794744,1.282816887,1.532269955,1.675448895,1.142885923,1.249410629,0.5540501475,0.9055690765,0.9831104279,0.9183300138,0.7317742109,0.9543176889,1.110490441,0.693203032,1.814517498,1.431379914,0.9885869026,1.211650252,1.870010376,1.590012074,1.812738776,1.355655789,1.189831614,1.360262156,1.079287767,0.9904899001,0.8240149021,0.5633499026,0.6627057791,0.5395232439,0.4718282521,0.3998830914,0.4401147068,0.319075197,0.3886021376,0.2536146939,0.3894437253,0.3570423722,0.3359944522,0.3936747313,0.2140320837,0.1656488478,0.2198443264,0.2084403336,0.17345272,0.151785031,0.1601492018,0.1019925177,0.09340099245,0.1940655112,0.2419438809,0.1205399036,0.177431941,0.08296701312,0.2094339132,0.1311793178,0.1276215911,0.08848650753,0.1582303643,0.2050725967,0.08470348269,0.04978387058,0.09081902355,0.05845386535,0.07365978509,0.01576617733,0.05558214709,0.06679902971,0.0263303984,shakana
0.7515264153,0.52166152,1.237890005,0.9463325143,2.983566046,2.768686771,2.095293522,1.596696377,1.649045467,3.904918194,3.463888884,1.294928193,1.220216513,2.691516161,2.422148943,1.886255741,1.060926318,1.948577166,2.92396903,2.904993296,3.443744183,2.443389654,2.376487494,2.386632442,3.18056798,4.702186108,3.229747295,3.486552238,3.072807312,4.498783112,4.891150475,2.832268,3.189943314,2.529004812,3.420385599,3.879130125,2.274740458,1.845401406,1.915134311,2.616892815,3.600442171,2.656736612,2.184272766,2.068523645,3.361579418,3.246082783,2.929662228,2.465689898,2.54550457,3.372826099,4.55283308,3.865653753,2.683443546,2.494391203,3.006074905,3.60803318,2.214224339,1.705033422,1.279148102,1.911730409,2.248627663,0.9433527589,1.103071451,1.187670946,2.087615967,2.231043577,1.562004447,1.49388659,1.309069753,1.74996078,2.163047075,1.62195015,1.309308887,1.381719232,1.917160153,2.016178131,1.519675016,1.507784605,1.285147905,1.869666457,1.875517726,1.465749025,1.660604835,1.267737985,1.805387139,1.874743819,1.935017943,1.266962051,0.8206038475,1.828417182,1.569806099,1.596518755,1.413755894,0.8315516114,1.682832241,1.704532743,1.679358244,1.181474924,1.384218812,1.748554587,1.852981329,1.226238728,0.844076395,0.7266331911,1.30142343,1.943311095,1.357249022,0.8790290356,0.8710125685,1.412310362,2.279155731,1.854187131,0.4923816621,0.3969767988,1.540390372,1.870488763,1.588203907,1.037590742,0.6441617608,1.256001592,1.694463015,1.246454597,0.8288960457,0.5258579254,0.8106871843,1.32216382,0.7635429502,0.6712429523,0.4720937908,0.4760684669,1.280489326,1.091720343,1.031408668,0.582115531,0.7300907373,0.7611786127,0.5741194487,0.4988336265,0.3684773445,1.007829189,0.7897360325,0.3669886589,0.4929392636,0.6415593028,0.6619061828,1.646002293,0.7310615182,0.6345460415,0.8840791583,1.862988591,1.547330737,0.7875882387,0.7778707743,0.8694427609,1.331498861,0.8609576225,0.5062650442,0.5438747406,0.5561234951,0.7208306193,0.5431374311,0.3775599599,0.2779575288,0.3199681938,0.2042156905,0.3396112919,0.2208652049,0.1141462922,0.1080845892,0.1422095001,0.235289678,0.1904213876,0.07600349933,0.09222814441,0.163411513,0.09000150114,0.1095911711,0.133800447,0.2468088567,0.1607608199,0.08421718329,0.1030589938,0.1522675306,0.05290749297,0.06099899486,0.06784142554,0.08551201969,0.1403524578,0.03080817498,0.06783417612,0.08204683661,0.1170563847,0.08871362358,0.0380217284,0.02490558662,0.02857285365,0.0117463246,0.02204181626,0.05391762778,0.02885411121,shakana
0.658957839,0.7222957015,1.038058996,0.9121358395,2.125916243,2.867852449,1.959669709,1.661603212,1.541691184,2.788041353,3.835282564,1.71872735,1.51033783,1.592450976,1.635986328,2.202195168,1.325136065,2.216172218,2.575389624,2.549200535,4.029441357,3.622951984,1.89533329,2.22269702,2.581153154,4.200370312,5.023544788,2.83261466,4.046479702,3.803725958,3.59629035,4.577386856,2.932825327,3.418467045,2.533987999,2.760659456,3.61375618,2.452737808,3.357294798,2.124981165,2.447465658,3.142537832,3.171960354,2.801556826,2.266687393,2.235442877,3.394895554,4.258221626,3.284350157,2.900722027,3.313736439,3.87949872,4.44022131,2.856142044,2.169253588,1.884787202,2.525359392,2.855008125,1.895786881,1.106514931,0.8413046598,0.9613865018,2.004217625,1.589297891,1.597508907,1.136471391,1.630429149,1.749639034,1.561865091,1.424645424,1.152554512,1.944215178,1.634583354,1.528615117,1.712118983,1.64189744,1.987525105,1.696785331,1.72153616,1.579126596,1.857916594,1.819323063,1.668122172,2.220285177,1.676166534,2.059839964,2.105337143,1.28502965,2.041285038,1.560051203,1.948761344,1.741080403,1.445273757,1.495524526,1.439399123,2.165509701,2.347678423,1.480069757,1.133831739,1.021819711,1.815281868,0.9766241908,0.5563158393,0.62900424,0.6026850939,0.792648375,0.3982553482,0.4210014045,0.4535428882,0.5602510571,0.5328430533,0.4832155704,0.188566789,0.2564072907,0.6052298546,0.382534951,0.3819591999,0.3024075925,0.2466257066,0.2639627159,0.310352385,0.4416154921,0.2656256557,0.1918531358,0.1803776026,0.24619928,0.3265718222,0.353977263,0.2780013382,0.2230761498,0.4540193081,0.7359747887,0.8408707976,0.7620459199,0.4426842332,0.389528662,0.6233794093,0.3999247551,0.4887942672,0.4053477049,0.2573894262,0.403871119,0.5864680409,0.7290019989,0.2821860909,0.646053493,0.5087944269,0.4548773766,1.085209727,0.5837308168,0.6689658761,0.8237971663,0.8583057523,1.153685927,0.5125721097,0.5553719997,0.5490162373,0.5323604941,0.7544695735,0.3982828259,0.427256614,0.349578619,0.3582535088,0.3794283271,0.1626663506,0.3207154572,0.2276644111,0.2797806859,0.2025984824,0.1608757675,0.1549251527,0.09002099931,0.1143582612,0.1149688065,0.1146457121,0.05830799043,0.1104468703,0.171382308,0.1457645595,0.1455116123,0.1705140471,0.1897576451,0.09829773754,0.1943023205,0.1034500301,0.08029902726,0.1111106947,0.1209853217,0.1336524487,0.05039133132,0.04969823733,0.1361248493,0.1583022922,0.05903430283,0.03283759952,0.03351128101,0.0498014465,0.07441458851,0.04426446557,0.02355331741,shakana
0.9496833682,0.917454958,1.054116726,1.145515561,2.293364763,3.246709347,2.080090284,1.632711411,1.758900285,3.008728027,3.956542969,1.995964885,1.760345459,1.577023149,1.777024388,1.930220485,1.297187448,2.225903511,2.585023165,2.677759409,3.73979044,3.397746801,2.21869421,2.586942434,2.772558689,4.279392242,4.772270203,3.551181793,4.453909397,4.144293785,3.62860775,4.7393713,2.552339077,3.433518648,2.780205965,2.699220181,3.986263037,2.273406267,3.344070673,2.310512304,2.577876091,3.534674168,2.790094376,3.072334528,2.723584414,2.257152557,3.624436855,3.974677801,3.625048876,3.33732152,3.684280157,3.946703434,4.598985672,2.946446657,2.322690487,2.090876102,2.832849503,3.592026949,1.897500277,1.234848857,1.311448812,1.131429672,2.775293112,1.782765985,1.605613828,1.376127362,1.433702111,2.66941309,1.989189625,1.417672038,1.497478604,1.829491377,2.324424505,2.233407736,1.507328987,1.510378838,2.042186499,1.884797454,2.215478659,1.479131937,2.002379179,1.950471401,1.676614165,2.296592474,1.478995323,2.316627026,2.177469015,2.025823116,1.933218002,1.757969022,2.007950306,1.847693443,2.056741476,1.77781868,1.406249642,2.146639824,2.306545734,1.909572482,1.679828286,1.927366853,2.048468828,1.10617137,0.879995048,1.158560038,1.518764615,1.015387654,0.6572333574,1.192874908,1.054373741,2.066721201,1.561118603,1.015878558,0.7668247819,0.7364574671,1.859980583,1.240973592,0.8117485642,0.7137239575,0.8843655586,1.503435731,1.308375001,0.3872501552,0.4126961231,0.3090677261,0.8293789029,1.1230551,0.5371308923,0.3619167805,0.5075127482,0.5252678394,1.46426332,0.7201510072,0.350772351,0.8038501143,0.8884606957,1.389301062,1.238953233,0.4234305322,0.5818081498,0.8604336977,1.557288051,1.384985685,0.8016280532,0.8932510018,0.4941132069,2.281485319,1.882083774,0.9639481902,1.436655045,1.30571723,1.847835779,2.03315258,1.540167809,1.550482988,1.205697894,1.050728917,1.262095213,1.179163575,1.029373169,0.7541034222,0.5539654493,1.112333298,0.9293218851,0.5016415715,0.4082891047,0.4193393588,0.5396701097,0.4910463691,0.3088952005,0.2063307017,0.2142894268,0.2835763097,0.2584147751,0.2194675058,0.3363539279,0.1734526455,0.1954647601,0.4188190997,0.3153734803,0.6533481479,0.3504698873,0.2109532803,0.3033943176,0.2238180041,0.2713804245,0.1808316559,0.2099935263,0.1570480019,0.1366250813,0.1862898916,0.1973071098,0.1742045879,0.118736133,0.1182366833,0.1039340347,0.1086411625,0.105217278,0.10282249,0.1033989713,0.1109941378,shakana
1.367539287,1.263892889,1.440329313,1.415985107,2.777019501,3.435935974,2.215156078,1.539604783,1.898083091,3.393566132,4.143109798,1.961728811,1.454589605,1.603316307,1.954407811,1.885427833,1.650341749,1.849427581,2.914515972,2.495569229,3.488571167,3.830766916,2.398048639,2.578303099,2.454241514,3.486097574,4.841633797,3.519436598,4.299510479,3.80390811,3.338058233,4.899055004,3.260424376,3.363708496,2.560168505,2.621575594,3.838754892,3.046122074,3.265000343,2.22749877,2.320195675,2.822517633,3.452961206,2.64819622,2.374725819,1.980526209,2.697196245,4.312776566,3.483481169,3.044053555,3.319490194,3.088960648,4.541737556,3.240618706,2.617625952,2.35515523,2.490456343,3.774285316,3.033483744,1.40015161,1.084616899,1.12569046,2.441756964,2.622963667,1.853086829,1.72244966,1.892896771,2.162923813,2.852365494,1.740035772,1.870915413,2.000097275,1.812013149,2.722292423,2.149411917,2.016188145,2.182481766,1.972875357,2.358852625,2.085889339,2.018304348,2.114913464,1.591526747,2.043536901,1.913808465,2.006641865,2.370556831,1.575161695,1.902822971,2.191967249,1.78622663,1.868795037,1.40055263,1.516617298,2.134872198,2.271920204,2.330834866,1.451860309,1.573868036,2.711733103,2.310981274,1.220363617,1.422528386,1.184830427,1.702189445,2.110302687,1.02773881,0.9283518791,0.9402669072,1.171813965,2.017202139,0.9597074389,0.7836564183,0.7021562457,0.76277107,1.790074587,1.181553841,1.085923433,1.060537934,1.070215702,1.6843642,1.296268582,0.7585521936,0.6700072289,0.4462782741,1.097001791,1.207922697,0.5818065405,0.3721261322,0.4028063416,0.7982201576,1.298290014,0.5832982063,0.7074581385,0.7136746645,0.7017725706,0.8018736839,0.4788430631,0.440399766,0.728274107,0.7522530556,0.7134375572,0.8660339117,0.7051073313,0.4828815162,1.308423281,1.145767331,1.200273275,1.162415385,1.146656513,1.338060141,1.57830584,1.96684432,1.233920097,0.8401507735,1.091048479,1.187035441,1.364063501,0.914298892,0.5957508683,0.7752272487,1.008586049,0.7886765003,0.6575983763,0.3604832888,0.6466988921,0.5199788809,0.4618648291,0.5335454345,0.3812779486,0.2874111235,0.2386194021,0.2642391026,0.2969380617,0.3815318346,0.1777397841,0.3028024435,0.2337363213,0.4089518785,0.4474955201,0.1915539205,0.4196798205,0.1506275833,0.1673152447,0.1543996781,0.1024665311,0.09645618498,0.1366611272,0.1873992831,0.09332978725,0.1906216741,0.08292816579,0.09630333632,0.05685348436,0.05818321556,0.01904684864,0.06475686282,0.0511806272,0.02391753159,0.01848164946,shakana
1.119029403,1.371091127,2.034838915,1.536077142,2.676787615,3.844710112,2.273366451,1.697086096,2.038311005,3.364155769,4.387627602,2.305644751,1.656087399,1.545565367,2.009272575,1.967007995,1.804264426,2.502644777,3.525551319,3.295429707,3.175441027,3.958594799,2.457938433,2.392906904,3.021630526,3.829404354,4.695651531,3.738006592,3.982285261,4.530236721,3.784989595,4.514881134,4.200769424,3.076347828,3.010852814,2.927009821,3.02679491,3.236400843,3.047175884,2.590787411,2.670972824,2.598121643,3.488946676,3.07722497,2.90921092,2.260869741,2.940714121,4.214982033,3.824381828,3.398022413,3.569892645,3.541445494,4.331882954,4.298184395,2.879039526,2.302772999,2.310810328,2.679293871,3.190207243,1.916863441,1.362340331,0.9215320945,2.192461729,2.755198002,2.315159798,1.625516057,1.525450349,2.196988583,2.639042616,2.513592005,1.730304599,1.745564103,1.978519201,2.226412296,2.702006102,1.902864218,1.594383597,2.134324789,2.030848742,2.402511358,2.085089922,1.669393301,2.145059824,2.196929693,1.950111508,2.004544497,1.86863029,1.944617748,1.649994493,2.170234203,1.788937807,1.584011555,1.84129858,1.29902792,1.743259668,1.980617762,1.919196486,1.912838578,1.724903345,1.519367814,1.982272148,1.786172152,1.405763745,0.9589780569,0.8812163472,1.709334135,1.569554329,1.156284451,0.936496675,1.07828486,1.165910602,2.109422445,0.906938374,0.8560042977,0.8544644713,1.103441358,1.761588454,1.255365968,1.081199288,0.9439643025,0.8122398257,1.215600014,1.179870725,0.5836303234,0.3580860198,0.6029738784,0.7275534272,1.018273711,0.5361349583,0.4469701648,0.6803838015,0.9515608549,1.25017786,1.156049132,0.7658879757,0.7568523288,0.7829244137,0.7622952461,0.9206762314,0.7842322588,0.8215782642,0.7609542608,1.184803009,1.176124811,0.5526812673,1.272287846,0.8492929339,0.8837884665,1.807483077,1.105000496,1.238917708,1.13489151,0.8779485822,1.45757401,1.263475895,0.805010736,0.5920221806,0.6747596264,0.8770362139,0.9311136007,0.5767522454,0.621735096,0.3862729073,0.4445849061,0.5048807263,0.7120207548,0.4981713295,0.5552276373,0.5523808002,0.7271115184,0.6239655018,0.5143617392,0.358458668,0.3224408627,0.2896355093,0.3400917947,0.2044578046,0.3678453267,0.3428317606,0.4316675961,0.5921215415,0.3170157671,0.3637932241,0.3945020735,0.3763910234,0.4357545674,0.4091351032,0.4059013426,0.1725656092,0.4362266064,0.4195060134,0.313005656,0.2880951762,0.3346213996,0.1115359738,0.1073638871,0.04118566588,0.1272637248,0.2319539636,0.06883099675,shakana
1.67049861,1.486398816,1.750947595,1.620654225,3.378191233,2.546569586,1.777020097,1.863781095,2.243754625,4.361893654,3.476522446,1.337511063,1.533720255,2.80801034,3.125926733,1.479498148,1.645238161,2.901877403,3.184908867,3.905196905,3.037448645,2.952186346,3.849400997,3.756380081,4.352255821,4.107722759,3.822048426,3.677053928,3.842082024,4.621643543,3.863556623,3.115940809,2.488196611,2.668279648,2.560935259,2.577728748,2.141392708,2.309968948,3.55435586,3.075253248,3.777867556,2.956821203,2.628310919,3.537207603,4.01979351,3.465281248,3.14272666,3.537252426,4.35144949,4.663187027,4.130452156,3.837717533,4.235713482,4.204482555,3.325648785,2.519010544,2.551112652,2.665416241,3.109157324,2.584035873,2.652344704,2.759191513,3.397492886,2.916377068,2.309980392,1.919135094,1.930647969,2.509464502,2.13693881,1.504445195,1.287083983,2.223420382,2.336573362,1.850737691,1.946194291,1.909838676,2.093806028,2.404162645,1.983511806,1.713098168,1.995274782,1.393976212,1.537747264,1.137973428,1.675743103,1.563407183,1.552018881,1.687761068,0.9290713668,1.758683205,1.564438462,1.400734544,1.273383856,1.560342431,2.348408699,1.464346409,1.096227646,1.123653173,1.912759662,1.169117332,1.550615191,1.792517662,2.299858332,2.150532484,1.976590276,1.744506955,2.239381075,1.992973566,2.174592018,2.038494825,2.564048529,2.096229076,1.142934561,0.9250410199,1.001084566,0.7546012402,0.5772069693,0.6679344773,0.8356835842,0.7607292533,1.481040359,1.043044209,1.227948546,1.416090846,1.346103549,1.908986211,1.748188376,2.054940462,2.012472868,2.024836302,2.375712872,2.04523468,2.157864809,2.219236851,2.036956787,1.469003201,1.447239041,1.650159359,1.907539725,1.943936944,1.830933332,1.375521541,1.496744394,1.346217632,1.897297621,2.163580418,1.492294431,1.741307378,1.476384282,1.341348767,1.301024079,0.7560708523,1.054974198,0.9984228611,0.4056600928,0.4958141446,0.4143814445,0.4101131856,0.581479609,0.3711391687,0.1598782837,0.1549480259,0.09974818677,0.1150398031,0.09005159885,0.2281241864,0.1246116757,0.05711138621,0.05319798365,0.06817923486,0.07317493856,0.07694282383,0.09354288131,0.1354602128,0.246572569,0.1590088606,0.1593905985,0.1632694155,0.2160435468,0.2227667421,0.1525956392,0.1973484904,0.274466604,0.3134452403,0.2120926678,0.1291379482,0.1329171807,0.1154331565,0.1146885604,0.1117821038,0.04896839708,0.08481804281,0.06436285377,0.05555603281,0.0484136492,0.03424864635,0.04727596045,0.03835861385,0.05538779497,0.05111962929,takana
1.07319808,0.9451781511,1.45903039,1.405916333,3.01202035,1.472759604,1.252460599,1.673902988,2.577834129,4.128064156,1.533328176,1.180955052,1.039462566,3.204367638,2.691614866,1.134638906,1.458884954,2.637358427,3.496895313,2.468829632,1.866220951,2.794026852,3.805740118,3.702354908,2.421195507,2.409221411,4.005640984,4.469146729,3.901948929,1.893914819,2.322049856,2.805872917,2.171885967,1.732121348,1.441319942,2.751003742,2.053895473,1.904929996,1.576784849,2.022135496,3.079500198,3.008595228,2.960015535,2.206929922,4.105729103,3.170835972,3.518079281,3.365060568,3.503497124,4.11843586,4.333080769,4.435357094,3.298411608,2.931999445,3.360074759,3.697911501,2.037547588,1.806651473,1.567065239,2.806071281,3.427705526,2.404283762,2.394439936,1.961878181,1.83137095,2.021104097,1.657434821,1.165225267,1.86585772,1.870193958,1.077607274,1.929857969,1.360870481,1.177474976,1.803029418,1.722190857,1.132855415,1.456843734,1.541518688,1.100673318,1.478478551,1.187388539,0.9756577015,0.8559272885,1.550356507,0.8141980767,1.676169038,1.272472858,1.06241703,2.04193449,1.336807609,1.200334311,0.9843944907,2.152777195,1.054141998,1.265709043,1.150018811,1.91994524,1.956743479,1.246652842,1.399373055,1.914083481,2.271133423,1.624499559,1.354435921,1.680767536,2.263779402,1.794776797,1.715216041,1.04607892,1.422237039,1.289408207,0.6173995137,0.4158942699,0.6195480824,0.4151185751,0.1755094379,0.1566378921,0.1778752357,0.4378977418,0.904861331,0.5346879363,0.5573561192,0.6225052476,1.100421786,1.22413671,1.267504454,1.606025219,1.538333297,2.109539509,1.699545741,1.52662921,1.958664417,1.990021825,1.557095885,0.8538976908,1.219329596,1.157534957,1.680674314,1.3528409,1.066985607,1.107434273,1.337611556,0.9026995301,1.237929702,1.201819062,1.224084616,1.605576873,1.023638964,0.8361097574,1.056500912,1.131247878,0.9730454087,0.7294301987,0.2396135926,0.2252981067,0.4423137009,0.2359495163,0.1763485968,0.2165373564,0.1490713805,0.1374500394,0.06123099104,0.1020501405,0.06126035377,0.1323978454,0.06432383507,0.0328925699,0.03426554427,0.06420708448,0.05176044628,0.03757550195,0.06976697594,0.1569461823,0.2018993199,0.1451149136,0.1375694424,0.1861934662,0.2740172744,0.2204818428,0.1840932518,0.1772214621,0.2728517652,0.3279004395,0.1891825646,0.1489608437,0.1547997445,0.07636682689,0.09546954185,0.05482472107,0.03753503412,0.040888872,0.04726376384,0.02708192542,0.01690932736,0.02065722086,0.02237246558,0.02313210629,0.01892320812,0.02417426743,takana
0.7666168809,0.7636934519,1.06450069,0.5240468383,2.563030005,1.505688429,1.372196913,1.15415442,2.242341042,3.786863327,1.539303541,0.5548689365,1.10881567,2.00161314,2.604974985,1.07007587,1.18685925,2.860387802,3.06683588,3.433716297,2.099454403,2.711431742,3.770310879,3.428783417,3.74000001,3.027576208,4.22005415,3.300286293,4.071849823,4.395946503,3.346196651,2.957876682,1.771007299,2.366037846,2.569182873,3.201128483,1.765638113,1.969055891,3.193846226,3.37815237,2.717203379,2.232797623,2.561289072,3.535467625,4.040763378,2.6451056,2.714601517,3.702838898,4.564370155,4.06405735,3.062731504,3.638781071,4.294562817,3.84164834,2.861680746,2.600990772,2.384111166,2.431095123,2.457724571,1.863959551,2.529774427,2.931143284,3.453594208,2.732537985,1.506308913,1.050173521,2.120994568,1.9354738,1.772508025,1.036950707,0.9579564333,1.774119377,2.359006405,1.511241078,1.360205412,1.707876563,1.427568316,1.823536277,1.525319576,1.209693193,1.168376684,1.240697622,1.106690526,1.229960799,1.579982281,1.039569259,1.534778714,1.390946507,1.478854299,1.735629559,1.207923293,1.259728193,1.810958147,2.117827177,1.553545594,1.307510138,1.706709862,2.441735983,1.304002285,1.360386252,2.182935476,2.291148663,2.526823521,2.106880426,1.761041522,1.964795947,2.428328276,2.106449842,1.716142178,1.089605212,1.551298499,1.316261888,0.9210832119,0.3883819282,0.5350881219,0.5499535799,0.2901720703,0.1812784225,0.2338969558,0.435731858,0.9515886307,0.8477367759,0.9115619063,0.7788748741,1.158400178,1.948783755,1.807356119,1.829046607,2.099031687,2.062659264,2.445495129,2.057761431,2.16126585,1.964413881,1.640135407,1.478712797,1.152521133,0.9263890386,1.337837934,1.249592304,1.34764421,1.21291995,0.9519608021,0.8068143129,1.608927965,1.677515984,0.9481834769,0.9954077601,0.946446836,1.003030896,0.7214253545,0.5881183147,0.8337538242,0.7511248589,0.2624731362,0.1884286702,0.1773812026,0.1366092712,0.2167325914,0.2223630399,0.07782854885,0.1251347512,0.04446397349,0.1223572046,0.0912925154,0.05703385919,0.02974519879,0.03296814114,0.04289086163,0.02151630819,0.03572614491,0.02857812308,0.07611124963,0.07346507162,0.08338831365,0.07551404089,0.1253836006,0.2547309399,0.2117096931,0.2532751858,0.2487492561,0.2045694143,0.3813232183,0.33684057,0.2654106021,0.1659540087,0.2526236475,0.1113061607,0.113964498,0.03377137333,0.06899069995,0.03136138991,0.01926272921,0.02249606885,0.01330763195,0.01460742112,0.01240953803,0.009539295919,0.009468869306,0.009663679637,takana
0.7253273129,1.044608235,1.809782624,1.174986362,3.01598978,1.172144055,0.9800276756,1.672567725,2.345711946,4.219520569,1.782792091,1.19187808,1.467197299,2.470275164,2.813533783,0.6629009247,1.363313437,2.46743989,3.544694185,2.604213476,1.681399703,2.626455307,3.103704691,3.708375454,2.294481039,2.793894053,3.851507187,3.802799225,4.493662834,2.05673027,2.157258511,2.60377717,2.236159325,1.547659397,1.196925879,2.691763878,2.037786007,3.220465899,1.830847263,2.374508142,2.655710697,2.890083313,3.780662298,2.032185793,3.906065464,2.892807961,4.391841888,3.773626089,3.456732512,3.48652935,3.671174288,4.599473476,2.395701408,2.714745283,2.276498079,2.704712629,3.492756844,1.656301379,1.446402311,1.590417624,3.232758522,2.449222088,1.663702726,1.427812219,1.486346841,2.457379103,1.424304366,0.6923277974,0.7957395315,0.8250975013,1.531781077,1.128483891,0.8750609159,0.7472161055,2.158189774,2.215953588,0.8433817625,0.8756161332,1.262769341,2.090076685,1.477950692,0.9689826965,0.7331639528,1.275025249,1.605835915,0.8781462312,1.271160722,0.8619127274,1.372614264,1.387795806,1.590384483,1.489171386,1.047953129,1.684751868,1.780211329,1.196636438,0.817989707,1.858631611,1.930271983,0.8478546143,0.8726772666,1.077467442,2.426007748,2.452080011,1.206923842,0.9511281848,1.360922694,2.523937941,2.315383673,0.9824380279,0.8408784866,1.313948989,1.222846866,0.4578876197,0.4383840859,0.4541732371,0.3930247724,1.131263614,0.4641915262,0.2753829658,0.7021494508,1.41030705,1.686205387,0.9374578595,0.8361121416,1.900297165,2.67533946,2.506020784,1.47946763,1.627132177,2.811762571,3.077422619,2.761576414,1.451732993,1.761973619,2.396796942,2.324879646,1.416637301,1.066084623,1.704574704,2.135228634,1.581944942,0.7812924981,0.8832650185,1.951758385,2.165455341,1.215754867,0.9866879582,1.16930294,1.106707573,0.928067863,0.4981575608,1.00701642,1.112520576,0.3312794268,0.1377494782,0.2021982521,0.2886427641,0.4718020558,0.2196400017,0.08539289981,0.09144324064,0.1240902543,0.2000737935,0.1157631204,0.06561555713,0.0382271409,0.05521401763,0.02917614952,0.0246460028,0.03207192197,0.03404289111,0.1018191576,0.192086637,0.1209885031,0.1517605036,0.1950340271,0.3964337111,0.4825997055,0.3691700101,0.2821239531,0.6235466599,0.6378840804,0.5374881029,0.2939034104,0.319231689,0.3486219049,0.3027720749,0.1690003276,0.08226905763,0.09511456639,0.0578349866,0.03995672241,0.02499596961,0.0158914905,0.01092763059,0.009706576355,0.006080236286,0.004310278222,0.002663257765,takana
0.5401937366,0.5235404968,1.275733113,0.7161817551,2.330385208,1.483148575,1.190312624,1.142575383,2.082061052,3.568599224,1.582977057,0.7564578652,0.8403062224,1.545571923,2.114064455,0.6657484174,0.8947731853,2.141945601,2.855261087,3.283024788,1.762865543,2.238245249,3.273223639,3.311635971,3.756369591,2.901322126,3.544352055,3.169804573,4.222416401,4.532286644,2.961284876,2.160173178,1.641271234,2.644027472,2.896023989,2.616727591,1.9173522,2.461792946,3.408943415,2.654057741,3.196046829,2.291347504,3.028279781,3.843945742,4.307881355,3.078246117,2.707895994,4.180989265,4.46783638,4.332418919,2.963646412,3.333238125,4.057779789,3.667309761,2.877154827,1.707975268,2.501863956,2.408093214,2.212779045,1.38088727,1.90985024,2.703506708,3.078789711,2.541772842,1.556651115,1.187124252,1.709048033,1.71251452,1.595193624,0.7065189481,0.5616524816,1.551268578,1.540642738,1.183736324,1.022976041,1.091751456,1.306818485,1.519430876,1.255971313,0.7525664568,1.084394813,1.034568787,0.8670829535,0.8551942706,1.105564833,1.064277053,1.285785317,1.219430208,1.063951969,1.347808123,1.234908581,1.160890698,0.9096544385,1.855065465,2.113531113,1.166670799,1.286643744,1.536275864,1.865909219,1.639776349,1.827138901,1.830848217,2.146776199,1.813079238,2.108087301,1.786573291,2.359097004,2.10635066,1.904559731,2.129451513,2.154539585,1.349488616,0.803150773,0.3282602131,0.9864259958,0.8154963255,0.555013597,0.5788832903,0.5620812178,0.5625430346,0.9207148552,0.8098466396,1.105864644,1.145784497,1.363295555,1.873742104,1.886591434,1.93206048,2.008693457,2.204002619,2.228639126,2.173270941,2.310222149,1.790249228,1.903481007,1.683880806,1.619705439,1.292224646,1.389400363,1.544702053,1.319750428,1.233419061,1.074156046,0.7530001998,1.578744411,1.564689636,1.390257955,1.333650231,0.8414732218,0.7613091469,0.8572551608,0.6991328001,0.6750088334,0.6552641988,0.548361361,0.4192301929,0.2787181735,0.1930908561,0.1808716059,0.1100661606,0.06917432696,0.1197866946,0.07402425259,0.1339363009,0.07794247568,0.1478374302,0.04476759955,0.03222467005,0.02129053511,0.03681170568,0.03238656744,0.05280099809,0.0688097626,0.09037531167,0.08304087073,0.1079879105,0.08560910821,0.161031574,0.2288422287,0.2885625064,0.2654586136,0.4380330443,0.2689345777,0.1894496679,0.158032909,0.1351813078,0.1430952698,0.1887265444,0.1123859435,0.05294160172,0.07020014524,0.04999838024,0.01312505268,0.02014832757,0.008824784309,0.01306656282,0.004268720746,0.003182066604,0.004052768927,0.004787426908,takana
0.7763566375,1.125799537,1.425881505,1.077973723,2.922260284,1.847178817,1.471295118,1.032488704,1.670190096,4.020018101,2.556094408,0.9596121311,1.340115309,2.06886673,2.404062748,1.064695835,1.228910565,2.22515583,2.261301279,3.522319555,1.675625563,2.007279396,3.161991596,2.566772938,4.007994175,2.787659407,3.583718538,2.515487671,3.087557077,4.880589008,3.218599796,2.439656258,1.109219193,2.40015173,3.321489811,2.81128335,1.286900163,1.703105569,3.055055857,3.137455463,2.975993395,1.544394851,2.090979338,3.269372702,4.268518448,2.695216179,1.890730739,3.113180161,4.496272087,4.814191341,2.979326963,2.331191063,3.178475618,3.87549448,3.608708143,1.655801654,1.648446918,2.374448776,2.600927353,2.022405624,1.362333894,1.548086405,2.300889492,2.804858208,2.177026272,0.7329767346,0.9622353911,1.203117132,1.375638127,1.088888407,0.4214425981,0.935061872,1.166209698,1.299659014,1.656657219,1.057118893,0.691341877,1.147651553,1.178611279,1.092182279,0.6571751833,0.5893833041,0.8096539378,0.7000639439,1.002634883,0.4920666218,0.9129063487,0.9402368665,0.9066948295,1.090017319,0.8976384401,0.9149764776,1.126570821,1.896152616,0.8797581792,0.7756382227,0.6498869658,1.483220696,1.570528388,0.9417667985,0.9290225506,1.366330981,2.237636566,1.895073533,1.848231912,1.127992511,1.670834303,2.077208042,2.021791935,1.507256389,1.213232636,1.460322618,0.6250545382,0.3557324708,0.5038815737,0.1283818632,0.1625489146,0.3656470776,0.4367345572,0.357662648,0.4206216037,0.5266386867,0.8021998405,0.9694525003,0.6558837891,0.8579856157,1.341854334,1.758640647,2.058096409,1.731898308,1.595072269,1.7199651,1.999237537,1.894727468,1.380553007,0.8545976281,0.9618701935,0.9101974964,1.122263551,0.8672072291,0.7494421005,0.6556577682,0.7042697668,0.5528629422,0.6045237184,0.9735702872,1.09580338,0.8008850813,0.5818676949,0.8165553212,1.009438157,0.6661525369,0.7144849896,0.4769282639,0.1491505206,0.1589469761,0.2958928645,0.3246381581,0.269217521,0.1435668617,0.07075285912,0.07132071257,0.04173438996,0.01812937297,0.04551754147,0.02891820297,0.03506802395,0.01521046273,0.02074525505,0.0485765934,0.03520171717,0.03297692165,0.07196753472,0.04930971563,0.1698478907,0.2074038982,0.1705465019,0.1249359995,0.1966439337,0.08819472045,0.1160049066,0.1871519238,0.159213379,0.2124167681,0.1714904904,0.1675407588,0.05513005331,0.08721286803,0.09816615283,0.03506836668,0.05729909241,0.02912627533,0.01796315797,0.01945534907,0.005826326087,0.005703253672,0.004649448674,0.002515537431,0.003892524168,0.003860947676,takana
0.563760221,0.6933678389,1.005913377,0.7863477468,2.236605644,1.26806581,0.6261287928,0.5103963017,1.39675355,3.45200634,1.876263022,0.964920938,1.140286684,2.037662506,2.113431215,0.5954189301,1.15504539,2.129729986,2.338693619,3.065212965,1.855118752,2.722193241,3.477567911,2.753315926,3.674884796,2.688340187,3.547025919,2.791470289,3.609514475,4.434152126,2.596756458,2.603716373,1.439886212,2.179066896,2.594747066,2.129322529,1.614558101,2.017905474,3.307600498,2.972202778,3.225346327,1.783306599,2.303682327,3.496999502,3.769993544,2.964552164,2.304560661,3.600567579,4.574550629,4.305121422,2.581550837,3.017357826,4.020332813,3.912070036,2.978907585,1.431662321,2.191297054,2.710109472,2.677420616,1.809105873,1.232917786,1.919105768,2.973448753,2.952463865,1.765358806,1.257570505,1.962801099,1.997285724,1.564534307,0.8713980317,0.5821327567,1.675259352,2.051550388,1.689583778,1.276816368,1.347617269,1.6334548,1.724661112,1.355604887,0.8932917118,1.117490411,1.294369221,0.9769373536,0.8112344146,1.003030062,0.8848360777,1.009878278,0.9379347563,1.066206574,1.222612858,0.9584896564,0.7824919224,1.031720638,1.96325922,2.138162613,1.340514421,1.219606757,1.982294559,1.74725914,1.730284691,1.759781599,2.010444403,2.3757658,2.105328321,1.728128552,1.847586274,2.361590147,2.463811159,2.273063421,1.475358844,2.119323492,1.667881608,0.8169058561,0.5712636709,0.6174276471,0.6581445932,0.3146544099,0.6519556642,0.4065340757,0.5137781501,1.1880759,0.9442341328,1.341630459,1.054231763,1.156889558,1.911802053,1.819018245,2.64994216,2.165811777,2.074446201,2.564323902,2.288134336,2.921453238,2.28861618,1.919397473,1.712267876,1.503124595,2.148472548,1.726567864,1.861970901,1.430732727,1.553605914,1.861908913,1.149851799,2.093651533,1.806635737,1.792058229,1.681822538,1.229259133,1.556036711,0.9096298218,1.109690189,0.9127396345,0.6482408643,0.4727792442,0.4182029068,0.4151252806,0.3335595131,0.3075012863,0.1533041894,0.04597821087,0.1598595977,0.085120067,0.05791667476,0.05059618503,0.08219132572,0.02771645412,0.01714599878,0.009673693217,0.01565849036,0.01449410897,0.01793546043,0.0496471636,0.07303103805,0.09015507251,0.07534908503,0.13293612,0.1663860083,0.2800425291,0.2286062837,0.3574992418,0.3459974527,0.2837515473,0.2590878904,0.1246619076,0.07405110449,0.1251235753,0.1033234149,0.07149283588,0.03957276046,0.05331923068,0.02462276258,0.01754662022,0.007790338714,0.003918110859,0.006534668617,0.004005343188,0.001765462221,0.001852130517,0.001676834421,takana
0.5670455098,0.4113629162,0.9570286274,0.8256265521,2.37665081,1.335471749,1.084406853,0.7761036158,1.754225254,3.334499121,1.73438859,0.7753777504,0.778591454,1.493500233,2.068561792,0.5960136652,0.8167227507,2.256207228,2.261184692,3.096340418,1.910745978,2.911922455,3.475400686,2.934923887,3.666311979,3.387540102,3.869557858,2.734654427,3.685023308,4.395536423,3.509083271,2.511303186,1.28812933,1.946380734,2.691569567,2.472786665,1.127122521,1.850845098,3.009466648,3.090454817,2.873123884,1.799941301,2.104750156,2.964054108,3.821203947,2.832149982,2.175389528,3.430642605,4.300798893,4.285824299,3.278023005,2.82575798,4.170048714,3.797179937,3.536664248,2.348582268,2.678239346,2.964306116,2.66660285,2.278630733,1.952013373,2.697887659,3.419745207,2.859875679,2.462944031,1.578822255,2.400405407,2.308845758,1.785009146,1.433931947,1.153341532,2.101475239,2.205663919,1.713945746,1.953733921,1.8424505,1.856697202,1.747539043,1.206051946,1.484180331,1.460318089,1.337437868,0.9944168925,1.111380577,1.659625769,1.069677711,1.147075057,1.30482924,1.860538602,2.025085688,1.014786363,0.9541484714,1.511413693,2.405531406,1.456288099,1.06553638,1.505086899,2.347739697,1.266668558,1.344940543,1.95731461,1.915443301,2.071660519,1.91461277,2.199022532,2.056449175,2.23758316,2.102894545,2.497427464,2.212065697,2.464306355,1.680150986,0.8799492121,0.6852119565,1.319936514,0.9695999026,0.5551328063,0.5740985274,0.6054489017,1.076890349,1.364503503,1.072395325,0.9713862538,1.43476522,1.73032558,1.912900448,1.700412869,2.201555014,2.49909997,2.548617125,2.441147804,1.932507873,2.427903175,2.532654524,2.181131124,1.796649456,1.273516417,2.037139893,2.340817213,2.345342636,1.591412544,1.119801283,1.809142232,1.444328427,2.393419504,1.846509099,1.688960195,1.976221323,1.671652079,1.714945793,0.9927073717,1.418022871,1.132786512,1.090893149,0.4176949263,0.6830365658,0.5309200883,0.4392575622,0.5069326162,0.2612265348,0.1772666425,0.3679752052,0.1175720692,0.1880852133,0.09081155062,0.1439903677,0.1264034808,0.03208248317,0.0316753909,0.05455685034,0.04836919904,0.04978158325,0.07578036934,0.09462197125,0.1059889495,0.1559121162,0.1006654799,0.2149970829,0.2590889931,0.134656623,0.2067994177,0.4049273729,0.309807688,0.2559434175,0.2217784822,0.1517199725,0.1589120328,0.1574226469,0.09544357657,0.07533836365,0.08409099281,0.03821390867,0.05223337933,0.04794941097,0.06211845949,0.06615517288,0.02530669235,0.02315863036,0.01725414395,0.01005759183,takana
0.4298491776,0.4754757881,0.7435962558,0.5518778563,1.995622516,1.316438198,0.8909645677,0.8255990744,1.367527962,3.100423813,1.467255235,0.5534065962,0.8104093075,1.247315288,1.826307535,0.464407593,0.7503028512,1.698675156,2.267073154,3.196932077,1.331378937,1.437592506,2.866222143,2.73146987,3.76890111,2.086177588,2.162404537,3.17076087,3.266524076,4.371639252,1.865919232,2.679893017,1.95652771,1.889335275,2.390075922,1.213287473,2.029625177,1.660411716,2.657742739,2.154832363,2.887794971,1.866891384,1.850424767,3.012779474,3.200919151,3.001349449,2.077812195,2.764147043,4.278805733,4.210762024,2.401809454,2.530276299,3.242214203,4.053545952,3.242296934,1.113073349,1.887733221,2.518924713,2.921084166,1.581036687,1.053455114,1.843607068,2.641843319,3.306357384,1.735140324,0.7729857564,1.488039374,1.869008303,2.170312643,0.8447169065,0.5384657979,1.232583165,1.585868835,1.817258,1.100553274,0.9545798898,1.29718864,1.420189619,1.780494928,0.6738370657,0.793107152,0.9387834072,0.9352591038,0.7320696712,0.8316426873,1.055212379,0.9487561584,1.385792732,0.9314395189,1.012583613,1.705754161,1.153144836,1.517218113,1.254780173,1.985889435,2.068102837,1.252079368,1.080751061,0.9446871877,1.664064884,1.162133455,1.057500243,1.921260118,1.661530852,1.870370746,1.323790073,1.585772514,2.214833498,1.855828166,1.252194881,2.077759504,1.651059747,1.407176852,0.6701111794,0.6280070543,0.6157258749,0.3987161815,0.8935245275,0.4060624838,0.4615561664,0.6164061427,0.9685056806,1.288799405,0.8424216509,0.8788848519,1.17782414,1.418323398,2.178289175,1.253175974,1.149962068,1.626650214,1.832807541,2.582787037,1.314510107,1.16405952,1.453177929,1.334700823,1.872704864,0.8384414315,1.270846844,1.575449705,1.687209606,1.96464169,0.8290006518,1.717419505,1.990000963,2.165629387,2.028627634,1.09515667,1.493532658,1.266919136,1.667464852,1.396371961,1.037093639,0.5844053626,0.4635677338,0.3801414073,0.6342520118,0.2958623767,0.3248859346,0.1209532991,0.2465834618,0.1397853643,0.1717818975,0.09746570885,0.04345328733,0.05420534685,0.03374156728,0.02406563237,0.03141957521,0.05128382519,0.05977826938,0.07722994685,0.06700197607,0.1702822447,0.2082541436,0.3253104389,0.1952318102,0.2715376019,0.3539835215,0.3747421503,0.4996271729,0.273791641,0.4456477165,0.4662550986,0.5286095738,0.6782001257,0.2543921769,0.2693989277,0.22288239,0.2255739272,0.2017983049,0.1528366953,0.1688370258,0.05354089662,0.05696327612,0.05269228667,0.0384472236,0.01870491542,0.01334417332,takana
1.444305658,1.663972974,1.700047016,0.8695283532,3.07947135,2.109555483,1.537065625,1.177803636,1.696308374,4.041614532,2.730448961,0.9369203448,1.383809447,2.222787619,2.307936668,1.090111971,1.110859156,2.487193584,2.495804787,3.662799597,2.603466272,2.857790232,3.916018724,3.101751328,4.157083035,4.233698368,4.396537781,3.154308796,3.468214989,4.784637451,4.415852547,3.074981451,1.867270708,2.593014717,3.000059843,3.368218184,1.961926579,1.864539385,3.237670422,3.574713945,3.331868172,2.368334532,2.177281857,3.160432577,3.940408945,3.676846743,2.94593811,2.99126339,4.399199486,4.066355228,4.20845747,3.600208759,3.166394711,4.113865376,3.80435133,3.440503359,2.456512928,2.520851135,2.762830019,2.010268927,2.761027098,2.234179735,3.083930969,3.125961304,2.731699944,2.208985567,2.023341179,1.927085876,2.189062595,1.489957094,1.743566871,1.806941867,2.098562717,2.094165564,2.387622833,2.344808102,1.810379624,2.191926241,1.843427777,1.668690562,1.86514008,1.58819592,1.394213319,1.703174353,1.988307595,1.407691717,1.866122007,1.791231036,2.332453489,2.16002059,1.658110738,1.897818685,2.425107241,2.681236267,2.197656393,2.093083143,2.052726269,2.923847914,1.988498092,1.859171748,2.252468348,2.406713724,2.794955969,2.265630484,1.847547889,2.078469276,2.469259977,2.243858814,2.224348307,1.757045984,2.060802937,1.676997304,1.070361137,0.7898593545,0.8838813305,0.7209025025,0.6288656592,0.4903695285,0.5590976477,0.8751708269,1.150907397,1.18753171,1.237187028,1.364938259,1.631485343,1.920726538,1.999079585,2.328449965,2.475868225,2.259561777,2.457545757,2.372974873,2.938227177,2.294368505,2.025443554,1.788481236,1.711294293,2.049567461,1.927816153,1.800542235,1.905043006,1.588898778,1.663603544,1.168480992,1.711488247,1.899935603,1.634943366,1.599334478,1.238957047,1.401390433,1.290928245,0.9443823099,1.182010651,1.171402574,0.5073971152,0.4045698941,0.3092754781,0.5009639859,0.5634218454,0.4596949816,0.1474665552,0.112815313,0.07213003933,0.1478414387,0.0413095355,0.04461543635,0.0186546836,0.01874292269,0.02216443233,0.02079855837,0.01292846911,0.0125164669,0.02328865603,0.04437905177,0.06328926235,0.1345786154,0.1332231015,0.1094109938,0.197967872,0.2600962222,0.4160378873,0.2733635008,0.09037252516,0.2020857185,0.3875135481,0.3590124249,0.2137604952,0.1041682139,0.2310544103,0.08844801784,0.1469904631,0.1039740592,0.06818773597,0.09478798509,0.06685779244,0.05312224478,0.03767669946,0.01932083629,0.03753843531,0.03180295601,takana
0.9464893341,1.14588058,1.549488306,1.106908202,3.255624533,2.529113293,1.781007886,1.756574154,3.008550644,4.116911888,3.003604889,1.471680641,2.083354235,2.258087873,2.174512625,1.368081093,1.120504141,2.523374796,2.72354722,3.475659132,2.486856699,2.333479881,2.612056494,2.807371855,3.68550849,4.007806301,4.197897434,3.735922098,3.790332079,4.87187767,4.140527248,3.180829287,2.727327824,3.362210035,3.653839827,3.598776817,2.921108007,2.305324316,3.014228582,2.984003782,3.301634312,2.858916521,2.751303434,3.544348717,4.160059452,3.987494946,3.52009511,3.471740723,4.157945156,4.352944374,4.343998432,4.00726223,3.299158573,4.034960747,3.32102704,2.787361622,2.829654217,2.223594904,2.374990463,2.130305767,2.188707352,1.892991781,2.501971722,2.350304365,2.08038187,1.501845479,1.501271725,1.826504707,2.334969044,1.999841332,1.688037753,2.01607132,1.86152494,1.940885901,2.135149479,1.686215162,1.692919493,1.872122288,1.743631721,1.322954774,1.163683653,1.342673063,0.9099949002,1.545374155,1.147191644,0.9678410888,1.388294101,1.35364306,1.436661839,1.527698874,1.457303882,1.479063749,1.679535627,2.041201353,2.01565218,2.257485151,2.009830713,1.793235302,2.235797644,2.055690289,1.859820724,1.737112761,1.754863739,1.814314008,1.820941687,1.658349276,2.113740921,1.424530745,1.606502056,1.775294185,1.540729165,1.5982337,1.816795707,0.8950847387,1.112234235,1.102057338,0.9067065716,1.174055457,1.343612313,1.18322587,1.716817021,1.642022014,1.674898386,1.337108612,1.378292203,1.694960475,2.007781267,2.322067976,2.10852623,1.90800786,1.584065199,2.582910299,1.991838455,1.230944395,1.966372132,1.536888838,2.162167788,1.568561316,1.053501725,1.31561482,1.449195147,1.307897687,1.043611526,0.767413497,0.8148155808,0.4870168269,1.310045242,0.673825562,0.7738733292,1.064972758,0.799221158,0.948061645,0.7933937907,0.6351386309,0.5696289539,0.6349566579,1.109015822,0.8336261511,0.938171804,0.6896634698,0.4802918732,0.5145474672,0.4973097444,0.3836352825,0.3096298575,0.2113289535,0.3042043746,0.2716522515,0.1070865467,0.1519042104,0.1203550324,0.1100654155,0.1473210603,0.1418746114,0.106629543,0.1054189131,0.1509030461,0.1714145094,0.1985626072,0.1979730129,0.1781125665,0.1828033775,0.1466148049,0.2033088356,0.1369163096,0.08669285476,0.07701916248,0.1173503622,0.07652222365,0.06516004354,0.07799556851,0.08856751025,0.08513939381,0.05094489083,0.0484842658,0.06609833986,0.06250506639,0.05477317795,0.06099036708,0.03775279596,takana
0.7653114796,0.8207320571,1.361237884,1.179942489,2.790508747,2.255177736,1.540517449,1.42138207,1.709696293,3.796291113,2.477963209,1.338181019,1.568893671,2.181560278,2.169904709,1.109946847,1.046994448,2.760608196,2.807383537,3.043971062,2.038192034,2.204154491,2.80992198,2.492719412,3.276587725,3.194177628,2.89944911,4.021531105,3.484592915,4.445045471,2.880588055,3.613274813,3.003433228,2.522417068,2.660263062,2.2818048,2.905574799,2.320988178,2.996032238,2.647362947,2.662772655,2.753329515,2.464525461,2.883911133,3.172957897,3.750888109,2.878546238,3.02564168,3.651313543,3.998322248,3.70528388,2.911854506,3.179609776,3.583504677,3.111783504,2.207131863,1.849195004,1.980068922,2.132426262,1.533551693,1.4878968,1.126996875,1.938198805,2.06764102,1.155905962,1.13858819,0.9372546077,1.552429438,1.860668182,1.220100164,1.128115773,1.387431979,1.839752316,1.341338158,1.314254522,1.199271083,1.154206514,1.63955605,0.9017758965,0.9728656411,1.092341781,1.017465234,1.048440456,0.7330705523,1.056086302,1.287606597,1.310616016,1.811388254,0.9171410203,1.768190742,1.980730891,1.705990076,2.156023979,1.396037459,1.767079711,2.629914999,1.938582063,1.738480449,0.9904035926,1.932487607,2.334700584,1.145213366,0.8714532256,0.6993381381,1.243320465,0.9659848809,1.301970005,0.8306704164,0.5242257714,1.165495396,0.9601028562,0.9673394561,0.8959439397,0.613892436,1.110218167,0.414912492,0.6811112165,0.6152227521,0.7030926943,0.5417464375,0.9808674455,0.8149985075,1.052919388,0.7486528158,0.9930554628,0.829179883,1.044602036,1.387856245,1.222881556,1.114073396,0.8821946383,1.40443182,0.929899931,0.9152534604,1.261134267,0.8742281199,1.350080132,0.72866714,0.7940764427,0.60929811,1.284914374,0.8164659739,0.4858564436,0.4449419677,0.3483342528,0.2776935697,0.4363564849,0.2120709419,0.3192785382,0.4642548859,0.3666098714,0.2689807415,0.232519567,0.2169963568,0.2515774667,0.303091377,0.2090931386,0.3368128836,0.3619399667,0.3515883386,0.1978062093,0.1219368279,0.1941662878,0.2459760308,0.1322485656,0.09260318428,0.0613849014,0.06913404912,0.0541703403,0.06927928329,0.0408963114,0.06678313017,0.03559949249,0.03568725288,0.01997426338,0.03152301535,0.04485311359,0.03263547644,0.05597817153,0.04050720856,0.01830932871,0.04049783573,0.04762690514,0.0240496546,0.08037078381,0.04977376387,0.03518399224,0.054479938,0.02864570729,0.04371174052,0.0307365004,0.02154090255,0.03310488164,0.0222888682,0.01437377837,0.0137236584,0.01479299366,0.00737078255,0.01160161942,0.02088499442,takana
0.3787198067,0.5490057468,0.723059535,0.7195258141,2.032886505,1.855030537,1.311257839,1.136009574,1.435619354,3.208203316,2.807009459,1.010204315,1.102801919,1.470953226,1.397704363,0.9788648486,0.9812694788,2.056556702,2.225565434,2.39951086,2.168299675,1.493499041,2.363145113,1.961604118,3.103267431,3.963653564,3.058212757,3.759877443,3.315019846,4.234719753,4.11700058,3.463214874,2.512970448,2.25808239,3.038204908,3.315568924,2.783449173,2.022883177,2.29416275,2.665999174,3.202866554,2.43172574,2.251557827,2.421773672,3.534746408,3.899729013,2.981072187,2.590854883,3.298410654,4.161253452,4.083916664,3.141095638,2.053195477,2.71423173,3.740566254,3.412070274,2.010378599,1.793018579,1.608258963,1.657788515,2.264355898,1.021887302,0.9006317258,1.505250573,1.635127187,1.494887233,0.7828937769,1.235619068,1.132863164,1.311992526,1.42939651,1.038502216,1.464663625,0.9650250673,1.534358621,1.313233972,1.164815664,1.219589829,0.8865602612,0.9208408594,0.8548572659,1.043387532,0.592492342,0.8840422034,0.9127933383,0.9505170584,1.316037059,0.9134694934,1.438961506,1.57773447,1.547186852,1.57641232,1.112104416,1.873111248,2.0189991,2.453531742,1.942557096,1.401538849,1.242388487,2.138332367,1.590980768,0.5923290849,0.4199927449,0.6852337122,0.9927248359,1.289774537,1.05905652,0.4237674475,0.5447542667,1.258499861,1.223604798,0.9179590344,1.259917855,0.9190664291,0.8612530828,1.058391452,0.589309454,0.283627212,0.7682422996,0.8683635592,1.461727023,0.8977969885,1.000372171,0.6514702439,1.403479815,1.825454712,1.311705351,1.06096673,1.652578712,1.96156621,2.165786266,1.999770522,1.355555296,1.282390594,2.22577405,1.84968102,1.692481756,0.9277068973,1.007777452,1.571869731,1.859109879,1.436971664,0.6146714687,0.3154720962,1.075273633,0.6533671021,0.77433604,0.211791575,0.6630386114,0.8558024764,0.5260778069,0.4256252646,0.3349272311,0.2684910893,0.1892390251,0.2234365791,0.1385720819,0.1767346114,0.1709463447,0.1497897357,0.1953223497,0.1111642644,0.1485402584,0.07030069828,0.06512251496,0.0678101778,0.06897142529,0.06316592544,0.04235011712,0.05261448026,0.03589160368,0.0129533438,0.02159615606,0.03290776536,0.02171145752,0.01903110929,0.02347607352,0.04391044751,0.1521199197,0.1359579563,0.2042919993,0.1692165434,0.1355355531,0.3939497173,0.3408670425,0.3186477721,0.2108873874,0.3318039775,0.2025715262,0.3798635006,0.1847718954,0.124670513,0.06122652069,0.1515174508,0.03267496824,0.04325743392,0.03133327514,0.02198460698,0.01255399082,0.006208713166,takana
0.7780896425,0.8690411448,1.282885432,0.9041417837,3.099293709,2.051465034,1.532359242,1.083205223,1.937310815,3.996046782,2.063702345,0.9082698822,1.179745793,2.016482592,2.415044069,1.059133887,1.023312926,2.552159786,2.711813211,3.373471022,2.019873619,2.085651159,2.903069973,2.509186983,3.470308304,3.589692354,3.690197945,3.97184515,3.94334197,4.74625206,3.445020199,3.482316256,2.956806183,3.20690012,3.267633438,3.105729818,2.954108477,2.546340466,3.292781115,2.758873701,3.008983612,2.538396597,2.672977924,3.6518116,3.992768526,3.74852705,3.042098522,3.471510887,4.126465797,4.196135521,3.672686815,3.165665865,3.511841059,3.712893486,3.073485851,2.302846909,2.480811596,2.311793327,2.004884958,1.279736519,1.419388533,1.673263311,2.480400324,2.204632044,1.476558566,1.318095922,0.8892005086,1.824858189,1.642579675,1.343464375,1.270949483,1.857116461,2.123682499,1.578519702,1.416692734,1.243644357,1.636697173,1.886234283,1.197259188,0.8935505152,1.156883597,1.187514901,1.015231848,1.123973727,0.8423358798,0.96506989,1.267137527,1.201206565,1.471893191,1.684274316,1.548116207,1.772592664,1.810248852,1.74297595,1.893032789,2.036525488,2.089379549,1.738867402,1.666052699,2.021586418,1.78476572,1.490081072,1.471515894,1.008470416,1.268157721,1.416006804,1.999234796,1.277339578,1.096616507,1.605474949,1.434427619,1.393198013,1.45881021,0.4974884093,0.9204651117,0.6600312591,0.7546413541,0.7676534057,0.8189765811,0.6677191854,1.507313013,1.560421348,1.372805238,0.9113784432,1.267549634,1.857163668,1.702996969,1.840983152,1.791370988,1.599840045,1.84345901,2.224101782,1.725317597,1.250671864,2.139394045,1.706304669,1.772724032,1.288432002,1.253818035,1.345591187,1.266043782,0.9786145687,0.462859571,0.5803535581,0.7009038925,0.4150803685,0.3910223246,0.1723690182,0.4804382026,0.7105073333,0.6002036333,0.4172852635,0.5428051353,0.269916147,0.3039298952,0.464886874,0.4823710322,0.6391528845,0.3307334483,0.3349862099,0.3256760538,0.1795526892,0.221102491,0.1360006481,0.1281667799,0.07995016128,0.06980831921,0.02930244245,0.03330807388,0.05019220337,0.02870877646,0.03484269604,0.02314356342,0.02418565936,0.01841585524,0.009882120416,0.0162382517,0.01486139093,0.03075522743,0.08402107656,0.06182800978,0.03764166683,0.03018144146,0.06873524189,0.05008823052,0.06046059728,0.1027889028,0.06726608425,0.07751101255,0.07852665335,0.06225677207,0.03208113089,0.02706716582,0.01398384478,0.01235674415,0.01049477607,0.0137321027,0.01184343733,0.01254412159,0.01067940053,takana
0.4474345148,0.418379128,0.6310856938,0.6542230248,2.458906651,1.734565377,1.167003989,1.166460395,1.865339398,3.707163095,1.664945126,1.029626489,1.242891788,1.53077662,2.021082401,0.8651803732,0.8067469001,2.616554737,2.520516872,3.21038413,1.924396873,1.889815331,2.407456636,2.356161118,3.512236834,3.361498833,3.27660203,3.98280549,3.962775707,4.627398968,2.98187232,3.267529726,2.94817543,3.239411354,3.239706755,2.473547697,2.948714018,2.269669533,2.693151474,2.494317055,2.26590538,2.680224419,2.496367455,3.202749014,3.387753725,3.504169464,3.010871649,3.105526686,3.837721586,4.283721447,3.463310242,2.919101954,3.803014755,3.969341755,3.860538483,2.382722378,2.466257811,2.752697229,2.231603861,1.720422745,1.764601707,1.744106889,2.567575693,1.651339889,1.331826329,1.041821599,1.284156203,1.921590805,1.685409188,1.278589725,1.009751558,1.950829864,1.989437699,1.33977294,1.286479712,1.01036799,1.662599921,1.746203184,1.070518732,0.678455174,0.9730616212,1.23386085,0.8416420817,0.8433870673,0.5912626982,0.8808514476,1.127402544,1.104410052,0.7871422172,1.071800947,1.493121028,1.535611987,1.646396875,1.385705352,1.320421696,1.925580144,2.085876226,1.602309108,1.110808849,1.672521591,2.090388536,1.39340508,1.144097209,0.9836723804,0.8958501816,1.447286248,1.68093431,0.9614631534,0.735217154,1.006870985,1.180854082,0.8281886578,1.538753271,0.7783387899,1.191402912,1.111146212,0.7072356343,0.3384579718,1.071930647,0.6833892465,1.448904634,1.326894164,1.349320769,1.301264048,1.524626493,1.429087758,0.9325411916,1.206408739,2.130044222,1.922636032,1.782646418,1.343773365,1.409864306,1.165649176,2.14565134,1.723090768,1.571592927,1.256388426,1.347895265,1.447599769,1.699449658,1.010955334,1.060620546,0.7562400699,0.831543088,0.3856561184,0.7961806655,0.8257654309,0.7289217114,0.8837903142,0.4718972743,0.6337054372,0.728076756,0.3965704143,0.2865337133,0.4784242809,0.2418794632,0.5816805959,0.5473313928,0.3120008409,0.2904080749,0.3280470371,0.3318740726,0.2144611031,0.1486252099,0.1341116577,0.1080286056,0.1425942034,0.04953930527,0.05714402348,0.04068908095,0.0288601853,0.02278406918,0.05539159104,0.03972659633,0.03335921094,0.1239557788,0.08731853962,0.08083892614,0.1346031874,0.2104071081,0.2255538702,0.3950921297,0.5342401862,0.5334031582,0.3384311199,0.4106716514,0.4060818255,0.4199129641,0.2882673442,0.3965856731,0.230335921,0.1699085087,0.06768342108,0.04574006051,0.05602728948,0.02054653503,0.04112957418,0.01030401513,0.006167156156,takana
0.8968123198,1.079978347,1.330708146,1.167417288,3.055422068,2.448060036,1.775837183,1.336473227,1.830029964,4.163156033,3.203858137,1.127197742,1.240289211,2.251199484,2.279585123,1.408841014,1.041276217,2.617188692,2.652396202,3.496016264,2.805622816,1.806352377,2.818552256,2.436406136,3.573456764,4.643665791,3.381513357,4.268080711,3.610036135,4.767308712,4.163705826,3.569708824,3.412808418,3.092829704,3.503914595,3.68804121,3.444241762,2.398692131,3.06839776,2.712132692,3.225167513,3.295338154,2.826898336,3.488037109,3.95656538,4.124530792,3.740739822,3.235484838,4.024369717,4.419741631,4.443802357,4.29186821,3.358747959,3.733300209,3.915403128,3.297642469,3.115982056,2.415272713,2.29227972,1.940022469,2.432525396,2.114217758,2.330735683,2.749791861,2.420450211,1.690903425,1.752071381,1.521366835,2.224301338,2.019177675,1.476168275,2.054882765,2.209475756,2.15348053,2.083333731,1.583628416,1.801178932,1.833524585,1.670109868,1.447212934,1.210891724,1.400108576,1.105155349,1.338831544,0.9509621263,0.7912724614,1.226659894,1.285799861,1.187119246,1.338554978,1.324450135,1.685707808,1.600681424,1.651034355,1.690645218,2.169033527,2.237133503,1.700302839,1.536028981,1.813890457,2.27806282,1.590147853,1.048960924,1.280496836,1.375443339,1.24448359,1.194390416,1.163957238,1.324469686,1.203725815,1.568819046,1.3709656,1.924848437,1.52862525,1.788951516,1.243046641,0.967320323,1.237013459,1.806207061,1.022798657,1.478382826,1.352161646,1.680286407,1.930308938,1.981471777,1.915236831,1.615249872,2.142730236,2.921750307,2.108134747,1.656318188,1.948150992,1.694020867,1.990016699,2.406662941,1.469507456,1.737744331,1.552936912,1.75840354,0.9483186603,1.310468078,0.9961969256,0.6958534122,0.6725353599,0.664052248,0.2846622169,0.5572333336,0.367356807,0.4817558527,0.426210016,0.3781057298,0.4841553271,0.6959133744,0.4002286494,0.6760545969,0.4073523581,0.6664156318,0.7332849503,0.5314277411,0.4066624939,0.4682108462,0.3054153323,0.4372254014,0.3247132599,0.2846875191,0.2283426523,0.08901557326,0.06996403635,0.04575186223,0.07626666874,0.04912145436,0.0453874357,0.04331995547,0.05456029251,0.04628738016,0.03461199999,0.02883207612,0.03824208677,0.05816524103,0.07069413364,0.1128452122,0.1786352545,0.1316044778,0.07919964194,0.1527225375,0.1202986464,0.1036130786,0.1145023108,0.08525211364,0.0832451582,0.05448115245,0.03843628988,0.06158147007,0.03277705237,0.04120847955,0.02515664697,0.02897307836,0.03082121909,0.01393759158,0.01353777666,takana
0.6868855953,0.7968735099,0.8876161575,0.791996181,2.937514544,2.067688465,1.50579977,1.38937664,2.055882692,4.011666775,2.199518681,1.27999413,1.638151169,1.846233606,2.166356325,1.107748866,0.9465758801,2.594878674,2.901561499,3.301741838,2.021061659,1.85907805,2.775716066,2.744808674,3.641429424,3.014318943,3.30395031,3.784333706,3.400021315,4.941518784,3.360986948,3.222117662,2.282089233,2.907128572,3.671429396,3.038928747,2.744063377,2.016080618,2.79338026,3.040678501,3.105355978,2.662083149,2.342452288,3.052604914,4.113197803,3.640823841,2.637280226,3.063917875,3.623581171,4.653560162,3.446248055,2.759623051,2.838488579,4.265550137,4.41775465,2.267261505,2.122567654,2.461063862,2.144133329,2.18661046,1.551817417,0.9864345193,1.999680281,2.386849403,2.146043062,1.099030256,1.031941891,1.453114152,2.162053108,2.085959673,1.004354596,1.439687252,1.671826005,1.985881209,1.749676824,1.006266356,1.356398582,1.571936488,1.723987341,1.052350521,1.021782517,0.955565393,0.8485189676,1.375184298,0.7527043223,0.8786048889,1.09060955,1.106754422,1.380133033,1.175712228,1.486263156,1.191963434,1.641755819,1.989980221,1.879147649,2.214547157,1.501719117,1.781541944,1.975145221,1.986881971,1.582146168,1.002187729,1.527252316,1.707563639,1.433956385,1.000841975,1.272905231,1.144754052,1.399884462,1.27614367,0.9460706711,0.6442309022,1.169177413,0.6257745624,0.4631731808,0.3587300181,0.4396927059,0.7490254045,0.9994471669,0.4221199155,0.768932879,0.9986869693,1.576715946,1.572295785,1.239084005,0.9526048303,1.132369637,1.927116632,2.233566284,2.051354885,1.200680017,1.675301433,2.067750692,2.043643951,2.354649067,1.218066931,1.669499516,1.722238898,1.729284763,1.317611217,1.013079286,0.9978578687,1.10796833,0.9975163341,0.6811723113,0.2237440348,0.7629220486,0.5700953603,0.5675783753,0.4764337242,0.5219488144,0.6738094091,0.667910099,0.3501037955,0.2654557228,0.5558909774,0.4863467813,0.7763725519,0.4602891505,0.2985971868,0.4682765603,0.340800643,0.2503057122,0.1606740057,0.1043364406,0.09197144955,0.04892093316,0.07468231022,0.02945468016,0.04364766926,0.03069679625,0.0179566443,0.01014033891,0.0248410441,0.01452884823,0.0128438836,0.03411684185,0.01650390774,0.03012482449,0.01464858465,0.03698411584,0.03062743321,0.04681296274,0.07855709642,0.08548173308,0.08108723909,0.06995600462,0.04926677793,0.0414178744,0.03365219757,0.04862145707,0.02360008843,0.01461469755,0.0174028147,0.01316918992,0.01159262471,0.01101150736,0.02360309102,0.01094318461,0.008983612061,takana
0.802157104,0.9499704838,0.9890482426,0.810007751,2.894756556,2.544111013,1.664192796,1.427468896,1.958920717,4.037024975,3.483325958,1.3906914,1.68893683,2.02496171,2.00313735,1.508754969,1.358954787,2.518303394,2.543536425,3.204745293,3.033340693,1.694883347,2.682246685,2.429055452,3.42788434,4.628761292,3.748227596,4.001605034,3.403459311,4.596148014,4.383774281,3.690609694,2.866481781,2.652929544,3.430907249,3.829656839,3.200790167,2.386481047,2.547209978,2.434842825,3.213317871,3.08685708,2.537144184,2.739754677,3.775665045,4.126485348,3.996863842,2.990540028,3.641544342,4.195157051,4.346756458,4.564969063,2.750353575,3.652069092,4.321732044,3.434931278,3.209382057,1.76424706,1.72300458,1.747872829,2.779252052,2.265046597,1.692889333,2.289462328,2.22687006,1.616016388,1.588457823,1.616085172,1.82364583,2.15132308,1.897848725,2.186490297,1.850506425,1.793440223,2.038311243,1.470988035,1.641438246,1.551566601,1.473724961,1.375523925,1.426443696,1.182488203,0.7106552124,1.004730463,0.737911582,0.8328006864,1.02634418,0.8860422373,1.128521323,1.270051122,1.350649953,1.123070002,1.159861922,1.602209687,1.6381073,1.899518609,1.706822753,1.547737002,1.782244802,2.109340191,1.872321725,1.222779989,1.137018085,1.186741233,1.416617632,1.600693941,1.733220339,1.199205518,1.459529161,1.420775056,1.368025899,1.098053098,1.870703697,0.963603735,1.298916817,0.9440709949,1.146555066,1.142971396,1.387711287,0.51184237,1.202356696,1.314011455,1.58111465,1.441331744,1.537521601,1.480793953,1.55231452,2.050565004,2.211437702,1.587514758,1.253589749,2.103828907,1.835299969,1.483328462,1.95635438,1.139429092,1.875349879,1.623846889,1.658553123,1.168284655,1.35545969,1.548751235,1.256750941,1.078462124,1.019857764,0.4809916317,0.9964752793,0.7813723087,0.7438657284,0.7477758527,0.5445262194,0.5503731966,0.6982731819,0.3384016752,0.5383050442,0.5926950574,0.3155443072,0.6575446129,0.4155617356,0.3264424503,0.3812705874,0.2493029386,0.287109971,0.2924411595,0.1998391151,0.1214354485,0.08271320164,0.08818558604,0.04953305796,0.09383904189,0.05624722317,0.04169607908,0.04945328832,0.05878828466,0.03413518518,0.02716463991,0.05402857065,0.0281945616,0.1076402143,0.1093439311,0.1459187567,0.1616439819,0.2140388936,0.10713543,0.1838943064,0.4124774635,0.1989724487,0.1972633302,0.1344054639,0.1232624725,0.07112278789,0.05630809069,0.03146599978,0.02664813586,0.02629982308,0.03094723821,0.02067274414,0.0130107021,0.01483877376,0.01685415208,takana
0.9444026351,1.266368032,1.24896872,1.437627196,2.87251997,2.137495041,1.542125106,1.140826941,1.736353993,3.681820393,2.347527742,1.242126226,1.182415843,1.597586632,1.976173282,0.992847383,0.7723726034,1.82682085,2.239290953,3.021468639,1.946844339,1.80775702,2.318403959,2.329342604,3.452823877,3.367276192,3.421524525,3.717674255,3.535047531,4.865345001,3.14672637,3.203026772,2.554423809,3.191600084,3.583899498,3.060761213,2.691909075,2.183903933,2.63582015,2.708842039,2.933070898,2.379077196,2.669693232,3.356520891,3.99395299,3.573717117,3.096367121,3.107641935,3.877880335,4.518825054,3.726270914,3.276194572,3.438176394,4.353374481,3.984285355,3.017896414,2.562046528,2.775575876,2.316648483,2.04728055,2.03234005,1.281954885,2.442614079,2.431361675,1.876674533,1.191549063,1.121446609,1.640419602,2.250070095,1.766177297,1.237356186,1.771468759,1.777419209,1.515415668,1.603301883,1.198932052,1.450371623,1.861763,1.623295665,0.9531432986,1.157689929,0.94256109,0.8390011191,1.034512162,0.657230854,1.000233412,1.029719472,1.271182895,1.120060682,1.260473847,1.577733278,1.500974655,1.730186224,1.65623796,1.92592144,1.719892263,1.993234634,1.95163095,1.948972106,2.238871336,1.409332156,1.217793107,1.691618562,1.455087185,1.283466697,1.084224939,1.901018739,1.496712565,1.269169927,1.748335481,1.396502376,1.390978336,1.989212632,0.7440473437,1.237271905,0.7927126884,0.9427657127,1.041499257,1.186355948,0.6582080722,1.35441196,1.809813619,1.96265316,1.275170445,1.884234667,1.38101697,1.534426093,2.158911228,1.992901206,2.264001608,1.923078537,2.608358383,2.184850216,1.656803966,2.054827213,1.67559123,2.142605305,1.700456023,1.473194361,1.189200878,1.955528736,1.628778577,1.186214805,0.8137543797,1.193191648,0.5584548116,0.871943593,0.8186552525,0.4984555244,0.7454081774,0.5545611382,0.5582949519,0.3598604798,0.3004077375,0.2417875677,0.4525142014,0.341589272,0.4677710831,0.2924746871,0.3060202897,0.4641517699,0.2561576068,0.3189460635,0.2793469429,0.2392678559,0.1620412916,0.108191967,0.05889968574,0.07143416256,0.1129790619,0.06081049889,0.0967829451,0.07885525376,0.06922291964,0.06514068693,0.06454510987,0.05334050953,0.1097212061,0.1488118768,0.1998604536,0.2102800459,0.2994032502,0.4277814925,0.4796229601,0.4216892719,0.5513823628,0.2403678745,0.6107418537,0.4959391057,0.4390788674,0.4656820297,0.1553094536,0.1526402682,0.1291899532,0.09000583738,0.04455211014,0.03377391025,0.0316154249,0.02232954465,0.01765370928,takana
1.140126586,1.48325038,1.721906066,1.58917594,3.899081945,2.80277276,1.996435165,1.636753678,3.464519262,4.653395653,2.787374496,1.59782362,1.976921678,3.125618935,2.943814993,1.382639289,1.475524664,2.690956354,3.306026936,4.020758152,2.665345669,2.513970852,3.127948523,2.867819309,4.196721554,3.942469835,3.875514984,3.943065166,4.094238758,5.150858879,4.015142918,3.947438955,2.581807137,3.468625307,3.51585412,3.542508125,2.502883196,2.593756676,3.297038794,3.520684958,3.569393635,3.266369343,2.799476147,3.914249182,4.107935905,3.953811884,3.511907816,3.418770075,3.923749685,4.121686935,4.279872894,3.495685816,3.781529427,4.590958595,3.437009573,3.022595167,2.461155653,2.335015059,2.392716408,2.446559668,1.860453725,1.997804642,2.504392147,2.236940384,1.499121189,1.750830412,1.687268496,2.305755377,2.4095788,1.674382806,1.681618452,1.959413528,2.06490922,1.949033976,1.796234965,1.63305819,1.718953848,2.134237289,1.917300582,1.357147217,1.411567926,1.329199195,1.642584562,1.311944366,1.475217938,1.390729547,1.453480721,1.933883071,1.602619171,1.623289347,1.558432341,1.644105196,1.749444246,1.690435767,1.691586256,1.401377559,1.553715348,2.202168941,1.847146153,1.723968983,1.126216412,1.022406101,1.029195547,1.170085549,0.5705724359,0.955962956,1.905219078,1.732046008,1.469543457,1.360220075,0.9743472338,1.687482834,1.7466048,1.509705186,1.486391664,1.568518162,1.998969078,1.703526378,1.548111439,1.241883278,1.03964448,1.436533928,1.347197294,1.270594835,1.075010777,0.7268899679,0.6373660564,0.2451405376,0.4028172195,0.3701283932,0.8806958795,1.172667146,1.165436387,1.156026125,1.262823939,1.549006581,1.577786922,1.253233314,1.41141665,1.273408055,1.208403707,1.157740951,0.7266027331,0.5526205301,0.5128343105,0.5812339783,0.4580001533,0.3858192563,0.2495058179,0.5507699847,0.5728150606,0.3595298827,0.5184080601,0.5420253277,0.4980818927,0.8058841825,0.7694507241,0.6297529936,0.4593273401,0.5384626389,0.5957789421,0.4156582952,0.3131495416,0.2159836739,0.1992310435,0.3017399609,0.1883655638,0.1537567228,0.1449237913,0.1370775402,0.1281269491,0.1533340365,0.1198925748,0.06759256124,0.04343753681,0.04844080284,0.06173332036,0.04294132814,0.04663540423,0.04890387133,0.03156615794,0.02351095527,0.03234222159,0.05648032203,0.04762959853,0.04732987657,0.02351325564,0.03835239634,0.03064919636,0.03738187999,0.0378587842,0.00923206564,0.009113384411,0.02665431798,0.02233140729,0.01654430106,0.02832537703,0.02559732273,0.04090160131,0.04220074043,takana
1.567698479,1.299315929,1.967929721,1.367889643,3.764038801,3.363573551,2.072508574,1.645793557,2.61276412,4.331397057,3.932796478,2.051659822,2.08083415,2.877305508,2.162325144,1.95352757,1.425850391,2.329116344,3.36003089,3.01439929,3.679442406,2.572634697,2.702675343,2.976336956,2.982338905,4.588507652,2.932101965,4.011209488,3.715295315,3.647907495,4.589926243,3.755857468,3.146664619,2.893815279,2.099453211,3.115895987,1.895807624,2.912905216,2.459914923,2.624811411,3.257484674,3.654515982,2.966089487,2.468949795,2.590132236,3.325350046,3.842641115,3.128014803,2.690712214,3.052700996,4.059055805,4.00799799,2.702661514,2.227684975,2.894414663,3.93889904,3.443933249,1.879758,1.506532073,1.854180455,1.933777928,2.32866478,1.200743675,1.067805886,1.921851158,2.293418646,2.104287148,1.393522739,0.7386409044,1.443300486,2.092352152,2.207710028,1.208006382,1.063836455,1.808989167,1.989053965,1.897097468,1.282178164,0.9346887469,1.272908688,1.471991301,1.594084501,1.010593653,1.17286396,1.391036868,1.424320817,1.455988526,1.24151969,1.294792652,1.310846448,1.617003202,1.82868731,1.416609526,1.640438676,1.346513748,1.365668654,1.507505774,1.542096853,1.764814019,1.113875866,1.096370816,1.026648998,0.8165351748,0.4590724409,0.3383255601,0.7087923884,1.636203527,1.690842867,1.544395566,1.616492271,1.499717712,2.024916649,1.835455656,1.576485872,1.199850559,1.555045485,2.028659344,2.040457726,1.808273792,1.151849151,1.451367736,1.247601628,1.187099695,1.072646976,0.6738168597,0.5994777679,0.6372398138,0.4367270768,0.3668187559,0.4009329975,0.8054149151,0.9450739622,1.162068844,1.225061417,1.045552611,1.231955171,1.560901642,1.631866932,1.828129053,1.405102611,1.135555148,1.430089355,0.9167746902,0.8969216943,0.6234463453,0.6249250174,0.6468120813,0.7500374913,0.4941897988,0.9706776142,0.7486489415,0.385830909,0.8479400277,1.011110067,0.6385014057,0.6724902987,0.5807286501,0.8888258338,0.8469121456,0.8052483201,0.4812194407,0.5364647508,0.6459392309,0.3310288191,0.3430010974,0.3304721117,0.2658889294,0.2366780937,0.2648592591,0.1436502337,0.1420182586,0.2262813151,0.1198032051,0.1146650389,0.07312338799,0.1285781562,0.09283096343,0.09793270379,0.1337843239,0.1831817329,0.1375235021,0.1050940678,0.1041847467,0.08363648504,0.08279737085,0.06049034372,0.06576936692,0.05671738088,0.07241714001,0.03394109011,0.01338663325,0.01119530667,0.01216284651,0.04463589191,0.04060145095,0.01545406226,0.02372989804,0.03724899888,0.01204796974,0.03826490417,takana
0.5992908478,0.7723339796,1.135609508,1.104538798,2.896237135,1.969428301,1.489809752,1.614690542,3.073868513,3.803413153,2.062270641,1.662438393,1.879858017,2.537649393,2.125150204,0.9913167953,1.02841258,2.018222809,2.786669254,2.937345266,2.387541533,2.848214865,2.817750692,2.755692005,3.294959307,3.232907534,3.526682615,3.730579615,4.07232523,4.566429615,3.403461218,3.694258928,2.665972948,3.379693747,2.705905199,2.866364479,2.016048908,2.291274548,3.032087564,3.383705616,3.030847549,3.035915136,2.924123526,3.682834864,3.538846254,3.00685215,2.782692671,3.353285789,3.898791075,3.948863745,3.111007929,3.367499352,4.354598045,4.515954018,3.162666559,2.606622696,3.00726366,2.700801373,2.674261093,2.016927481,1.206426978,2.432679415,2.256203651,1.849541426,1.460678458,1.656755567,2.047938347,2.221504688,2.060878992,1.441294074,1.6383425,1.695331454,1.770967722,1.65209496,1.441084504,1.703560114,1.923746228,1.818258286,1.471692801,1.130113125,1.216327786,1.301350594,1.332020164,1.079388738,1.200830102,1.410470963,1.595403075,1.603711486,1.105578423,1.273287892,1.716303706,1.825952768,1.5047189,1.375927091,1.484115362,1.517823696,1.662452817,1.92149961,1.566064954,1.499325275,1.245282769,1.383664846,1.143750072,1.004089236,0.6714172363,0.9473706484,1.407209396,1.290908694,1.335772514,1.287783742,1.287356019,1.249736428,1.633132815,1.250680089,1.165695906,1.597823977,1.26163137,1.724086523,1.570087075,0.9560390115,1.458959579,1.06195116,1.34805429,1.148994565,0.9544402361,0.7324367166,0.6428720951,0.4093728065,0.2630310953,0.5621302724,0.6159814596,0.8250409365,0.9715466499,0.7736102939,1.173875332,0.9396170378,1.182860136,1.072671413,0.7232437134,0.9869241714,0.8069905043,0.9236485362,0.3859475553,0.3224363327,0.2964064777,0.3872374892,0.2238761336,0.2007079571,0.1319077909,0.3085876703,0.3094367385,0.1566054523,0.3208675385,0.3695481122,0.3488211036,0.5327373743,0.4038277566,0.4595760703,0.4273009002,0.2530012429,0.3593467474,0.1939341277,0.2309947014,0.09862108529,0.09054657817,0.1863722801,0.0911641866,0.04681383818,0.03643729538,0.04055513069,0.1251672059,0.04634068906,0.0166643355,0.03838115558,0.04931662977,0.04815706238,0.05936411023,0.01386121009,0.04221217707,0.04346463084,0.05483298376,0.04500908032,0.05617078394,0.07361943275,0.04367280006,0.02519755252,0.03718953207,0.0266632773,0.02266100794,0.0105156498,0.007336293347,0.005669757258,0.005913810339,0.01244809385,0.007668409962,0.01252830029,0.01489857119,0.01268910896,0.008703689091,0.01394951344,takana
0.6635770202,0.5553806424,0.8036370277,1.100802541,2.457423449,1.952664733,1.36726737,1.131163955,1.852521658,3.385418415,2.686656475,1.269391894,1.229143143,1.651599646,1.445138216,1.152113438,0.8903546929,1.960303307,2.291953802,2.770403624,2.359400749,2.471397877,2.389353514,2.526719332,3.366455317,3.681348562,3.739830494,3.441526175,3.249577284,4.33650589,4.123366356,3.57104516,2.146229744,2.555553436,3.023705244,3.355729818,1.603774309,1.672431469,1.952313066,3.493227005,3.071263552,2.250896215,2.176757574,3.409147978,3.755676746,3.480634689,2.712318897,2.551903486,3.412320852,3.675697565,4.250629425,2.956665516,3.225706816,4.351909161,3.874526739,3.591915846,1.969365716,2.089464188,1.479130268,2.541429281,2.240046501,1.754734516,2.047254324,1.930588484,1.329999208,1.581382155,1.460587621,2.034859419,2.127974272,1.729753613,1.829214811,1.392833233,1.385252953,1.397188902,1.714518905,1.59489572,1.540949106,1.417363048,1.629920125,1.568869829,1.032461524,1.316317677,1.107309937,1.270486593,1.484389663,1.302557111,1.612082362,1.560820937,1.788959622,1.602466464,1.65814364,2.062752724,1.742542386,1.907324433,1.57476747,1.586824536,1.590957999,1.904914141,1.668026328,1.228173375,1.152839422,1.279045343,0.7811942101,0.7383636236,0.4792357683,1.13479948,1.421971917,1.408064604,1.629061222,1.691548705,1.835872531,2.043617964,1.968570471,2.063882589,1.831100702,1.823782086,1.69781518,1.403813601,1.969320416,1.339257598,1.708213568,1.491628766,1.325590372,1.617345095,1.26994586,0.9650719166,1.146034002,0.5324252248,0.5516220927,0.6344538927,1.107470393,1.271237254,1.232174277,1.543286443,1.366586447,1.576690674,1.818992615,1.415491223,1.743864298,1.304218292,1.103565574,1.359042406,0.5742817521,0.5614866018,0.4360301793,0.530611217,0.3785467148,0.4040668607,0.358808279,0.6482999921,0.5557625294,0.2364404947,0.3235575557,0.4612993896,0.2653629482,0.3522807062,0.5850304961,0.4224232435,0.4721378982,0.3352058232,0.2496472448,0.1296339333,0.1530571729,0.05762089416,0.0733294189,0.1202505901,0.08286293596,0.03242968768,0.05645690486,0.04511223733,0.04226093739,0.04400286451,0.03095271438,0.03458939865,0.03857922927,0.07175438106,0.02898992971,0.07335130125,0.09747922421,0.0496577397,0.1150680855,0.1152680293,0.2322721481,0.1333363354,0.2010820806,0.1077606454,0.07128106058,0.1392572671,0.1031415388,0.04636304453,0.03687109798,0.01567158662,0.0194033701,0.0127306208,0.01824226603,0.009651253,0.01165534742,0.02721722424,0.007193370722,0.01429352816,takana
1.026134133,1.295379758,1.3616153,1.062129855,2.787840843,2.84501791,1.551753879,1.418703556,2.198127031,3.528441906,3.707936049,1.423728228,1.258321524,1.482034326,1.202311873,1.846538901,1.201051474,2.108590126,2.42609787,2.245541573,3.801450729,2.796470881,2.258903742,2.113785028,2.656557083,4.291199207,4.090587139,3.508580923,2.935685873,2.910790682,3.977636814,4.361344337,2.232643843,2.114722967,2.42555356,2.887803316,2.423766136,2.17054224,2.31012845,3.165806055,3.151892185,3.26781559,2.597002983,3.299984694,3.1495924,3.252672434,3.858440638,3.925620556,3.245656967,3.479696751,3.839112282,4.063375473,4.031455994,2.82092762,3.105701447,3.885224581,3.873117685,3.184934855,1.654778481,2.009816647,1.242604256,1.517626286,1.784008384,1.262953281,1.77891016,2.193437099,2.111676216,1.982988834,1.541381478,0.9745529294,1.392037511,1.543921351,1.412709832,1.312542081,1.426566005,1.508732319,1.794380307,1.367467403,1.289539218,0.8812032342,0.8760447502,0.8999295831,1.053637624,1.1795156,1.009122849,0.9933038354,0.9398546815,1.47538209,1.683995724,1.349458218,1.384138942,0.9268003106,1.540090322,1.411191702,1.28368628,1.159513831,0.9332297444,1.243314266,1.125784397,1.045396686,0.5135327578,0.3284105062,0.2486317754,0.2241936177,0.1993918568,0.3051506877,0.7486883402,0.6803240776,0.7687753439,0.907974422,1.00998199,1.318852544,1.484140873,1.226778865,1.333909988,1.339827657,1.128746748,0.7763257623,0.9464544654,0.8145210147,0.9471391439,1.081895947,0.9374880791,0.8829623461,0.6826860309,0.8737219572,0.4056043625,0.3310960531,0.1610045284,0.1716327369,0.9326978326,0.7356514335,0.9338985085,0.8334735632,0.8564149737,1.322222471,1.034834385,0.8196495771,0.6982247233,0.5852742195,0.4267282486,0.6143092513,0.2864876986,0.1853182465,0.1684726924,0.06702720374,0.1027002186,0.1018566415,0.0406095013,0.1467186362,0.1156157404,0.09246245027,0.1780145466,0.1208249852,0.1520940512,0.1894931793,0.2233840376,0.1903233677,0.1718632281,0.1593967825,0.1445328593,0.1201933175,0.1277292967,0.1024702564,0.07773131132,0.09412698448,0.04730033129,0.05907125399,0.04416259006,0.02538794465,0.02597342804,0.02013880759,0.01501129195,0.02562921122,0.008373016492,0.009454409592,0.01139821578,0.0122447852,0.03858312592,0.02100305445,0.01688622497,0.02766206674,0.04072299972,0.03735364601,0.0282919649,0.01900391839,0.01349829882,0.01583244093,0.01602350175,0.007891671732,0.004389145877,0.002904003486,0.003770861309,0.009842057712,0.009583526291,0.003857339267,0.005331977736,0.009755276144,0.008883581497,0.01342259441,takana
0.7772659063,0.9817767143,1.18955195,1.224978805,3.403479815,2.152723074,1.601529956,1.756178856,3.472112894,4.23825264,2.723236561,1.89069128,2.32271266,2.979716301,2.353382826,1.047896028,1.01972127,2.587410927,3.037002325,3.247533798,2.788073301,3.173331022,3.049741268,2.514278889,3.575808525,3.894170046,3.646811962,3.347568989,3.506167889,4.684353828,4.262604713,3.627457857,2.606820107,2.570556879,3.078794479,3.202052593,1.376038074,2.17955327,3.101810455,3.74758625,3.193407059,2.855008364,2.40647006,3.555016994,3.532534838,3.630680561,3.090339661,3.351462126,3.744402409,3.716648817,3.991512299,3.159561396,3.699030161,4.152335644,3.388044596,2.865341425,2.661956549,2.813647747,2.217340469,1.666260242,1.498310089,1.680677891,2.158922672,2.163495302,2.015141249,1.926103354,1.670874596,1.98521781,1.956850052,1.709523201,1.697298527,1.782150388,1.849667549,1.913115859,2.041024685,1.715257168,1.752251983,1.593660474,1.886713505,1.540758014,1.306173921,1.206760049,1.319222093,1.468105793,1.480772734,1.383858323,1.426259398,1.760191441,1.606467724,1.730942249,1.591571569,1.66149044,1.73238647,1.480555415,1.579457998,1.556120634,1.654325724,1.883429289,1.452305436,1.371645689,1.46684134,1.285753846,0.9708430171,0.7134877443,0.4313994646,1.168618321,1.861896873,1.790964484,1.85286963,1.970169544,1.581878185,2.004595041,2.052290201,1.890467763,1.423360586,2.003234386,2.004659653,1.958723068,2.207943439,1.226820588,1.400046468,1.635179639,1.437271237,1.624842167,1.114978433,0.8532220721,1.023805976,0.6572552919,0.685718894,0.4781069458,0.7538639903,1.202244282,1.134163022,1.384699464,1.440754533,1.581638098,1.804680228,1.44527328,1.540031791,1.677722812,1.184091687,1.489866972,0.4707056284,0.5319929123,0.9379270077,0.6168121696,0.5185717344,0.801720202,0.494587779,0.9046443701,0.979966104,0.4810936153,0.9717319608,0.805118084,0.6417344809,0.6242912412,0.7126939893,0.8105298877,0.4876798987,0.4152166545,0.3143170476,0.3230690956,0.4112786949,0.1209301427,0.1223709509,0.1460400224,0.09267409891,0.05653842166,0.03811559826,0.03644431755,0.03912825137,0.04582582787,0.02363338694,0.02924627624,0.0222380776,0.03653018549,0.05882501602,0.0172218252,0.02320164815,0.01267622411,0.02256426588,0.02727642469,0.02420384996,0.01540532708,0.008861794136,0.01515882835,0.01444608998,0.01152371801,0.005412720609,0.01219284721,0.004373012111,0.006853136234,0.004894254729,0.007066081278,0.01258020755,0.006632131524,0.01134181581,0.01496902481,0.008962760679,0.01197717618,takana
0.693077147,0.5661191344,1.079808831,0.8447342515,2.772718906,2.453698635,1.856065035,1.669794679,2.274382114,3.62391758,3.108653784,1.398953557,1.524425149,1.960713744,1.641087413,1.325588822,0.863927424,1.720092773,2.789688587,2.632465363,3.006623745,2.465338469,2.700036764,2.112067461,3.178227425,4.220188141,3.725055456,3.618919611,3.125856161,4.390265942,4.286827564,3.694526434,2.493721008,2.378161192,3.034123659,3.378941059,1.889536619,1.789075851,2.252935886,3.361760616,3.161010981,2.954871655,1.792998433,2.870169878,3.673602104,3.318716526,3.304487705,2.421335936,3.255481958,3.794635534,3.77164197,3.284114361,3.163765669,3.995419502,3.955825329,3.453226328,2.70338583,2.31943965,1.880853176,1.765338302,1.599808812,1.859835505,1.66125977,2.115218401,2.100471735,1.644313693,1.629531503,1.501321554,1.934511662,1.81088829,1.812464714,1.472829819,1.194102883,1.646468401,1.82173121,1.601830602,1.493431568,1.045547843,1.607795835,1.547564268,1.20955801,1.11858809,0.9061208367,1.017477512,1.272454858,1.338936925,1.097854137,1.279372931,1.534597874,1.244495034,1.687930107,1.438371301,1.409074426,1.727774978,1.238980293,1.661161423,1.261614323,1.874839902,1.582452178,1.444034815,1.011302233,1.109712601,1.010445714,0.5908945203,0.4501359165,0.6815751791,1.565955043,1.627563477,1.826576471,1.771626949,1.274837732,1.594984651,1.911521077,2.013953447,1.631578207,1.647602916,1.73415792,1.96617043,2.005740404,1.333469033,1.139025927,0.8338417411,1.163080215,1.28744936,1.039254546,0.6412220001,0.5004022717,0.4132497013,0.4661960006,0.3450270295,0.5101311803,0.6825197339,1.00272274,1.090478659,1.245492935,1.132517815,1.549369216,1.530858636,1.430108666,1.247313857,0.9483221769,1.470093727,0.7594524026,0.5133650899,0.586342454,0.7542300224,0.6989405751,0.8439318538,0.4864994287,0.6112862825,0.8152299523,0.5321141481,0.744148016,0.9024070501,0.5333788991,0.7858979702,0.7710390091,0.6234195232,0.2747365236,0.2230596244,0.1826337427,0.1450264752,0.1537739933,0.06552053243,0.0513426289,0.08659716696,0.04593104869,0.04445918649,0.02730480209,0.02746820636,0.0170363877,0.02112944424,0.01200055797,0.01406577509,0.0135824075,0.01485782489,0.03335522115,0.03577043861,0.04480294511,0.03009253554,0.03824992105,0.04091918096,0.02869344316,0.04514033347,0.02843237668,0.01376153622,0.01717500761,0.01168153901,0.01789710857,0.01126315352,0.004999127239,0.004025648814,0.003086628392,0.008825011551,0.0161716342,0.00747245457,0.00438536983,0.006682871375,0.007088104263,0.007887577638,takana
0.4305675924,0.7012807727,0.8898507953,1.046121716,2.442934752,2.460450888,1.726524949,1.345044017,1.652753592,2.944343328,3.068111658,1.315680027,1.120106816,1.642512918,1.191745758,1.386532068,1.00477767,1.998395085,2.492503405,2.408792496,3.386070728,2.482593298,2.494072914,2.202130318,2.78207612,4.426696301,3.560468197,3.44415617,2.964523792,3.374724627,4.361567974,4.007517815,2.351246119,2.281337023,2.357946157,3.38058877,2.035650015,1.980206251,1.991576672,3.280293703,3.006670713,3.177044153,2.189234734,2.923318624,3.455882788,3.227914572,3.779156685,3.078543901,3.085070372,3.154704809,3.97487545,4.036840439,3.775590181,3.071025848,3.023050785,3.700938225,3.58651948,2.756182194,1.558894038,1.842507005,1.576449871,1.900813699,2.072660446,1.131995797,1.851266265,2.441286802,2.32380867,2.032855988,1.188717365,1.342422247,1.900460005,1.937350988,1.774822831,1.266282916,1.637472987,2.080218077,1.99014616,1.676281571,1.338099718,1.400279045,1.125257373,1.280660629,1.210176706,1.359015942,1.51936686,1.443420887,1.441032648,1.604066014,1.905241489,1.691231728,1.536860824,1.684036493,1.751132607,2.043856621,1.517944455,1.607539773,1.569002151,1.790952086,1.444477201,0.8916137218,0.6037217379,1.175665975,0.7389463782,0.5579611063,0.3684926331,0.6620607376,1.432792306,1.322884679,1.722172737,1.676514506,1.389960885,1.978598237,2.153009176,2.107066631,1.700999856,1.873305082,2.018074036,1.745165348,1.907498837,1.518465877,1.527309179,1.640678644,1.61992836,1.675162435,1.393821955,0.763843298,0.8432180285,0.552241087,0.5867681503,0.3356572986,0.7797451019,0.9040680528,1.210158825,1.230866909,1.599682689,1.238868356,1.645843148,1.454820991,1.551389694,1.733486652,0.9123809934,1.598584414,0.895614624,0.6740495563,0.848652184,0.7587073445,0.8748414516,0.7074477673,0.647597909,1.30720973,0.7994542718,0.7746812701,0.7679740787,1.188888073,0.6305000782,0.43838346,0.8318207264,0.5334530473,0.3754575253,0.3732793927,0.3166651726,0.2421202809,0.2086301446,0.1113234833,0.07381312549,0.05998343229,0.09097716212,0.08523548394,0.0943749845,0.04742436484,0.04552640393,0.08830169588,0.05122612789,0.06879004836,0.04998962209,0.05858419836,0.06491541862,0.0914113149,0.05657171831,0.04614552483,0.05089182779,0.05092580244,0.07696714252,0.04919950292,0.04656811804,0.03141691163,0.02991209179,0.04974801838,0.05665761232,0.02229539864,0.01425705012,0.005323191639,0.0077385162,0.008001782,0.01911536045,0.009719654918,0.01531957462,0.02180906013,0.01414844394,0.01291754656,takana
0.7609034181,0.7351914048,0.9902736545,1.114548326,2.937558651,2.21263504,1.60051775,1.408751369,2.83975482,3.98681736,2.715701818,1.440521598,1.457675576,2.537325621,1.820008278,0.9111922383,1.212702632,2.269285202,2.606096506,2.967300653,2.417129517,2.879189968,2.323716879,2.366525888,3.572573662,3.891817808,3.721796989,3.335359097,3.545428276,4.91936779,4.365543842,3.299604177,2.308779716,2.477779865,3.387736082,3.309644699,1.6507653,1.951162696,2.695546865,3.656223774,3.115980148,2.908222675,2.452944994,3.727922916,3.765069962,3.518371105,2.768289328,3.320237637,3.697813749,3.986171246,3.911318302,2.49835062,3.760979891,4.049507618,3.915291309,3.312710285,2.616520643,2.681449175,2.298259258,2.296169519,1.842587709,1.412009478,1.912708402,1.968091488,1.89645648,1.702287912,1.373936176,1.220596552,1.272345781,1.72902751,1.566463113,1.535690069,1.41233623,1.427893877,1.992204547,1.372827411,1.21170032,1.015379548,1.511658907,1.351403594,1.178134441,0.8217585087,0.8148973584,1.182199955,1.341262221,1.430737019,0.7419084311,1.35731113,1.296818137,1.598059654,1.823533893,1.432823062,1.517830133,1.325288892,1.43394959,1.522673368,1.345754623,1.414826632,1.352020502,1.226400137,1.14302516,0.8204432726,0.3760042191,0.4775370359,0.2609574199,0.5891305804,1.127549171,0.7878895998,1.294004679,1.343942046,0.638718605,0.60829252,0.6540983319,1.533295393,1.239702821,1.174124599,1.083068132,1.180614114,1.368772864,0.7770394087,0.7077022195,0.7680939436,0.8775927424,0.9544221759,0.7608664036,0.587710917,0.5153779984,0.2989289165,0.2732859552,0.3539887071,0.6153347492,0.6322946548,0.6882472038,0.7514774799,0.8994202614,1.187188864,1.255469561,0.7279728651,0.7206608653,1.095628619,0.6804137826,0.7134905457,0.163635239,0.2318039984,0.4903785586,0.4714552164,0.1906499416,0.1444291323,0.1656208783,0.2545736134,0.1732174754,0.06681793183,0.3120655417,0.2658956647,0.1342417151,0.1139216125,0.1976264864,0.1831890345,0.1318667531,0.1359205693,0.1134981886,0.1389494091,0.056831453,0.05235157534,0.05217276886,0.1283300221,0.06928724796,0.09990958124,0.1387726963,0.06031503156,0.04550872743,0.07368144393,0.03400469571,0.04225374013,0.09134709835,0.0391693078,0.03396077454,0.04680424184,0.05895094946,0.03868286312,0.02909947187,0.02747065201,0.05215798691,0.04161677882,0.027684398,0.02146664076,0.0476247929,0.03165898845,0.02656835131,0.01327800285,0.009575796314,0.01400712784,0.01131292712,0.01300953608,0.01536525507,0.01402711961,0.01631583087,0.02528387308,0.01787399128,0.02362424694,takana
1.167717218,1.59498167,1.16145885,1.413999677,3.741885424,3.233715296,1.676255584,1.888225675,3.508487701,4.389744282,3.914473057,2.232680798,2.466832638,3.064139366,2.345750809,2.22971797,1.538349867,2.725878,3.303849459,2.755936623,3.724536896,2.713866711,3.290295362,2.565884113,2.934210062,4.708127499,3.863396168,3.777973175,3.152081251,3.595720053,4.833622932,4.120636463,2.895578623,2.922667742,2.488130808,3.769915581,2.102590084,2.101258278,2.433724642,3.433886051,3.769594193,3.575479031,2.532836199,2.668710947,3.702945948,4.025979042,3.764932871,2.799361706,3.290697336,3.938398361,4.527727604,4.158996105,2.952860117,3.557244301,3.395766497,4.140009403,3.493579149,2.85542798,2.231875658,2.228679657,1.738889098,2.442331791,2.184199333,1.618402362,2.187500238,2.741481066,2.547017574,1.79826653,1.634326816,1.36649096,2.186280727,2.463599443,1.490718365,1.675989985,2.028296947,2.342811346,2.507644415,1.71294415,1.396456838,1.667797327,1.699783564,1.795529485,1.280548692,1.062517166,1.51255846,1.692029238,1.906072021,1.525449991,1.735040069,1.621771693,1.760297298,2.090629101,1.836556196,1.757088423,1.634287119,1.903647304,1.84276557,2.297522545,1.782325506,1.618995309,1.318653703,1.571456194,1.447836518,0.8799510598,0.5853984356,0.745187521,2.183666468,1.828237176,1.290351629,1.367693305,1.282176614,1.973408222,2.249269485,1.40130496,1.220350623,1.777019024,2.035331011,2.006517887,1.650692105,1.005899787,1.171355724,1.544402242,1.61120522,1.319971681,0.9040386081,0.5535254478,0.7353463173,0.3478437662,0.418725729,0.4383433461,0.5897419453,0.9463599324,1.085847497,0.9201651812,1.175864458,1.13721621,1.621307969,1.293883562,1.359658003,1.118360639,0.8570936322,1.109489799,0.7108299732,0.4106147289,0.4217416346,0.5819346905,0.6564388871,0.5109059215,0.4224343002,0.4704400897,0.6666551828,0.4840713441,0.6349649429,0.6262684464,0.6022652984,0.9347788095,0.6890803576,0.5750054717,0.4772841036,0.7914606333,0.4427002072,0.3704134226,0.3214767873,0.1901067048,0.2145564556,0.1963171959,0.1233408228,0.1164032519,0.1231748164,0.05865855515,0.05357763171,0.05860627815,0.0463793762,0.05844780803,0.03411141783,0.03453934938,0.055614952,0.05014329404,0.04495028034,0.0420316793,0.03114192002,0.05639135092,0.05833877996,0.02643064968,0.02875478752,0.02183554135,0.01778887399,0.02156918682,0.01051867753,0.007769777905,0.005911366083,0.004854075611,0.003201439511,0.004664129112,0.003017183859,0.003641712479,0.002761397976,0.00512567535,0.002584141213,0.006796512753,takana
1.256736755,1.68504405,1.450085998,1.313749194,2.405709028,3.736123085,1.830947161,1.48177588,1.907073379,3.752653599,4.555840015,1.749962211,1.42449224,1.509676337,2.37361002,2.34343791,1.850186586,2.182854652,2.832077742,3.59437108,3.508927584,4.07872057,2.358525991,2.017975092,3.518845797,3.432777643,4.816282749,3.257571697,3.192876577,5.06629324,3.21796608,4.483394623,3.913565159,2.021705627,3.694841862,2.954236507,3.517975807,3.406922579,1.887199402,3.354138613,2.839097738,2.87518549,3.310149431,2.022870779,3.753038883,2.466867447,2.929533243,4.463816643,3.874623537,4.231668472,3.155988693,3.678000927,4.720806122,4.033494949,2.776685238,2.072871685,2.42065382,2.895228863,3.205269575,2.009142876,1.767835855,1.117094874,2.307623625,2.870787859,2.077337265,1.443912387,1.26696682,2.244602203,2.971642733,2.407761097,1.549068451,1.868942976,1.667384863,2.623139858,2.931825399,1.795658469,1.830576181,1.730727315,2.288997173,2.45060277,1.649732947,1.386876464,1.23340261,2.057366848,2.253031492,1.48277247,1.375503302,1.142741203,1.880598545,1.933146238,1.937771797,1.349098444,1.130022526,1.986578822,1.872441292,1.953898311,1.224388957,1.47959435,2.365162134,2.203409195,2.372879744,1.802860022,1.532344937,1.944613099,2.137583733,2.423387289,2.195354939,1.145343304,1.251206279,1.753322363,2.198585272,1.896829367,1.365396976,1.204734683,0.9336438179,1.290864468,1.503365517,1.719558597,1.235086441,1.3712641,0.7625499368,1.107218623,0.9649639726,0.8428310752,0.71244663,0.806638062,0.6897449493,1.605554819,1.813491583,1.022024035,1.05316925,1.892923474,1.778851032,1.490860224,1.399010062,1.383672357,1.339596748,1.030145288,1.137335777,0.5389406681,0.8274979591,0.6804073453,1.099555731,1.546998739,1.301379681,1.025221467,1.430528045,1.348884344,1.576701522,1.609812021,1.633525491,1.806543469,1.797297955,1.451323748,0.855156064,1.07341969,1.226112485,1.045178175,0.8468820453,0.6930859685,0.7351709008,0.8065847158,0.9876376987,0.8097786903,0.5341953039,0.4520172477,0.2797831297,0.9543337822,0.5463315845,0.359198004,0.3212846518,0.335526228,0.638297379,0.5497777462,0.3143055737,0.4780336022,0.3584346771,0.4894627631,0.523162663,0.7146152258,0.7100474834,0.6382007599,0.5491632223,0.3468037248,0.2878349125,0.1466951817,0.1400188059,0.1381956935,0.1049370766,0.1113604903,0.05780284107,0.02737899683,0.03515607491,0.04438016564,0.02316966467,0.02428498305,0.02400434203,0.0296338778,0.02436213568,0.01694325544,takana
1.012745738,1.198353529,1.727148056,0.949238956,1.682385087,3.713387012,1.705375791,1.257129192,1.492736936,2.89797473,4.246119499,2.015677214,1.405123711,1.213476658,1.615463495,1.885136604,2.311635971,2.099009037,2.369452,2.248799562,2.931681871,4.099740505,2.267409325,1.564359665,2.845177412,3.614170074,4.259942532,4.163828373,2.941399574,4.25770092,4.022215366,3.400141478,4.716965675,1.849644542,3.185565948,2.888224602,2.493380308,3.497702837,2.877094507,2.476838827,3.069357395,2.279782772,2.691282034,3.471804142,3.159887075,2.849173307,2.625950336,3.334935188,4.537022591,3.743355751,3.508448124,3.612561226,3.181830883,4.69237709,3.784492493,1.862639785,1.830538869,1.896981597,2.746464491,2.927434206,1.212820172,0.8755582571,1.433448076,2.309538126,3.255834103,2.295513391,1.211444139,1.409641504,1.592321515,2.367083311,2.665928602,1.507845998,1.214250207,1.528655052,2.372204304,3.02509737,1.8559618,1.369393349,1.2810812,1.644544601,2.753308773,2.360744238,1.46577847,1.181110263,1.394690037,1.955399871,2.488531113,1.956988811,1.433263898,1.411217451,1.766378403,2.085066319,1.829027414,1.692676425,1.477787495,1.760403275,2.218477964,2.19420886,1.39162159,1.606568933,1.612276316,1.721295595,2.90242219,1.626856327,1.458952308,1.656021118,1.767120719,1.827051401,1.590310216,0.9130741358,1.254062414,1.156720877,1.530583024,2.208552837,0.6596183181,0.6260665655,0.888084054,1.363215327,2.060201883,1.497614503,0.3797714114,0.5804795623,0.6324096918,1.137598038,1.171923399,0.4767524898,0.4991995096,1.068405271,1.422958374,2.087190151,1.124286056,1.172022939,1.237314939,1.012677073,2.401340485,1.741286993,0.9319844842,0.5761412978,0.8601584435,1.342676282,1.632012963,0.5948578715,0.7217167616,1.170865774,1.399966002,1.818231344,1.120491266,0.6123819947,1.131121874,1.370910048,1.715937614,1.238775969,0.6445397139,0.7274566889,0.6780828834,0.6615027785,0.8693928719,0.38600263,0.3844431639,0.3110304475,0.4828089476,0.5829896927,0.3986230493,0.2312506288,0.2917233706,0.2590273321,0.3914017379,0.5555009246,0.2020478696,0.181893602,0.1212988719,0.2006689012,0.3488144577,0.2517677248,0.1713222116,0.2777345479,0.2995153964,0.474732995,0.6645056009,0.3013421297,0.3645288646,0.2994772792,0.3011108637,0.5981836915,0.2757340074,0.2573634088,0.179782182,0.1504994184,0.1481953561,0.06542250514,0.06776478142,0.05758840218,0.05318883434,0.03159080446,0.03185847029,0.01472890377,0.05346530676,0.03078463115,0.02455836348,0.02822401375,takana
0.6315414906,0.5789349079,0.6250242591,0.5224531889,0.86555022,2.919921398,1.371568084,0.8750832081,0.9499522448,2.35448885,3.616922379,1.758068204,1.159191132,0.9024577141,1.126867771,1.676879525,1.58545804,1.821109176,2.252380133,2.083528757,2.81611371,3.758709908,2.432575941,1.963780165,2.551016569,3.52041769,4.182731628,3.612906456,2.833157301,4.209155083,4.032496929,3.545900345,4.131714821,1.580149889,2.645231247,2.902818203,2.101742983,3.113483429,2.383969069,2.608020067,3.24469018,2.22869873,2.523871183,2.753225565,2.672520161,2.797214746,2.377580166,3.214476347,4.044626713,3.419849873,3.530492544,2.933856964,3.431199551,4.321871281,3.310303211,1.596076608,1.417568684,1.943200469,2.540512085,2.295525074,1.345667362,0.8258846402,1.736733198,2.674951792,2.394160986,1.731814981,0.8224484324,0.9512587786,1.627591968,2.419690371,2.060354233,1.323317051,0.8809880614,1.571377397,2.488590479,2.072034121,1.62251687,0.7986645699,1.030920386,1.703417659,1.986916661,1.771212935,0.9842380881,1.276642323,1.341864347,1.244978189,1.654100299,1.776460648,1.024183512,1.477992177,1.857036352,1.489866376,1.746622324,1.145359516,1.240858912,1.696567774,1.550180674,1.261095166,0.4731156826,1.643009067,1.84589231,1.314301014,1.353469372,0.7899760604,1.112645268,1.294344187,1.621464252,1.09396255,1.032673836,0.5483109951,1.14276731,2.020427942,1.814367056,1.671774864,0.5704965591,0.4839710593,0.8417297006,1.541549087,1.395205736,1.191559434,0.2121265978,0.3857451081,0.9026654959,0.7642646432,0.4762906432,0.2968219817,0.2799129188,1.163064003,1.327101469,1.036108613,0.5803006887,0.7967482209,0.8950943947,1.154385686,1.547152758,0.973197341,0.5260542035,0.4580247104,0.9456503987,0.918844223,0.8629542589,0.6196405292,0.6436294913,1.392154694,1.604384065,1.211368084,1.37063849,0.7905214429,1.406799078,1.741165042,1.297344327,1.027706504,0.8617153764,1.209943056,0.9118083119,0.5720282793,0.4232098162,0.4182387888,0.4857958257,0.5022105575,0.4055501521,0.1710688323,0.1545776725,0.1028966233,0.2065911591,0.2512171865,0.1006188244,0.09027055651,0.0574468486,0.05679408833,0.07448799163,0.08508067578,0.05067889765,0.06961230934,0.08844856173,0.1476412714,0.2329904735,0.2058289796,0.2302400023,0.226564005,0.2683284581,0.3605777919,0.2887217999,0.3894266784,0.1527799517,0.204215005,0.1178807169,0.08407928795,0.06019226462,0.07732434571,0.06768994778,0.0284950491,0.02037145197,0.01753437705,0.01537875552,0.01022803225,0.01062950306,0.01817145199,0.007245688699,0.006514646113,takana
0.7248687744,0.9671885371,1.069406748,0.7383247018,1.104972601,3.133945465,1.557547092,1.031454086,1.008793116,2.400666475,3.952966928,2.08641839,1.469423294,1.125121474,1.0309726,1.427608848,2.051901817,1.737140775,2.42052865,1.890397668,2.71036911,3.788622856,2.575971127,1.995001674,2.387861729,3.814613581,4.126253128,4.204844475,2.993494749,3.636624813,4.428986073,3.314315796,4.238338947,1.676109552,1.606424689,2.719247103,2.32323575,3.514445066,3.008042574,1.85727787,3.125563383,2.250287771,2.205034494,3.429863691,2.3328619,3.14041996,2.721574068,3.407314062,4.489227295,3.9897995,3.912292719,3.631880522,2.978582144,4.321266174,3.927135706,2.070585489,2.077157021,1.191923141,2.168216705,2.280820608,1.631890535,0.9462307692,0.9697426558,1.889481783,2.623266935,2.377895355,1.389353633,1.176406741,1.281489849,2.229420185,2.540932417,1.834395766,1.53463006,1.178888798,1.975924611,2.532291412,2.061498404,1.478191257,0.9522296786,1.286299825,1.960502863,1.797269821,1.656527042,0.9230512977,0.9812194109,1.177394032,1.731433392,1.683611155,1.563925028,0.6205676794,1.562713623,1.543512821,1.617069244,1.855371475,0.7999137044,1.408811212,1.816280484,1.780896544,0.8898181915,0.8206939101,1.654175878,1.567158937,1.715955019,1.299405217,1.261850834,1.180403948,1.450579047,1.43445003,1.575085163,1.040290952,1.576234698,1.795265436,1.80827105,1.762044787,0.8039000034,0.5665202737,0.5852795243,1.410060883,1.556702375,1.47484386,0.4986312687,0.5930439234,0.5876851082,0.6776534319,0.7532447577,0.5338533521,0.4123448431,1.017195582,1.437601089,1.694037437,1.199239492,1.347033858,1.342876673,1.130221128,2.148342371,1.667728543,1.305432677,0.9413313866,0.9253284931,1.428588152,1.041579843,0.8804327846,1.32830143,1.5310992,1.560994625,1.308742523,1.605234504,0.9808260798,1.305309057,1.781949997,1.731452703,1.264645338,1.197703481,1.50954628,1.048981309,0.9232122898,0.6400984526,0.6851638556,0.286441952,0.3120978773,0.608930707,0.4513217211,0.3516288698,0.2341935337,0.4686251581,0.3617019951,0.2305618078,0.1902067959,0.09252791852,0.148170054,0.1258945316,0.1968026608,0.206839785,0.2066466659,0.1702890098,0.3087463677,0.3033667505,0.5096641779,0.6036917567,0.4155941904,0.7144347429,0.6450310349,0.4363692701,0.4609725177,0.5554571152,0.3210282326,0.3257480562,0.1986494213,0.277397275,0.1287042499,0.1859242618,0.2139070928,0.1056099385,0.06606977433,0.04202464223,0.04597946629,0.03845418617,0.03588881344,0.01847651415,0.02113926038,takana
0.6907581091,0.9776978493,1.139843822,0.8491134048,1.63133204,3.210932255,1.843462467,1.213492513,1.216069221,2.543020248,4.158255577,1.772991419,1.51327002,1.316705823,1.466552019,1.915647268,1.798794985,1.86432445,2.366009951,2.100589752,3.453626156,3.892725229,2.635575294,1.857935309,2.056323051,4.164104462,4.449337006,3.623274565,2.774185419,3.094438791,4.519223213,3.719848633,3.998295069,1.756226659,1.720253944,3.024441004,2.927460909,3.075812101,2.538785458,1.486504436,3.190690279,2.924381971,2.753437757,2.823902607,2.18813324,2.571144104,2.870252371,3.808162928,4.063854694,3.465229511,3.445540667,4.081216812,4.078352451,4.352909565,3.505137444,1.937667012,1.883572102,2.219673872,2.836610317,1.957107544,1.380600333,1.490694046,1.820178151,2.848478794,2.182547331,1.849064112,1.291635036,1.456596971,2.419514894,2.397883177,2.051680088,1.966221094,1.308367968,1.935572147,2.433904886,1.888322949,1.839120269,1.252593279,1.390865088,2.036378145,1.605188251,1.739478946,1.230977416,1.477727652,1.409744143,1.007125616,1.57223928,1.608017087,1.417188883,1.657371879,1.358410358,1.524497628,1.588600874,1.454508543,1.597929358,1.39110291,1.810657263,1.783370137,1.393995404,1.268243432,1.839635253,1.555765629,1.61940968,1.230871797,1.051524043,1.807468534,1.762013316,0.606535852,1.068681359,0.8857573271,1.90040803,2.200857162,1.432104588,1.26720643,0.6588854194,0.5038905144,1.440850854,1.5290519,1.020666242,1.303057313,0.4010025263,0.8816385269,0.6494837999,0.4518565834,0.5835003853,0.5367376208,0.4406165183,1.258939981,1.253198743,0.9976435304,0.9035107493,1.06268847,1.6131984,1.070036769,1.177405953,1.202520132,0.6424867511,0.6937615871,0.6304916143,0.6092953682,0.7499012351,0.5093652606,1.218003035,1.046839714,1.04792726,0.6311761737,1.427786827,1.094566584,1.660881877,1.521342039,1.07984674,1.271582842,1.637019277,1.785556912,0.8788918853,0.6459386945,0.5940319896,0.8831416965,0.8527890444,0.5665847063,0.4698904753,0.3662650883,0.5860024095,0.4880824983,0.4681509137,0.2471198887,0.1496770978,0.2920402884,0.2351898998,0.1794334799,0.1122965291,0.1068725511,0.1460997462,0.1800965369,0.1562345624,0.1699189544,0.194688946,0.2019931972,0.4209994972,0.2855577469,0.4314596355,0.2326221019,0.2579733133,0.2913738191,0.2198475897,0.1688926071,0.1199792475,0.0991037935,0.1636730433,0.09894554317,0.07325319201,0.04090281576,0.01860916987,0.03026119806,0.01924143173,0.01332154963,0.01484369114,0.01372355036,0.01137157064,0.009519274347,takana
0.5567063689,1.344038844,1.264725447,0.8935874701,1.534079194,3.347126961,1.964926004,1.425366521,1.402371883,2.955157042,4.221131802,2.004542589,1.536813021,1.059026718,1.217330813,1.761123538,1.945973873,1.678988576,2.289246082,2.058598995,3.015113115,3.777509451,2.411900043,1.788021564,2.451148748,3.880910397,4.033602238,3.883443117,2.847314119,3.962502241,4.549266815,3.276839972,4.30321455,1.716556787,2.333758116,3.280349731,2.267834187,3.308036804,2.597249031,2.481798887,3.547717094,2.45642066,2.519011974,3.12227869,2.712691784,3.145742893,2.605819464,3.31351614,4.311331272,3.625958204,3.759105206,3.617149353,3.170012474,4.622579098,3.646380663,2.334275007,1.887868881,1.408703804,2.144756079,2.359118223,1.928758264,1.157621264,1.327532411,1.894805431,2.485061169,2.06024456,1.288707256,1.232285857,1.293160439,2.434631109,2.364827633,1.575830698,1.261017084,1.25907743,1.992057085,2.076501608,1.442909837,1.360290647,0.8084908128,1.448073864,2.165554047,1.419983029,1.249663234,0.988861084,0.6841606498,1.380302191,1.295315266,1.308778524,1.28437829,0.9058817625,1.597392797,1.206774235,1.058501005,1.561245322,1.033853889,1.747702718,1.437461376,1.382108331,1.270515561,1.079394221,2.225119829,1.41315937,1.317996979,0.9826675653,0.8511243463,1.471093178,1.299725056,0.9740325809,0.9424175024,0.8676165938,1.22818625,1.822569728,1.857299805,1.68590951,0.7027903199,0.695792079,0.7918993235,1.636345387,1.581552148,1.235726476,0.4542169273,0.6597415805,0.5813108087,0.6698257923,0.4576285183,0.4118412137,0.4033531547,0.9284906387,1.527032137,1.181507111,0.8594369292,1.175750971,1.003269553,1.201054573,1.654499769,1.225309849,0.8691545129,0.7453529835,0.8380576968,1.180611491,1.117905974,0.6023229957,0.8881751299,1.124741793,1.345661759,1.083407164,1.124666095,0.9086239338,1.172068,1.939524889,1.983344913,1.284098268,1.328848362,1.789182544,1.322073936,1.24082005,0.8787862062,0.8313450813,0.701749146,0.7439250946,1.038691282,0.7983646393,0.5644548535,0.3301104903,0.4393667281,0.522870779,0.3596744239,0.3841727674,0.1908290684,0.2131493539,0.2413560599,0.347874254,0.1626794189,0.1600836813,0.2007173896,0.239423871,0.3592283726,0.5825985074,0.620446384,0.2893041968,0.4701136649,0.7940578461,0.8027112484,0.3953660131,0.5262297988,0.2016568482,0.2041677684,0.7420561314,0.4839363992,0.3223200142,0.2056306005,0.1622754186,0.1357736439,0.04201072827,0.05639185384,0.1023596153,0.09093357623,0.0801044926,0.1450542361,0.06000736356,takana
0.5052706599,0.9256981015,1.127104402,0.7408688664,1.332574129,2.545614004,1.379418731,1.016477227,1.03903842,2.622082472,3.533091068,1.446731091,1.123703122,1.102681756,0.8095453978,1.365595222,1.385186553,1.09833169,2.058248997,2.381181717,2.732005835,3.590417147,2.374595404,1.517799854,2.762006283,3.384532213,4.191926003,3.992120981,2.503360033,4.428168297,3.764342546,3.559168816,4.02878046,2.030172825,3.202010155,2.945413828,2.514323235,3.190303564,3.127823353,2.977590322,2.950923681,2.082232237,2.652026415,3.331869125,3.43477273,2.896612406,2.397730827,3.780340672,4.350216866,4.485877991,3.41107893,3.166475773,3.892516613,4.044764519,3.571739674,2.422370195,1.29916954,1.320843697,2.475947857,1.919631839,1.785780668,1.213578343,1.589621902,2.278826714,1.864247322,2.042449474,1.475573778,1.138267636,2.078047276,2.218377352,1.974325895,2.147724628,1.437417388,1.681969285,2.352739811,1.78953445,1.63400209,1.397180676,1.04937458,1.90148735,1.526185513,1.389546156,1.350083351,0.9443135262,1.446333051,1.518185377,1.082207203,1.790952802,1.280666113,1.558846235,1.88191843,1.188021898,1.575614095,1.394048333,1.79709065,1.705581069,1.222544432,1.002386093,0.9851952791,1.988642097,1.580414891,1.383063674,1.452765942,1.250950217,1.06302464,1.565870285,1.444164991,1.114510417,1.25035131,1.280016065,1.950076818,1.877695799,1.575915813,1.206567764,1.008818507,0.855417788,0.8437172771,1.364868879,0.8045944571,1.25344348,0.5469607115,0.8106713891,0.6375200748,0.6040863991,0.4958385825,0.5745788813,0.442812711,1.192131877,1.266093135,0.9127715826,0.6302127242,1.375154614,1.324182153,1.257017493,1.193084836,1.045255423,0.894292593,0.596031487,0.7302395105,0.6335685849,0.6616085768,0.4516862035,0.9175500274,0.7501233816,1.213462949,0.7266615033,1.081138015,0.6746294498,1.236817479,1.397666812,0.9697047472,1.04030323,1.051052332,1.517504811,0.7435564399,0.7567017674,0.4975171387,0.5057162046,0.4696540833,0.4141317904,0.3849820197,0.2199875414,0.2311938703,0.2574605942,0.240593195,0.1525557786,0.1644317359,0.140455991,0.08670119941,0.09663107991,0.08370510489,0.1187244877,0.08607938886,0.07072006166,0.1141787022,0.1573294401,0.1802736223,0.1164362356,0.3063031137,0.2391303182,0.3841072917,0.3997814357,0.3303373158,0.1455750912,0.2575886846,0.2132927775,0.1071030572,0.09734274447,0.1640357524,0.1304771304,0.1214167476,0.0518816039,0.1033875719,0.04453008994,0.02211142331,0.03196422011,0.04022532329,0.04099942371,0.03262574598,0.01182033215,takana
0.5216292143,1.063940406,1.083039403,0.8368409276,1.730059147,3.00752759,1.459055901,1.192577362,1.498930812,3.076370716,3.87727809,1.772457361,1.541717768,1.379624009,1.156783104,2.055163145,1.445347428,1.776294589,2.223857403,2.15011692,3.381913662,3.617126465,2.267974377,1.632582903,2.702609062,3.835936069,4.615567684,2.970741034,2.555450439,4.231272221,3.924092293,4.334560394,3.062496901,1.581110477,3.031739712,3.30779624,3.33364296,2.746999979,1.752210617,2.9172616,3.237573624,2.670274019,3.001659155,1.901021481,2.803962708,2.917276144,2.544805288,4.117907047,3.489522934,2.80204463,2.786785364,3.011334181,4.550506115,3.497386932,2.075078011,1.554164052,2.469977856,3.180568218,2.770413876,1.054906607,1.107529163,0.9818693995,2.598887444,2.750343323,1.613694429,1.284714103,1.056374669,1.879331231,2.638982773,1.742917895,1.315106034,1.286031365,1.351549506,2.50835681,2.29633069,1.440546036,1.257422328,1.022675633,1.850821137,1.972669721,1.396232605,1.347198606,0.8076820374,1.606762886,1.786593676,1.298301816,1.6838696,1.045385361,0.9689456224,1.640082121,1.497484684,1.703778982,1.287748098,0.8953493834,1.37515986,1.692865372,1.503080368,1.157084346,0.8659912944,1.9028368,2.212875128,1.115816593,1.008577347,1.185713291,1.612922907,2.09369874,1.540126204,0.5700552464,0.6391955018,1.575966716,2.02455163,1.891310215,0.9741175771,0.9410241842,0.7798554897,1.131325364,1.458081722,1.191190004,0.7650691271,1.056694746,0.7470887303,1.0356673,0.4543672502,0.2781083286,0.4206015766,0.7608611584,0.5387490988,1.063978434,0.9069541097,0.8544594646,0.9035702348,1.732915044,1.45932281,0.6684104204,1.11743474,1.024164438,1.220828533,0.8638289571,0.3934073448,0.4787098169,0.9281490445,0.8502771258,1.092783451,0.9879688621,0.8042452931,1.112865925,1.538698316,1.287999511,1.396116853,1.140080452,1.403424501,1.640039563,1.520843863,1.269286156,0.7532794476,0.8988181353,1.28086412,0.7808787823,0.603715837,0.4915355444,0.511610806,0.689886868,0.6031228304,0.3661713302,0.3894613981,0.3182971179,0.2713114917,0.2382295728,0.1402355433,0.1297743469,0.0961945653,0.1076879278,0.07347568125,0.127732113,0.1313169003,0.1506945193,0.1028861701,0.1051144525,0.1620682329,0.3467053175,0.2853806913,0.2035942823,0.3276130259,0.3395217657,0.1925925761,0.2367275208,0.1206490621,0.07152087986,0.08683811873,0.105123505,0.0821710974,0.04385214671,0.0807287693,0.07425639778,0.03879886493,0.01477876026,0.02319677733,0.02358667366,0.01938451268,0.01492185332,takana
1.205288649,1.535217524,1.622511029,1.0703125,1.212513804,3.822356224,1.598118424,1.413597226,1.727145672,2.49539113,4.417345524,2.140080929,1.649491906,1.563185334,1.298499942,1.475898623,2.226487398,1.944393516,2.450323343,2.179080486,3.174733877,4.162065029,2.393462658,1.798312068,2.184947491,4.068397045,3.939771414,4.49014616,3.01196146,3.227808952,4.341964245,3.123827219,4.839103699,1.7740978,1.845612764,3.375185013,2.56445241,3.600607872,3.208696127,1.754468679,3.288166285,2.763314962,2.526956797,3.917831898,2.174817085,2.998705149,2.878209114,3.195065975,4.784133911,3.902952194,3.4310112,3.870422125,3.12774086,4.459544659,4.580594063,2.241207838,2.393820286,1.872178197,2.297399521,2.540920734,1.538491964,1.314990163,1.518680096,1.892834187,2.97075057,2.625365496,1.767953038,1.28221786,1.433570147,1.797095537,2.988624096,1.899828434,1.425022244,1.73751092,1.767705917,2.585129738,1.986249208,1.365813732,1.346658587,1.456071496,2.026113033,2.374694586,1.083976865,1.340631008,1.122169971,1.250967383,2.200608492,1.348577738,1.247846603,1.372602701,0.9935513139,1.520273328,1.780578852,1.254038811,1.428775907,1.024684429,1.64064908,2.202905893,1.363076568,1.155424953,1.621637106,1.342617273,2.364082336,2.135633469,1.094952345,1.30253911,1.390246868,1.002529144,2.223711967,1.356672406,0.9372768998,1.670646906,1.503257751,2.235011339,1.024121165,0.9249452949,1.263061047,1.148755074,1.809251428,2.238792181,0.6314697266,0.5010119081,0.6304055452,0.6749030352,1.26970315,0.8482517004,0.4815794826,1.062278748,1.076552033,1.696404934,1.344608545,1.234334946,1.187487364,0.913451612,1.631549716,1.805029988,1.093393326,0.6383358836,0.8588537574,1.009410858,1.244042277,0.7918250561,0.8760967851,1.205872774,0.9957312942,1.482195616,1.811649919,1.07407558,1.399782777,1.490188599,2.030365229,1.952743888,1.539438725,1.646734118,1.520076871,1.518324018,1.343945026,1.304229856,0.9290207028,0.8565523624,0.935552597,1.066824675,0.9063709974,0.6569232345,0.6389926672,0.7093845606,0.6354786158,0.7428793311,0.3474273384,0.3143731654,0.3263103366,0.2489504814,0.562453568,0.4891224205,0.4406064749,0.485022068,0.5781928301,0.7971089482,1.193919301,0.5137884021,0.6896893978,0.919318378,0.6921314001,0.9116972089,0.5217049122,0.4930794835,0.3838707805,0.3738468587,0.609533608,0.5605009198,0.1793228835,0.1383872032,0.1850322783,0.1269093901,0.09556432813,0.04072790965,0.04828306288,0.02414674126,0.0139088016,0.02230860107,takana
0.9346071482,1.203237057,1.166105747,1.020463943,1.750801206,3.137329578,1.714124441,1.133901834,1.478001952,3.219745874,3.995816708,1.994352341,1.790554047,1.361286879,1.699686766,2.00480938,1.718139172,1.267875552,2.55132556,2.772183418,3.211969614,3.860585451,2.674942017,1.710901618,2.965532064,3.674045801,4.618844509,4.054949284,2.843517303,4.64198494,3.696852446,4.260392666,4.458881855,2.658782482,3.520501852,2.972127914,3.196155787,3.562244177,3.452822447,3.234843969,3.234281778,2.681682348,3.232560396,3.560373545,3.650007725,2.998588324,2.881171227,4.327899933,4.366324425,4.521633148,3.214465141,3.53357482,4.519260406,3.967378855,3.230330229,1.927316308,2.044686794,2.302917957,2.747665644,2.032665968,1.891083241,0.8681886196,2.215804577,2.729305744,2.158439159,2.171830654,1.468430758,1.729403853,2.431985378,2.308303118,1.972797394,2.144964218,1.579735875,2.441387177,2.637507915,1.759986281,1.817380905,1.535390139,1.86097312,2.212708235,1.794599414,1.331978083,1.650227785,1.917128325,1.803997397,1.850619078,1.353636384,1.854551435,1.972387671,1.703974605,2.032489777,1.444921732,1.241707325,1.981697083,1.725466967,1.947006702,1.496920228,0.9990334511,1.96508193,1.633370638,2.138568401,1.811311483,1.627366781,1.566833138,1.856327057,2.108411789,1.863078117,0.7586869597,1.026139379,1.562207818,1.853862762,2.058799028,1.324186444,1.095239162,0.91278404,1.022160172,1.398762703,1.31321013,0.8000943661,1.09104681,0.6815080047,0.7606781125,0.8209357262,0.5146409869,0.4760500193,0.8712297082,0.6858107448,1.432564497,1.155553937,0.8178251386,0.9012412429,1.589630961,1.612838387,1.265702844,1.2010113,0.9686101079,1.269714952,0.7078717947,0.8329780698,0.5802060962,0.622215867,0.6863775849,0.8646057248,1.254980683,1.037451267,0.8505724072,1.314414382,1.082082748,1.282503843,1.398225069,1.101768851,1.247104526,1.375995755,1.283195019,0.7359150052,0.7838071585,0.9842432737,0.8760217428,0.5781830549,0.4721104503,0.4021507502,0.3116772473,0.4104367793,0.3642799258,0.3701216877,0.2356936634,0.1528644413,0.1979285032,0.2256318331,0.171979025,0.1526467651,0.149303779,0.13863042,0.2669784427,0.3371785581,0.3548606038,0.2707080841,0.1392496526,0.2953721583,0.38893345,0.4599539042,0.4211616218,0.2226332426,0.1658193022,0.257481277,0.1280635297,0.09747049958,0.06312535703,0.03479566798,0.03867853805,0.04455983639,0.03251435608,0.03913618997,0.06248800457,0.04179824516,0.01694547758,0.03667177632,0.01948458143,0.04507093877,0.02981187403,takana
1.145225883,0.8080480695,1.345226526,1.085332155,2.006541491,3.69346571,1.94226265,1.502562881,1.79488194,3.390282869,4.209089279,2.315907955,1.723300338,1.487976074,2.071272373,1.447997451,1.987273455,2.152451038,2.578021288,2.828678608,3.148516178,3.941673279,2.728118658,1.977742791,3.127310038,3.914365768,4.30203104,4.577240467,3.871014357,4.747712135,3.738297939,3.801778793,4.359278202,2.87019825,2.855216265,2.530820131,2.834708929,3.477159977,3.446028471,2.63963604,2.346875191,2.520841837,2.690212488,3.620541573,3.341124773,2.696363449,2.815486908,3.92819047,4.437996387,4.335467339,3.551256657,3.255647659,3.677684069,4.141911983,3.67201972,2.36098671,2.079092741,1.713661313,2.300691366,2.433902264,1.971952915,0.7903798819,1.764071226,2.206095934,2.269752502,2.116773605,1.16248858,1.572263598,2.136718273,2.348237991,2.348691225,1.81625545,1.916652799,1.987908721,2.234989643,2.138943672,2.065355301,1.862207055,1.754873157,1.84985435,2.096511602,1.723174095,1.805881262,1.749702573,1.600285172,1.678985834,1.861431479,1.821157455,1.559533954,1.99729228,1.339192629,1.583579302,1.938745499,1.560026526,1.637037873,1.387627959,1.885222077,2.277570486,1.656047225,1.448893547,1.442886591,1.767244935,2.08318162,1.740570545,0.9024448395,1.701075315,1.408046603,1.382401943,1.568176508,1.326582789,1.625168204,1.909084558,1.747893691,1.392911196,1.065571666,1.189856052,1.592173696,1.796856046,1.99431622,1.511484742,1.032420754,0.9799396992,1.131511927,1.389594197,0.8080807328,1.047124863,0.9581122398,1.243926883,1.422004104,1.227608919,1.525396943,1.547048926,1.214656353,2.074225664,2.192108393,1.552980065,1.481451035,1.203303695,1.35186851,2.391496658,1.656010509,1.00104773,1.293912768,1.300665617,1.296140075,1.936047077,1.5831846,1.421958566,1.719116449,1.679666758,1.925630212,1.766031265,1.263080597,1.328885317,1.351317525,0.8914610744,0.6705240607,0.6762470007,0.7726665735,0.7375987172,0.7019562125,0.7660713196,0.5672522783,0.3608384132,0.405094564,0.5400700569,0.3848396838,0.2897233367,0.1998294592,0.3212265372,0.2997871041,0.2452816218,0.1662451327,0.1501195878,0.1613227725,0.2268325686,0.1987474263,0.3695716858,0.2424853444,0.1870163381,0.3565161526,0.2063902169,0.1309598833,0.1144956425,0.1410301775,0.2849679589,0.1710125208,0.1089495495,0.0910763666,0.07942894846,0.07248482853,0.05211782455,0.04385151714,0.02996361069,0.0175128784,0.01677683741,0.01444605645,0.02172011696,0.02571806684,0.01427631918,takana
0.9479974508,1.273533702,1.553451538,1.094733596,3.033913136,3.68747592,1.841251612,1.985072017,2.198825359,3.421983242,4.303368568,2.196749449,1.795114875,2.081349611,2.535205126,2.505144835,1.806154132,2.232668877,2.636831284,2.855675697,3.646714211,3.858266592,2.409209251,2.115448475,2.946103811,4.244462013,4.846542835,3.260658979,3.426414967,3.816645622,3.436256409,4.630795479,3.72323513,3.117678881,2.892381907,2.697253227,3.193809986,2.998385191,2.833101034,2.063127995,2.193767548,2.844406605,2.9330585,2.796738148,2.62302804,1.965635777,2.878633976,3.850702763,3.894191265,2.978793621,3.152069569,3.365824223,4.153517246,3.686050415,2.286906481,2.263045788,3.136767149,3.460910559,2.717911959,1.452035666,1.285333514,0.8083435893,2.561679125,2.504649639,1.813971043,1.472499132,1.55073297,2.221146822,2.586746454,2.239886522,1.465307117,1.961393833,2.144703388,2.399526596,2.52712512,1.688159823,1.853459239,2.048908949,2.245041132,2.092168331,1.536484718,1.447997332,1.653599858,1.898548007,1.776769161,1.436591744,1.68847549,1.779524088,1.646653295,1.872055173,1.55472362,1.312330723,1.542916059,1.332378507,1.83127141,1.805353165,1.772523046,1.633979559,1.673712373,2.467647076,2.174182415,1.813301444,1.615266562,1.605831504,1.481387019,2.049766779,1.611204505,1.223833919,1.347315907,1.72804141,1.728764057,2.087848425,1.059330702,0.8344365358,1.475174069,1.799781799,1.976963043,1.916217446,1.401890993,1.337985992,1.705008268,1.74325335,1.630638361,1.037873745,0.8674193621,1.800482035,1.467585325,1.830915451,1.200714588,0.769615829,1.904790759,1.84437263,1.757738709,2.108937502,1.207997799,1.407097101,1.528297663,1.138040543,1.416165233,1.07078135,1.34681046,1.161161304,1.263774991,1.576334357,0.7771021724,1.442064524,1.77484715,1.143859863,1.935971022,1.689668179,1.5972507,2.070123196,1.496087313,1.634947062,1.247190714,1.210965157,1.398360848,0.9145621061,1.235359788,0.9772953987,0.709528029,1.254160285,0.9162686467,0.9361249208,0.5615248084,0.5459032059,0.7409232259,0.7425782084,0.4902028143,0.4298019409,0.3402631581,0.3342344165,0.416785717,0.3451823592,0.294444412,0.3487384617,0.3941807449,0.456297785,0.5359887481,0.5989995003,0.5377543569,0.5746403337,0.5116639733,0.5206705928,0.3761004508,0.3359271586,0.2858604491,0.3323277831,0.2211662978,0.244331643,0.1659677923,0.1251351237,0.08677554876,0.05133960396,0.05487584323,0.03412978724,0.01352424175,0.02826019935,0.01892656274,0.01758357137,takana
0.634267807,0.7688288093,0.9557992816,0.8328823447,2.037521362,2.609884739,1.640166879,1.412822962,1.287757516,3.197388172,3.606965303,1.53985703,1.377354622,1.723884583,1.896993876,1.639479995,1.275354028,1.485917687,2.824219227,2.359980583,3.515319347,2.527153015,2.031726122,2.517196655,2.489291906,4.506834984,4.201638699,3.017927408,4.132397652,4.01499939,4.067484379,4.30994463,2.523304224,3.229258776,2.605577946,2.651796103,3.606304169,2.170215845,2.727766991,1.982052684,2.409065723,2.994771481,2.504368067,2.566392422,2.449440479,2.411911488,3.681665897,3.864254951,3.21026206,3.08480072,3.69347477,4.461403847,4.032768726,2.414234161,2.289204359,2.647063494,3.139760256,2.518657207,1.441820621,1.367534399,1.296471715,1.378398776,1.872508764,1.291259885,1.204313159,1.190832734,1.828773618,2.232253075,1.689350605,1.119394422,1.703231096,2.192261934,2.069340229,1.725341797,1.355886698,1.837783337,2.062043905,2.056709051,1.677703977,1.05934608,1.746263385,1.690180659,1.469459891,1.636263847,1.03054738,1.643772125,2.01216197,1.775718212,1.631298661,1.545998812,1.668048978,1.808295846,1.556711674,1.410018444,1.833217502,1.767377496,2.027343273,1.721289158,1.321188927,2.345491886,1.609130621,1.158628583,1.30692029,1.688764095,1.595875859,1.270064116,0.9376809597,1.334525228,1.280326724,1.455130577,1.161054492,1.532404304,1.1525563,1.141376257,1.012283802,0.9813358188,0.8866747618,1.302100301,1.604211092,1.0048002,1.048036337,0.6540333033,0.8363465071,1.057513595,0.6596963406,1.154114485,0.6964854598,0.9298322797,1.117919683,0.5990726948,1.560486913,1.180670977,0.8394163847,1.58858633,1.702574134,1.233211517,1.322888851,0.6219674349,1.067224622,1.484822273,1.550557733,0.9389068484,0.7546301484,0.9414211512,0.5724247098,1.352051497,1.340911627,0.7089752555,1.259007454,1.350220919,1.101191401,1.49662292,1.00291729,1.105926156,1.173837423,0.7446155548,0.6521548629,0.4417698085,0.6012588739,0.5457549095,0.6374114156,0.5664616227,0.4634970129,0.3459764123,0.2978820503,0.3292714059,0.2345757037,0.1963467449,0.1621059477,0.2569743693,0.2122947872,0.1285869181,0.1131047532,0.08707868308,0.1267826408,0.08763876557,0.04925210401,0.05703054741,0.09410319477,0.1668975651,0.1324865967,0.1164064333,0.1259578764,0.07135981321,0.09991250187,0.07809258252,0.05738101155,0.06358718872,0.04058215767,0.04741868377,0.04175076634,0.0214067772,0.01618373208,0.02173230611,0.02290012129,0.01769636385,0.01374191325,0.01495306287,0.02363538556,0.01987222023,takana
0.5621750951,0.6217429042,0.8362758756,1.017262697,1.571982741,2.321928263,1.790339112,1.471644402,1.340766072,2.516073227,3.113316774,1.173270702,1.027352452,0.9579362869,1.206023812,1.210138679,0.5696608424,1.001506686,2.432513714,2.340165615,2.929153919,2.603410006,2.385461092,1.933871031,2.667315245,4.401817322,3.374513388,2.99768424,3.941525459,4.366710663,4.372198105,3.686754227,2.600389719,3.11146307,3.175086737,3.048960447,2.921969175,1.633845091,3.204913616,2.435492754,2.615903378,2.477407932,1.791521072,3.064325571,3.113429546,2.290406466,3.255951881,3.028679132,3.74190855,3.399899244,3.620484114,4.230600357,3.457084417,2.754032373,2.15651226,3.307308197,3.490354538,2.307520151,1.624165893,1.36367178,1.23390007,1.125079393,1.630813479,1.192992568,1.084320307,1.57615304,1.948020458,2.219232798,1.497512579,1.000776052,1.674016356,2.221333265,2.078193903,1.612295747,1.18631947,1.708703995,2.347968578,2.111350298,1.58282733,0.9288740158,1.413539767,1.682219386,1.715668321,1.755167723,1.093793035,1.437836766,1.807643533,1.681989551,1.530807018,1.603294373,1.671183228,1.530499339,1.663380742,1.623155713,1.631393313,1.77269268,2.045315266,1.954786658,1.789332867,1.563513517,1.629268646,1.902448654,1.808969378,1.670804262,1.123492956,1.64157474,1.50571537,1.460769773,1.339004397,1.124390125,1.32078743,1.679050684,1.605833769,1.421515107,0.9823291302,1.137428045,1.501857877,1.770063162,1.788978457,1.260637522,0.8506144881,1.061467767,1.362648964,1.189564109,0.9575800896,0.887596786,0.9850096107,1.479488373,1.144319296,0.9892095923,1.095997214,1.253445268,1.619575024,1.793302655,2.019337416,1.026089907,1.044852495,1.057510376,1.158212304,1.903366327,1.622989178,0.5814839005,1.415516138,1.090367556,0.9448689818,1.346617579,1.041952848,1.214974165,1.483759165,1.453454614,1.337786436,1.180345178,1.593365788,1.388956189,1.123240113,1.130996823,0.4123150706,0.5578052402,0.8477015495,0.4941366017,0.5057297349,0.4023337066,0.3766143322,0.4733370543,0.1307269931,0.1882082373,0.1542555839,0.1494570225,0.1350135356,0.06441108137,0.08645698428,0.0461811237,0.06197590008,0.04109721258,0.01554792095,0.02152656391,0.01792396978,0.02472400665,0.05559238419,0.06199475378,0.02855924889,0.02518817037,0.03494701162,0.07430423796,0.05898572877,0.05957295373,0.03770460188,0.03691323847,0.04120438918,0.02392732538,0.02746033669,0.01217593346,0.0123364171,0.01088090241,0.005518606864,0.004104075953,0.005144648254,0.002818098292,0.002349134069,0.002942436608,takana
0.6008391976,0.6347375512,0.7503958941,0.6681959629,1.225327134,3.120384932,1.74695015,1.378767133,1.411740184,2.963282585,3.900773287,2.128150702,1.445052028,1.280227661,1.321744084,1.3596977,1.656503677,1.651003718,2.052442551,2.109999418,2.65902853,3.556439638,2.337750196,1.325793505,2.787999392,3.596872807,3.687454224,4.132264614,2.738467693,4.67825079,4.10142231,3.229576826,3.830280542,2.127668858,2.75100255,3.165076733,1.995056868,2.946945429,3.043750048,2.793170214,3.048156261,2.13312912,1.894228816,3.094017267,3.220419168,2.704265356,2.432695389,2.879462004,3.972054482,3.963329792,3.640161514,3.404279947,3.280877352,4.011948109,4.502070904,3.11406827,2.180197001,2.234300137,2.868889332,2.83429718,2.123730659,0.7255302668,1.227555275,1.93827343,2.879773378,2.754508495,1.670807838,1.229260802,1.295170903,2.155934572,2.706573248,2.500535965,1.46567893,1.227725148,2.130483627,2.523938656,2.570533752,1.710721254,1.128201246,1.282498598,1.675170183,1.758517861,1.413199425,1.383120894,1.157331228,1.278490782,1.450257301,1.225424647,1.412317514,1.564105153,1.470832944,1.125791192,1.268865943,1.055469036,1.725616693,1.64630115,1.597718,1.461435914,1.21455729,1.956361771,1.635481596,1.300290585,1.77420187,1.685947061,1.189736485,1.324706554,1.224051118,1.749230742,1.783310175,1.625032067,1.52395916,2.068988323,1.769906402,1.770162463,1.706840515,1.455869198,1.23063457,1.652528167,2.160057545,1.838598728,1.455908298,0.8719893098,0.9653766751,1.531494856,1.133001089,1.404443264,0.9028094411,1.022810817,1.292694926,1.219202161,1.915518522,1.754540801,0.978161633,1.826431632,2.188173294,1.5816679,2.017026424,1.333565235,1.285760283,2.030369282,2.112301588,1.385543823,1.754030704,1.711141467,1.193040848,2.29908967,1.839325666,1.584503055,1.986282706,1.906434536,1.885558963,1.99407959,1.738900661,1.739585042,1.299315929,1.208998561,0.8150596619,0.7677899599,0.8733656406,0.6219170094,0.6718530655,0.5750229955,0.5322027802,0.3876844943,0.3632541895,0.4118969142,0.2319149524,0.3046058118,0.2310274392,0.2512412667,0.2229380459,0.2285972089,0.1468324214,0.1163028628,0.1305347234,0.1406291872,0.1296320707,0.2588286102,0.3249964714,0.3312622607,0.3673609495,0.2745815516,0.3315481544,0.3649810553,0.3095242083,0.3344806135,0.2425939441,0.2938783169,0.1933137476,0.1954753697,0.114526473,0.1041699573,0.06377734989,0.06506372988,0.02157620713,0.0156913735,0.01291064266,0.01074077189,0.004808439873,0.001900393167,takana
0.4683144689,0.7651566863,0.7067257166,0.6928282976,1.463737011,3.032618284,1.841308713,1.407840848,1.292101145,2.709857702,3.75744772,1.775468826,1.34895587,1.325657606,1.481817603,1.728615999,1.319524527,1.809634209,2.100769997,2.331053019,3.140794277,3.772680998,2.279138803,1.452775955,2.883536816,3.377788305,4.4614501,3.407645226,2.625302792,4.552709103,3.535969973,4.132111073,3.931710482,2.037616014,2.984047651,2.455982208,3.05174613,3.048446655,2.448563099,2.566541433,2.619623423,1.883647084,2.658728123,2.526519775,3.188318253,2.120964527,2.371033669,3.371351957,3.879551172,3.59051466,3.091977835,2.833066463,3.647494555,3.888580561,2.980076313,2.119307041,1.873253465,3.247705936,3.125501633,1.715313792,1.206503987,0.6058479548,1.763768673,2.778040409,2.052737474,1.540362716,0.9870900512,1.294751763,2.469614029,2.290875196,1.9942559,1.351094604,1.158165574,1.969598532,2.338193417,1.707535386,1.391524434,1.45225203,1.439780235,1.976208091,1.572301745,1.259740949,1.171052337,1.524210572,1.638985515,1.364848495,1.75026238,1.09273088,1.534774303,1.661534905,1.695179462,1.433627725,1.121654749,1.170613289,1.735587478,1.794342995,1.547424555,1.141888499,1.505940199,1.995042562,1.990481257,1.739304781,1.285995245,1.432184339,1.260985136,1.993926764,1.392151594,1.195402622,1.370528221,1.160584092,1.883720756,2.124940395,1.140305519,1.083728075,0.9906781316,1.210321784,1.822985411,1.541261554,1.516623139,1.107648611,0.8995930552,1.366991282,1.21004951,0.7631962895,0.6117078662,0.7842057347,1.054723978,1.05035603,0.5843790174,0.6734121442,1.004015326,0.848715663,1.095902085,1.468491912,0.7987856269,1.094041705,1.048661351,1.092998862,1.15639627,1.084053755,1.559188843,1.013112068,1.564951658,1.637687564,0.5760859251,1.508386731,1.386570692,1.142045856,1.736903906,1.51011312,1.264587522,1.474856973,2.06131649,1.768144965,1.24540627,0.8417818546,0.7940152884,1.222021937,1.361832738,0.8354911804,0.699318707,0.8370387554,0.8713824153,1.186440945,0.5361934304,0.3245438933,0.3082283735,0.3601098955,0.6017283797,0.4298231304,0.3469958007,0.2398604155,0.1893305331,0.2978728712,0.5200514197,0.2627080679,0.1849221289,0.2941849828,0.4813169837,0.7436908484,0.4947213531,0.4894043803,0.2506604493,0.2748764157,0.4468483329,0.3301075995,0.2928732932,0.199374184,0.07546120137,0.3191863596,0.2582609355,0.08778942376,0.05458564684,0.0835705623,0.03401809931,0.02715425938,0.02780291438,0.02408564463,0.02059381269,0.01198197622,takana
0.4779693782,0.50313586,0.7370305061,0.6107805371,1.474162221,2.505202532,1.286789894,1.00766027,1.027967691,2.391132832,3.409001827,1.222297788,0.9658122659,1.14938128,1.347356439,1.671636224,0.968719542,1.64699018,1.959856987,1.87564528,3.31532073,2.678723097,1.948264837,1.651072025,2.400937557,4.247878551,4.296016693,2.705351114,3.15116477,4.265520096,3.859075785,4.135316372,2.354249239,1.687817097,2.80150342,2.478338242,3.571922302,1.861272454,1.89870584,2.402111053,2.296401978,2.94889617,2.220425367,1.888741255,3.157634258,2.174875498,3.472168922,3.669723988,3.327269554,3.537832975,3.304886341,4.267860413,4.156788826,2.862787485,2.478918076,2.078984261,3.440245867,2.80171895,1.7502774,0.9723041058,0.7086997628,1.104902387,2.453292847,1.744011283,1.233701706,0.9867545366,1.499610424,2.647406578,2.031092167,1.359782219,1.19451189,1.69090867,2.463418484,2.217276335,1.844937801,1.392804146,1.701529503,2.272637844,1.926973462,1.533300519,1.231336117,1.653892398,1.61517334,1.601931691,1.390709996,1.328195333,1.749959826,1.785717607,1.417647362,1.562355638,1.737526894,1.126102805,1.224735856,1.503513336,1.673003912,1.523229241,1.057373643,1.100510955,1.87555933,1.871386766,1.029526234,0.5894680023,1.569764256,2.203445435,1.536666274,1.518921137,0.7302587032,1.560044646,1.993769407,1.644811392,1.270028353,1.662374258,0.8359040022,1.35193646,1.425920963,1.328538537,1.257048488,0.8069137335,2.021678925,1.724107504,1.235524774,0.8541439772,0.6801316738,1.212735176,1.10596633,1.18800807,0.861414969,0.565998435,1.129031658,1.22553432,1.705700159,1.487969995,0.8298216462,1.843502283,2.157298803,1.619755745,1.692984343,0.8137739897,1.1389153,1.832224846,2.013144732,1.175362945,1.497792721,1.394107223,0.9767705798,2.054640532,1.653198838,1.122723699,1.40713644,1.794567466,1.650119305,1.461008191,1.008127093,1.258555889,1.249395251,1.080153227,0.5771835446,0.4704547524,0.5801156163,0.7359439135,0.6010046005,0.3624087572,0.2600643933,0.2298406363,0.296554178,0.3273923397,0.1799518466,0.1139504239,0.07317335904,0.1662280411,0.1688494533,0.1068750098,0.05153527856,0.05658080429,0.06494563073,0.2326542139,0.1495555192,0.1721803397,0.1215393692,0.1030655876,0.291000843,0.3994226456,0.3259498477,0.1938303411,0.2352601886,0.1657801867,0.2016479522,0.2381045073,0.1135690212,0.1129921675,0.04615001753,0.06050544605,0.06962070614,0.06063059717,0.02442903817,0.009332651272,0.01113621518,0.008445169777,0.005013649818,0.001236312557,takana
0.6929263473,0.9786629677,1.700136662,0.6827214956,1.921187043,3.337566853,1.098986149,0.9879636765,1.249872684,2.93105197,4.01236105,1.472472429,0.7297009826,1.365437746,1.597857952,2.112220049,1.505630493,2.333464622,2.531260967,2.320196152,3.718506575,3.740227222,1.679628253,1.761044741,2.959052086,3.931915998,4.89258337,3.183857441,2.898603916,4.386266708,3.915784836,4.681969166,2.807278872,1.712640285,2.624685287,2.845631599,3.908083677,2.875617743,1.792379737,2.489012241,2.788402557,2.798981428,3.314186573,2.088443995,3.000059128,2.569966316,2.979154348,4.705717564,3.403823376,3.287616253,3.475191593,3.537223101,4.455711365,2.830010653,2.172305584,1.609347105,1.962925076,2.903793097,2.515579462,1.261592269,1.014454246,0.8248493671,1.903174639,2.60171628,1.384733796,1.265315652,0.8246029615,1.78894031,2.723303556,1.767601132,1.408133745,1.490230083,1.653928041,2.567323923,2.093293428,1.53763473,1.320726871,1.233663797,1.850598454,1.915317059,1.485412717,1.40319407,1.146400332,1.098857999,1.545578718,1.616551995,1.84667623,1.3761518,0.798842907,1.750910163,2.038933754,1.500524879,0.7236226797,0.7468724251,1.824460626,2.009051561,1.010717034,0.8498077989,1.024464846,2.100212336,1.705854058,0.9369210005,0.8408315182,1.168990612,1.074409127,2.203666925,0.8676712513,0.8211885691,0.4646175206,0.6978088617,1.324096918,0.8818874359,0.4443715513,0.4235236347,0.5379397273,1.095027566,0.901084125,0.6269800663,0.4722747505,0.6621070504,1.019174814,1.061265349,0.6161088943,0.3016105592,0.3735004365,1.042654037,0.9462071657,0.5883439183,0.6842138171,0.3775403202,1.224328637,1.882697701,1.202621698,1.223935604,1.088055968,1.030472517,1.74883604,1.061581612,0.7513822317,1.554128766,1.344881058,1.194021583,1.057198524,1.014302135,0.717874527,1.18155551,1.543069124,1.597591281,1.311743259,1.232528806,1.078354239,1.634838223,1.923911572,1.020158291,0.8356403708,0.4413762689,0.4173066616,0.7814492583,0.517424643,0.2750577033,0.2863543332,0.306835115,0.3879431784,0.3769770265,0.1631127596,0.1934104264,0.1358441114,0.1435297579,0.1875470728,0.05625327677,0.09335399419,0.04839041829,0.1086763591,0.1775799096,0.1936814934,0.1285784096,0.1171861812,0.1747469306,0.3076591194,0.4491381049,0.2640901804,0.2940128148,0.1256631017,0.2917525172,0.3356590569,0.2399187833,0.1719382405,0.1002690122,0.1300199628,0.1888697743,0.2088514417,0.1054057628,0.06668008864,0.0432437174,0.01886816695,0.01249997783,0.02045521326,0.01209909748,0.004467762541,0.007764237933,takana
0.8196274042,1.16843462,1.227407694,0.995259881,2.663367987,3.369087458,1.917155147,1.549010038,1.986821294,3.449639082,4.153473377,1.806895494,1.665222049,1.92395854,2.093197107,2.235616446,1.131987691,1.986158609,2.731056213,2.924038172,4.128794193,2.948094606,2.515491247,2.539555311,2.801757812,4.885386944,4.685981274,3.311555147,4.125506878,3.818763971,4.16891098,4.703361034,2.319469452,3.369092941,2.548368454,2.824466705,4.146689415,2.278225899,2.851130247,2.215662479,2.738994122,3.625205994,2.933726311,2.997823954,2.705363035,2.237332821,4.224461555,4.151452065,3.643779039,3.220255375,3.770878553,4.497647762,3.905567408,2.359675407,2.068149328,2.13107276,2.838241816,2.918967485,1.52917707,1.138719559,1.348013401,1.255083799,2.627063513,1.415875316,1.411099672,1.638862967,2.061414957,2.716163635,1.814348102,1.386507273,1.323538423,2.108729124,2.525650024,2.041216612,1.488591671,1.319830775,2.023425341,2.032803059,1.87686646,1.492513776,1.504379034,1.472883582,1.658445001,1.453471184,1.558214664,1.662406802,1.569764733,1.59418571,1.076687098,1.560337067,1.860859632,1.463452935,1.36850214,1.148029327,1.148293853,2.072169542,1.751481891,1.096100688,1.609506845,1.565690994,1.650499701,1.006011724,1.213573098,1.737076879,1.231706381,0.906240046,0.8567999005,1.290077448,1.3896842,1.651502967,1.034992933,1.398063779,1.197089791,1.410840273,1.775844097,0.9372329116,1.437011719,1.359248519,1.757138133,1.800770283,1.128125191,0.8568102717,1.06547749,0.9049259424,1.106762528,1.171441913,0.6437803507,0.6832975149,0.8667078018,1.014858007,1.56313026,1.087554574,0.6846975088,1.500329256,1.559862018,1.582464576,1.16777885,0.7289820313,1.089906573,1.761954188,2.018669128,1.047945142,1.49354136,1.296160698,1.052809238,2.46261549,1.551075935,1.356904984,1.830515265,2.021784782,2.168885231,1.949215174,1.733954549,1.505086541,1.48810041,1.169953346,0.9412072897,0.9231002927,1.039039016,0.8284626007,0.8657810092,0.8211891651,0.6459926367,0.4467287362,0.2517780662,0.4435868859,0.3609852195,0.249560535,0.24824965,0.2168557197,0.1606942117,0.1660156548,0.1040317565,0.08444038033,0.1156636178,0.1055948883,0.1336046606,0.1658949405,0.1460212618,0.2961621881,0.2890965044,0.4412607551,0.3744649589,0.2446220368,0.3261503875,0.2228063047,0.1655278802,0.2208375782,0.07522092015,0.09747506678,0.09190237522,0.098751463,0.05849104002,0.02306150831,0.01527772471,0.01312265359,0.01065557264,0.007145927288,0.007030385081,0.005877028685,takana
0.9304735065,0.9217448235,1.147344232,0.9518820047,1.931367636,3.534410477,1.869791031,1.503484964,1.598489881,2.796964169,4.00605154,2.259458542,1.470681787,1.445484757,1.463875532,1.52347815,1.842777252,2.195301294,2.603969097,2.810340881,2.938719034,4.108166218,2.941138744,2.297422409,3.048111439,3.831517458,4.133895874,4.553605556,3.950372458,4.528733253,3.405115604,3.38766098,4.278009892,3.125402451,2.705997467,2.415520906,2.572037458,3.341005325,3.694963694,2.500468493,2.220580816,2.196666956,2.399266958,3.713220835,2.918009043,2.298690081,2.688134432,3.780092478,4.595499992,4.104757309,3.071063995,2.995320082,3.108443737,3.929028988,3.843600273,2.201767445,1.613934517,2.061276436,2.304509401,2.403365135,1.887380719,0.5908306241,1.723548651,2.307437658,2.435058355,2.469969034,1.359684706,1.727393389,1.80929172,2.100675344,2.735993147,2.17863059,1.739995956,1.515752912,2.040686131,2.060726881,2.401261091,2.145136595,1.260792613,1.749439716,1.616897821,1.874373674,2.260998487,1.441411376,1.684238791,1.854599595,1.526652217,2.150128841,1.706096649,1.73034513,1.788891196,1.31838119,1.897168994,1.771060348,1.448818684,1.251817942,1.887485862,2.117417812,1.31888175,1.068085194,1.070645332,1.662893772,1.590716839,1.544521689,1.114966869,1.214022875,1.442325711,1.324749589,1.441927195,1.244913697,1.271210313,1.643217683,1.564953923,1.537068844,1.685451746,1.185484529,1.157160878,1.349290848,1.918163776,1.763118744,1.306748152,1.031808615,0.849858582,1.083447456,0.7955282927,1.330157757,0.7795861363,0.806358695,0.9846970439,0.8785022497,1.730930567,1.484918356,1.012403607,1.456215143,1.368804216,1.497739792,1.62454164,0.8101089001,1.167589545,1.580983639,1.81508553,1.473614931,1.542929411,1.499769211,1.023006916,1.962975979,1.967806816,1.622914672,2.022651911,2.052503824,2.098311186,2.025726318,2.162013769,1.764086843,1.48719728,1.319254518,1.157619119,0.9099526405,1.069546461,0.7415878177,0.8293330073,0.8091424108,0.6453205943,0.6079592109,0.4608508646,0.3562302589,0.2053312063,0.3103666008,0.2679171562,0.2483160198,0.1826648265,0.2070586532,0.2114953846,0.1962523758,0.2074111551,0.1994314045,0.1333384216,0.2493862361,0.4772028923,0.5710384846,0.4514266253,0.3984643519,0.3803346455,0.3037286401,0.5175236464,0.5104566216,0.3119697571,0.3031879365,0.1608844399,0.233856529,0.1871073544,0.1074299738,0.06785418838,0.0869332552,0.04184824601,0.04727721587,0.02621626668,0.01802868396,0.009264986031,0.007449073251,takana
0.7321740985,0.9896572232,0.8069861531,0.8776763678,2.704286814,2.76852417,1.325219631,1.652060032,2.409100533,3.977203608,4.034099102,1.944273114,1.553736925,2.248920918,2.055738926,1.845678449,0.8878106475,1.476011753,2.156618595,2.755404949,3.334030151,2.884574652,3.248804808,2.510228157,2.358690262,4.133615017,4.171340466,3.324276447,2.647032022,2.746758223,3.206784487,3.503792763,2.808353186,2.452194929,2.018520832,2.569146395,3.328465939,1.951712728,2.022664785,1.182115436,2.962804794,3.730020761,2.610869884,2.506220818,1.992791533,3.351888418,3.685315609,3.143654823,2.679525137,2.785055876,3.42700243,4.603047848,4.128389359,2.736076355,2.986413002,3.21394515,4.257882595,3.950606585,2.570959806,2.445209265,2.09648037,2.4480443,3.203937531,2.477858305,1.447626472,1.547815442,2.125174284,1.917454123,1.544922829,0.9826408625,1.312961936,2.23758769,2.45656085,1.629778028,1.054423809,1.362669587,1.652766109,1.767660618,1.507535815,0.7780245543,0.9358474016,1.293009162,0.9548837543,0.9901095033,0.8176920414,1.042875409,1.239753723,1.268054008,1.205211639,0.7453792691,1.293880582,0.9658502936,1.227587104,1.406340122,1.229353786,1.509220362,1.465735435,1.713065386,1.748587251,1.530681729,0.8665938973,1.374534607,2.096249104,1.697211146,2.819197893,1.378965139,1.69431138,2.031900406,1.778743386,2.070957899,0.9051427245,0.7932586074,1.376768231,0.5099451542,1.668484211,1.166090846,0.9061354995,1.097314119,1.005054832,1.382530928,1.114329696,0.7131211758,1.073143244,0.984982729,0.7917255759,1.222341299,0.7337195277,1.355549693,1.05871892,1.76017797,2.04908371,1.193326831,0.9207127094,0.8876738548,0.7077640891,0.7237155437,0.591932416,0.3669581413,0.2175504416,0.3893464506,0.4952778518,0.3010599017,0.4498269558,0.2214197963,0.4844227135,0.9077084064,0.3284482956,0.4004248381,0.2720685899,0.4944258928,0.6305821538,0.3676390648,0.4593660235,0.2748959661,0.2797553241,0.2628070414,0.3309068978,0.2937998474,0.404353857,0.2650115192,0.1984287053,0.112915948,0.103615351,0.1665283889,0.1254141331,0.1949640214,0.1560373157,0.1093901619,0.1772125214,0.08499509841,0.05545134842,0.1015619934,0.1336796135,0.05517474189,0.0367987901,0.0627861917,0.06348509341,0.03407801688,0.0321597755,0.03112754785,0.0502974987,0.05756359175,0.02581335232,0.03600791469,0.02707128227,0.03543049842,0.01361776516,0.02807606198,0.01244011056,0.01734678075,0.0115718022,0.01133083738,0.01328910608,0.009033246897,0.01477128547,0.01392011624,0.01565672085,0.009765936062,0.0134822689,0.01124914642,takana
1.88954556,1.978385448,2.404492855,2.087208986,3.645390511,2.813179255,2.556614876,2.059169531,2.596584797,4.6210289,3.047225237,2.008268356,2.268165588,3.750319958,3.33817625,1.742640734,1.571733117,2.705973625,3.907449484,3.978823662,2.637355566,2.656191349,3.179033041,4.017769814,4.333934784,3.276233673,2.724487066,4.455826759,3.936072588,4.87228632,2.92162323,2.053251982,4.161104202,2.874385357,3.07711482,1.869579792,2.379916668,3.113460302,3.087777615,3.078366518,1.964860678,4.026306152,3.41538167,3.327024221,3.619526625,2.839987278,4.002403259,3.601696253,4.205499649,4.757554531,3.605276823,3.956240177,3.290058374,4.213101864,3.987532139,2.73357439,2.204155922,2.112661123,3.017216682,2.917587519,2.923262835,2.293461084,2.752595901,3.596325397,3.072357893,2.151123524,1.603693247,1.611348748,2.450149536,1.891366124,1.210541964,1.545556426,1.809747696,2.207071543,2.31614399,1.554976821,1.376164317,2.065337658,2.618236065,1.907471418,1.382257819,1.27098,1.669168949,2.022534132,1.44615221,1.127146721,1.348660827,1.741975546,1.655052781,1.362387419,1.159018159,1.135772228,1.567566514,1.824146986,1.492135525,1.355936527,1.381416559,2.120922565,1.516171217,0.9471072555,1.144583702,1.447665453,2.420734167,2.271295547,1.614234567,1.301149011,1.591188669,2.089300632,2.490022898,1.619162202,1.359600544,1.338504195,1.152889252,1.006608009,0.5019270778,0.6294685602,0.3622548282,0.6515156031,0.6717148423,0.4942526817,0.5406634808,0.77144593,1.05479753,1.000006676,0.6220678687,0.8865585327,1.375380158,1.882301927,1.721670151,1.533909678,1.311635256,1.491141558,2.140642166,1.816073537,1.623272538,0.8273220062,1.254190445,1.535497427,1.516398311,1.28221941,0.9038664103,1.20934701,1.432665467,1.267856836,0.9403451681,1.306766629,1.343722582,1.660538554,1.29019022,0.8500139713,1.019298553,1.175096154,1.027783871,0.7405639887,0.3146662116,0.3241873682,0.5522745848,0.5427784324,0.3987871408,0.355225414,0.2419506907,0.237393409,0.163819477,0.3122445643,0.164908126,0.2862289846,0.09928267449,0.09570293874,0.1829629093,0.1380427927,0.09439631552,0.1001028121,0.1814448386,0.1574483067,0.1750570387,0.1727126241,0.1786652803,0.268861413,0.2881663144,0.235481143,0.2490686327,0.3282307088,0.2411545962,0.3421757519,0.5397310853,0.1790530235,0.2032173872,0.1743268073,0.3257504404,0.2921665013,0.1526369005,0.2934652865,0.221572727,0.2950831652,0.1584054679,0.2017318606,0.1796270609,0.2605444193,0.4933761954,0.2034785897,thakana
1.276664853,1.385165215,1.517266273,1.93519628,3.106357813,2.463334084,2.040533781,1.375308275,2.286554813,3.880884647,2.62003684,1.44713366,1.690299153,2.525187731,2.794057131,1.141713142,1.262789607,2.331032515,3.246637583,3.238315105,2.62501049,2.923378468,3.607057095,3.812487125,3.28564167,3.29599309,3.596268892,4.014298439,4.638822556,3.553292513,2.777876854,3.43150878,3.12049222,2.459656715,2.209501505,2.33275795,2.885005713,2.772443295,3.232541323,2.356105566,3.710316658,3.124459743,3.171690941,3.551962614,3.257737875,3.730716467,3.34637022,4.274087906,4.215556145,4.657945156,3.791174412,4.558635235,4.625987053,3.665866852,3.097429514,2.777284861,3.461249352,3.019613266,3.067612886,2.065839291,3.210491657,3.864416599,3.593488693,2.82918644,2.091889858,2.66570878,2.857328892,2.38640976,1.894221783,1.576884389,2.033370018,2.718449116,2.253949404,1.438293695,2.112497568,2.56918478,2.565886259,2.262863636,1.910091281,1.751922846,2.28368926,2.098501205,1.349315643,1.367329478,1.58803761,1.792392731,1.906636357,1.570639491,1.399645448,1.528431773,1.647622705,1.568640232,1.372071981,1.562440038,1.802421808,1.999594092,1.952724814,1.428391814,1.433302879,1.76362431,1.957116365,1.583088636,2.246931076,2.330991268,2.336518526,1.953659534,2.031710625,2.197659969,2.210070133,2.062943935,1.747755647,1.61940527,0.7306102514,0.5601180792,0.9717283249,0.5139951706,0.3467814028,0.4276261926,0.4607590437,0.671118021,0.6266228557,0.6189913154,0.8187521696,1.099661827,0.8371483088,0.9662047029,1.590541363,1.914041877,1.968286633,1.694210768,1.850354075,1.819335818,1.981370926,1.898546934,1.193460226,1.031773329,1.017273068,1.478598237,1.253619194,1.461238027,1.041865468,0.7861415744,1.275380015,1.058627725,1.476275086,1.460406542,1.326710343,1.661616921,1.277457833,1.097424626,1.166480303,0.9167793393,1.162959576,0.8992292881,0.4018428922,0.4798313081,0.5117244124,0.5192841291,0.4506981373,0.3056399524,0.1205284819,0.1938941628,0.1315099895,0.2471764684,0.1442128271,0.1449507475,0.07831336558,0.05818471313,0.05077410489,0.09704966098,0.07097686082,0.04352783784,0.05341700464,0.05738721043,0.09751196206,0.1116916239,0.09922098368,0.1106499508,0.09788832068,0.1720300317,0.1821748912,0.1690515876,0.1446270347,0.2243653536,0.1699853837,0.1571771801,0.1382205635,0.08941970766,0.1432635486,0.1522646248,0.2922145128,0.2050320655,0.154473424,0.1630792171,0.1422546357,0.2115878761,0.2024712563,0.1516034156,0.1369489133,0.1154870316,thakana
0.4987289608,0.7034223676,0.8361933231,0.6728948951,1.753439069,1.205792189,0.7652265429,0.8964871764,1.375284314,2.949436188,1.737215638,1.016888142,0.8232822418,2.521834373,1.935624123,0.9594452381,0.8464337587,1.953083515,2.709486961,2.855937719,2.014596224,2.143962622,3.269673586,2.948803902,3.801441431,2.585628748,2.458883524,3.987673759,3.063135147,4.574569225,2.909475327,2.319610596,3.673226595,2.174918175,2.861986637,1.615552902,1.844898701,2.054470778,2.103718042,2.945376158,2.299037218,3.692652941,2.874091387,2.562949181,3.78042388,2.74634552,3.29697156,3.032644749,3.53029108,4.733572006,2.998193264,2.402331114,2.855315447,3.742869139,4.131305218,1.69707036,1.340203285,1.637546062,2.534818411,2.838990211,1.572912216,1.511229038,2.458986282,3.030148029,3.028650999,0.9072643518,1.009643674,1.176322103,2.182026148,2.082376242,0.6564865708,1.019194603,1.284410834,1.912507296,2.255068064,0.9493505955,1.029808044,1.269459605,2.115044832,1.747729897,0.7861169577,0.7195901275,0.8523443937,1.547241688,1.185268998,0.6364101171,0.7701750994,0.8713264465,1.037690282,0.7708516121,0.8142001033,0.8510509133,1.159099221,0.9986804724,1.22909081,1.453779578,1.166069508,1.614007354,1.054391861,0.824971199,0.9059265852,1.10904479,1.603745818,1.843222022,0.9950528741,0.8535410166,1.361821294,1.262174726,2.245148182,0.9633875489,0.901440084,0.5749152303,0.3309225142,0.3446712196,0.2637268007,0.2431188971,0.08930894732,0.1610330194,0.1537792087,0.1316133887,0.2719291151,0.1886957884,0.2494739741,0.8300799727,0.3691238463,0.3436452448,0.285926193,0.9197540283,1.498522878,0.981905818,0.7377237082,0.7126092911,1.356525064,1.860872984,1.157786846,0.4275592864,0.6383441091,1.154355407,1.641222715,0.8187664151,0.4387171865,0.6469283104,1.220932245,1.026029229,0.5757274032,0.7266527414,0.7073602676,1.48362112,1.339093924,0.5504368544,0.6097296476,0.9256080985,1.296433926,0.8254831433,0.3697523773,0.2910555303,0.2771588266,0.2763733566,0.2108852416,0.2356711328,0.08101380616,0.05109012499,0.05757184327,0.03815317154,0.03805404156,0.01960584149,0.02877671272,0.0217347499,0.0204196088,0.01982081681,0.02750473842,0.01936821267,0.1049729213,0.09943836182,0.07579202205,0.2123408318,0.1890984029,0.156917721,0.06620786339,0.06919000298,0.1734443009,0.1216510981,0.1411650628,0.06910701841,0.17968674,0.0874863565,0.03402328491,0.02073791623,0.02263005823,0.04359193146,0.02519469708,0.01332825143,0.01415784191,0.0147755025,0.01443175878,0.01301091723,0.01424581558,0.01772947982,0.02270440571,0.01584998146,thakana
0.6663035154,0.6678853035,1.029456139,0.4779880941,1.416712761,1.644914865,0.9365522265,0.678884387,0.9995501637,2.879159689,3.024915934,0.8467831016,0.8093582988,1.141964078,1.036331177,1.31920898,1.098507166,1.726576805,1.970372319,2.497034311,2.821413994,2.129950523,2.480521917,2.435984612,2.495192289,4.070819855,2.399210691,3.572125196,3.146813154,3.456931353,4.480910301,2.005955696,2.707362652,1.595465541,2.081961155,2.888281822,1.671790719,2.169676304,2.332816839,1.951457739,3.446410179,2.62832737,2.372031212,1.977152824,2.561594248,3.850579977,3.422887087,3.377588272,2.981000185,3.282508135,4.823514938,3.387121439,2.098783255,2.364070892,2.965714693,3.684077024,2.183072329,1.211761713,1.569529533,1.985433578,3.542137861,2.148034334,1.228706241,1.518612266,1.988336921,2.735312223,1.733270049,0.6438622475,1.023072958,0.8336117268,1.775665522,1.563475966,0.8558449149,0.7424367666,1.335853815,2.142424107,1.698138595,0.8032336831,1.089575529,1.038227201,1.822602153,1.550069332,0.6772106886,0.7740318775,1.101429939,1.059280634,1.088284612,0.9171093106,1.113723993,1.302368641,0.853646338,1.190888166,0.9521080256,1.079656243,1.523333907,1.159080625,1.071452141,1.079351187,0.9115362167,0.6988840699,1.463793397,1.846825838,1.448692441,1.015313387,0.9919012189,1.527138591,2.303952694,1.427910805,1.232151151,1.176354766,2.158707857,2.138100147,0.6135295033,0.3548317552,0.4714802504,0.6389105916,0.7764062881,0.4309367239,0.2351027131,0.4981448352,1.389866471,1.380998731,0.6948805451,0.606408298,0.5449444056,1.575200438,1.771945357,1.230927944,0.9498347044,1.091954947,2.048882961,1.936044574,1.461384058,0.8149480224,0.5970956087,0.7548736334,1.130527973,0.8910005689,0.4611096382,0.4186370671,0.467780441,1.042581081,0.788850069,0.2091472745,0.3462518156,0.6587519646,1.480822086,1.347091198,0.4668136835,0.5254310369,0.9387521148,1.293913126,0.9346591234,0.5327797532,0.1095425561,0.2823046744,0.3781184256,0.4096648395,0.2039904892,0.1057038903,0.0795532614,0.04805929586,0.03056315333,0.04203289002,0.0172973834,0.02075931802,0.0166698508,0.01022168249,0.007726956159,0.012594915,0.01287723891,0.01651097462,0.0262026377,0.01844905317,0.03928226605,0.04517026618,0.07555551082,0.08972381055,0.03120584413,0.04523912817,0.0388716422,0.04068410769,0.08010651916,0.05124111474,0.0399470292,0.04022089019,0.03268893808,0.03462372348,0.03384374455,0.01823143475,0.01815751567,0.01468794607,0.0116168065,0.02111610398,0.009755522944,0.006104210857,0.003991486039,0.00540587306,0.008232817985,0.00665730238,thakana
0.2229764611,0.2546471059,0.4758453369,0.2392328531,1.170925379,0.8522905111,0.6043007374,0.4009094834,1.124025941,2.103595257,1.378904581,0.4786918163,0.7107140422,1.733334064,1.138172507,0.4751754701,1.003143668,1.099677324,1.934932113,2.503134012,1.652893066,1.89208746,2.903405428,2.530553818,3.325910807,2.564756155,2.628815889,3.87304759,3.325032711,4.478828907,3.131651402,2.771977901,3.499115705,2.284537554,2.585231304,1.871577501,2.25285697,2.414231062,2.458889484,2.683099031,2.705753803,3.57812953,3.113161325,2.558445692,3.354798079,3.342635155,3.549170732,3.248788595,3.71515131,4.45128727,3.639390945,3.103329659,3.008808613,3.683396578,3.976954699,2.137147188,1.634206533,2.214362383,2.773221254,2.492923975,1.959359765,1.382722735,1.164999723,2.605375051,2.675759554,1.180766344,1.193073273,1.585153222,1.814304709,1.681545615,0.858494997,1.119087815,0.9340593815,1.69377625,2.253140926,1.557345271,1.624679565,1.655749917,1.64676559,1.814133525,1.199842811,0.9893137813,1.074275494,1.141193628,1.251136899,0.8016468883,1.063992977,0.8890122175,0.9924991131,1.105499268,1.099418402,1.233180523,0.9970618486,1.377073884,1.52779603,1.545971751,1.414640665,1.526928663,1.370113373,1.231714964,1.086150885,1.114103198,1.583957672,1.507110119,1.513337016,1.163171887,1.157368064,1.239451647,1.856637478,1.807351708,1.417325616,1.000324249,0.6568383574,0.6011034846,0.7855771184,0.2643733621,0.2676159143,0.1857579798,0.5010597706,0.6431159377,0.5793541074,0.2595798075,0.610477984,0.9074468017,0.9982390404,1.133886337,1.038551807,1.502979875,1.62367785,1.52930057,1.456101775,1.124064088,1.592191815,1.44622612,1.07769835,0.5967417359,0.860630393,0.9904014468,1.101072073,0.8549101949,0.5429739952,0.6001935601,0.9371240735,0.6337227225,0.842204392,0.7882934809,0.6791668534,1.317910075,0.9677669406,0.7948548198,0.752840817,1.138669133,0.9713469148,0.9666369557,0.4015912712,0.2554839253,0.3847289085,0.3843677342,0.3363397419,0.2878050208,0.1102088988,0.2061609179,0.07699900866,0.1925793886,0.07260347158,0.05047576874,0.05312661454,0.02470579557,0.02817956731,0.02049091086,0.02161297575,0.02182895318,0.04426912963,0.04577373713,0.08934976906,0.1587230712,0.193258211,0.1304611266,0.1414379478,0.1886422038,0.3069500029,0.2564960122,0.2856295705,0.3000971079,0.2988328636,0.2582845986,0.1669237167,0.137511,0.09704755992,0.09325714409,0.07813702524,0.07764557004,0.04192520678,0.0330065228,0.02449860051,0.01414398476,0.008887057193,0.005381228868,0.00604393566,0.00357058784,thakana
0.2249927074,0.2904072404,0.4809216559,0.3689034879,1.411390066,0.8199189305,0.5727653503,0.5041330457,0.8203236461,2.341334581,1.036702991,0.4220382571,0.378813684,0.8415282369,0.9397957921,0.4089082181,0.4397489727,0.9264693856,2.24568224,2.272900105,1.309980154,1.62640965,2.560441017,2.954156399,3.148757458,2.350714922,2.576224089,3.949285269,3.45105052,4.358129025,2.975483894,2.662192106,2.776330471,1.997753382,2.583986044,1.873028636,2.486565113,1.761299253,2.682259321,2.419478416,2.706801653,2.287843227,2.030204296,2.849218607,3.523566008,3.480298042,2.46366477,3.083008051,4.057189941,4.359353542,3.801389694,3.21126914,3.962898493,4.059854031,3.91463089,2.54892683,1.859939933,2.174523592,2.574374437,2.262583733,2.068436146,2.563163519,3.152651787,2.993688107,2.4577384,1.442362189,1.859854221,2.025662184,1.827820778,1.356328726,0.6866619587,1.3690871,1.63832581,1.571516633,1.536183357,0.8540482521,1.306079388,1.671771526,1.611609578,1.281208754,0.6067171693,0.9456840158,1.046123624,1.240089893,1.070520997,0.4764430821,0.9761741757,1.182171583,1.45349133,1.240571141,0.7035102844,1.310924053,1.428786516,1.673408508,1.08536005,1.156811833,1.510680795,1.468235612,0.523822248,0.850888133,1.527982235,0.9752016068,1.124311328,0.9830898643,1.398064017,0.7805789709,1.249679923,1.421687245,1.750683784,2.118449688,2.077518463,1.661167383,1.094601035,0.6575524211,1.020635366,0.7923355699,0.4706238508,0.4998437464,0.7302469015,0.6741312146,1.181847572,0.7179612517,1.016931295,0.9482228756,1.091663003,1.465176702,1.37214005,1.286194563,1.724643826,1.830844522,1.95125246,1.560421228,1.591974854,1.543324828,1.180775523,1.069867373,0.7719222307,0.9257018566,1.274987459,1.119621038,0.804472506,0.7612558603,0.8538478613,0.7595365047,1.225595474,1.165810585,0.8695399165,1.26690948,1.202010155,1.276537299,0.794847548,0.8541115522,0.7832971215,0.8890844584,0.3499177396,0.4145237803,0.4484190643,0.2772218883,0.5674774647,0.3372833133,0.08990381658,0.1005789042,0.1042906046,0.1204385981,0.0599055551,0.08463796973,0.0398401767,0.01610730775,0.01413614862,0.01550509315,0.01847471111,0.01212704461,0.02684331127,0.04063386098,0.0343622379,0.06550849229,0.05201826617,0.09546606988,0.09600844234,0.1892180741,0.1183534488,0.1111005247,0.2661302388,0.2427377254,0.2166001648,0.08682218939,0.2062119693,0.1557107568,0.1504745185,0.09003721923,0.06974517554,0.0635414049,0.03691152856,0.03624201939,0.01918154024,0.007308647968,0.009368906729,0.006026747636,0.00528452266,0.004228322301,thakana
0.3023120463,0.2239182442,0.3752270639,0.3182568848,1.348425031,0.6336232424,0.4429312348,0.4000733495,1.414725184,2.679666281,1.234686255,0.6784692407,0.6685336232,2.446696281,1.462566972,0.9590882659,1.327634811,1.557925344,2.518480301,2.492302418,1.638433218,1.883982301,3.196896076,3.138164997,3.249011278,2.825288057,2.49595952,4.475585938,3.030083418,4.284657001,3.548011303,2.328603983,3.721892834,1.639562726,2.639190674,2.224782705,2.592267036,1.903381228,2.249773026,2.691387653,2.818879366,3.648411274,1.999144673,2.385865688,3.284924984,3.722801208,3.697975636,2.350542068,3.774548292,4.481098175,4.216775894,2.789531469,2.201344728,3.73798871,3.970192909,3.15809083,1.398679137,1.729022264,2.691155434,2.575575352,2.5633533,1.472922921,1.854445815,3.049559355,2.780469894,2.005304813,0.8024476767,1.098979354,1.943105936,1.558238029,0.8966923952,0.6643992662,0.7849582434,1.264284849,1.833724976,1.45663166,0.5710163713,0.9104108214,1.433474302,1.209471345,1.108384728,0.4130165279,0.5885692239,1.094727278,0.9280253649,0.5752260685,0.52006495,1.050873876,1.283437371,0.9097220302,0.487095356,0.7242538929,1.453889728,1.689420342,1.258513927,0.8680546284,1.262943149,2.246458054,1.385019898,0.7150405049,1.126237273,1.767782331,1.764265776,0.8269193172,1.042216778,1.065901041,1.631588459,1.24670589,1.26913178,1.603278518,1.939267039,1.328749895,0.7080821991,0.6355645657,1.083673358,0.9862441421,0.3375272453,0.4163094163,0.4619951248,0.6540664434,0.881639719,0.4514191747,0.8477553725,0.7306427956,1.261845589,1.079902053,0.9234988093,1.612610936,1.653115034,2.13866806,1.25014782,1.093000293,1.864504218,1.586766958,1.830260992,0.8875825405,0.8622864485,1.241628051,1.811054468,1.339799404,1.085853219,0.8900448084,1.180193067,1.001831055,1.330207944,1.365114927,1.449997902,1.546401739,1.158976316,1.07968843,1.018605351,1.071667194,0.9068683982,0.6652185917,0.230093047,0.2915758789,0.4035170674,0.2525072098,0.1670695096,0.1848965436,0.07275335491,0.105517149,0.05112240836,0.04319875687,0.03517219424,0.07159490138,0.05666802451,0.03070020676,0.0244029332,0.01665449329,0.03490621597,0.02993423678,0.02358993515,0.05547082424,0.05479175597,0.1666126549,0.1628690958,0.1353328973,0.1216765046,0.1091075242,0.221169278,0.2265131474,0.1958315372,0.1271707714,0.1502674073,0.1716972142,0.1743372977,0.1280466318,0.07832638919,0.0333475247,0.03956643119,0.02335469238,0.0151334228,0.01996006258,0.01188474428,0.01563951373,0.008124707267,0.00737317279,0.007418150548,0.009281725623,thakana
0.6843880415,0.6732220054,0.9033699632,0.6198471785,1.721667051,1.728037357,1.082821965,0.7426122427,1.362106085,3.083137035,3.153179646,0.6975185275,0.813729763,1.152758241,1.139152288,1.071446419,0.9926732183,1.310283899,2.637614727,2.219231844,2.669917822,1.854746461,2.621408939,2.831460714,2.762770176,4.260435104,2.804816484,4.310861588,3.391151428,3.474569321,4.462740898,2.337821484,3.285954475,1.39361763,2.285500526,2.829802513,2.282501221,2.664569378,1.860354424,2.408171177,3.41400075,3.506338835,2.369502306,1.85185802,2.758815765,3.773831606,4.07875061,2.903095484,2.815698385,3.863432646,4.75829792,3.981459618,2.579300642,2.902569294,3.719580889,3.845360041,2.621649265,1.343728304,2.011502504,2.582551956,3.545280457,2.56577754,1.730457902,1.995274067,2.263307571,2.783965349,1.994780302,0.84286654,1.253367066,1.124784231,1.680230141,1.553901911,0.8005491495,0.6175473332,1.715857267,2.029316664,1.693340659,0.9312016964,1.158373117,1.2868613,1.625983477,1.344132304,0.6275848746,1.29932344,1.178028941,1.140718818,1.263807535,0.7611984015,1.638582706,1.360232115,1.42495513,1.117029428,1.397437215,2.042428493,1.706530929,1.47098577,1.222637177,2.244444132,1.40355289,0.6394535303,1.055055737,1.039944887,2.061687231,1.193422318,0.8064005375,1.018597126,1.584640861,1.499021888,0.8535265326,1.029790163,1.912249923,1.675660491,1.310716391,0.6236389875,0.9388563633,1.004464507,0.5419700146,0.4032199085,0.2389606535,0.544272542,0.9169484377,0.8012831807,0.8784713745,0.5369771719,0.6917508245,1.31133616,1.432714105,1.554306507,0.9948433042,0.8914299011,1.68783772,1.583219051,1.728330016,0.8910762668,0.8552471995,0.9131314754,0.9410339594,1.172617078,0.7439587116,0.9154361486,1.056539893,1.211840391,1.23069191,0.597168386,1.071485519,1.533922195,1.526756525,1.497662544,0.7421290874,0.8422629237,1.128365755,1.064128041,0.7929443717,0.5534722805,0.2674086988,0.2802569866,0.220199734,0.2192106098,0.1773541868,0.1195934042,0.07553827763,0.105419524,0.07246187329,0.09302336723,0.05722643808,0.09336576611,0.06819520146,0.0445417501,0.02367400751,0.0435596332,0.06760077924,0.04240335897,0.05894335732,0.08528903127,0.06007388979,0.07728170604,0.07374925166,0.06537513435,0.05828763545,0.03653414175,0.07466480136,0.1523175687,0.1107015014,0.1474673897,0.1234659404,0.1059008539,0.07280826569,0.05617703125,0.06386218965,0.07064249367,0.07288288325,0.05164889619,0.05766356736,0.04171027243,0.03003314324,0.03714993969,0.04850684479,0.05148182437,0.04375409335,0.03755202517,thakana
0.745795548,0.684697628,1.121754885,0.7711985707,2.495537996,2.599936247,1.289300203,1.122881651,1.670653105,3.327173233,3.589312077,1.103579283,1.294408321,1.915871024,1.661687493,1.712835312,1.177018523,2.3490839,2.527320385,2.620090961,3.218806982,2.465423107,3.378873587,2.918690443,2.675049782,4.579898834,3.702191353,3.518878698,2.633026838,2.883689165,3.750131369,3.119109631,1.907282948,1.081195831,1.321515799,2.297058582,2.282548904,1.449892044,1.512373567,1.979468584,3.28176713,2.96817565,1.855988026,1.416322231,2.289005995,3.312138557,3.63787961,3.008666277,2.46031642,3.666156769,4.179229736,4.560428143,3.588693142,2.698508024,3.243233919,3.939970255,3.63216877,2.66724515,1.858271241,2.280778408,3.243347168,3.400052309,3.146536589,2.027513504,2.037351847,2.337162018,2.466057777,2.211298466,1.550489187,0.9432293177,1.36212492,2.0744977,1.752190471,1.171707034,1.2710886,1.618492842,1.938665509,2.113164902,1.433426261,0.693372488,1.347336888,1.402928948,1.167989612,0.8972114325,0.6993643641,0.6632980704,1.216882944,1.430558324,1.315120101,0.8660720587,1.279715896,1.48404932,1.745502591,1.659413695,1.279128432,2.178321123,1.88672173,1.665281892,1.289662361,1.659718633,1.38324523,1.048034787,1.649369597,1.689832687,1.815477848,1.02912128,1.378797531,1.347521663,1.779255271,1.963027239,1.620621681,1.431762457,0.9697105289,0.4005895257,0.8477496505,0.3365851045,0.3249364793,0.5736457705,0.5524535179,0.6650699973,0.6460523605,0.6756664515,0.9484408498,0.9608860016,1.0221771,1.074742198,1.091653228,1.709892273,1.524093032,1.660218596,1.378362775,1.414874434,1.854826093,1.548564196,1.309206486,1.070629597,0.8980540633,1.2760607,1.30672586,1.343380928,1.185730577,0.8966567516,1.093299747,0.7615070343,1.402507663,1.545279622,1.216703296,1.455155849,1.143219948,1.178133488,0.9858666658,0.8181633949,0.7518106103,0.7925353646,0.3666453958,0.3496147692,0.3843942881,0.4094142318,0.3535465896,0.1924184114,0.222558558,0.3670471311,0.1224716008,0.2340255976,0.09931848198,0.2310052365,0.1202217117,0.06316080689,0.04554688931,0.0861960426,0.06360264868,0.03308269009,0.04937597737,0.04586539418,0.0568763949,0.1311113089,0.1770614088,0.147040695,0.1704590917,0.1851110756,0.2087338269,0.3404705524,0.2835672796,0.379096657,0.3689884543,0.246747911,0.1814559102,0.1771059483,0.09278707951,0.1006362438,0.1402969062,0.07781247795,0.07455106825,0.07140129805,0.0364427045,0.03943010792,0.03417605534,0.0266230721,0.03896901384,0.06371055543,thakana
1.281130433,1.905080914,2.321423292,2.088200808,3.473160982,2.650070429,1.966080427,2.106440067,3.063816309,4.396636486,3.138482094,1.634060621,2.139052868,2.72035265,2.816488504,1.747146249,1.930263758,2.491448879,3.521877289,3.992641926,2.479002953,2.801091433,3.902521372,3.518537521,4.490355492,3.531106949,4.288241863,4.1423769,3.841091871,5.196345806,3.68346405,3.347958088,2.586680412,2.966693163,3.764720201,3.008293867,2.807038784,2.207255363,2.86197567,3.431499004,3.619813442,2.876816988,2.773167133,3.39649725,4.695148945,3.731784344,3.236153841,3.230563164,4.33548975,5.205459118,3.808606386,3.743426561,3.346073151,4.6707654,4.650944233,2.809903383,1.987835765,2.147628784,3.346642494,3.109375477,2.203693151,1.569353342,2.871406317,2.990236044,3.006453514,1.583398104,1.51615572,2.160898209,2.459187269,2.124268532,0.8526898623,2.186637163,1.655635238,2.273880243,2.441778898,1.587288141,2.147328138,1.990456581,2.187189102,1.874106407,2.031939268,1.362815857,1.499100685,1.898799658,1.479715586,1.671204329,1.384939671,1.975313187,1.94662559,1.945456147,1.528329968,1.705275416,1.93952024,1.964205146,2.405151844,2.204395056,1.876195669,1.852847457,2.268208981,1.849806547,1.28346777,1.160677314,2.064321041,2.659410715,1.370550275,0.9527245164,1.175950527,2.217697382,2.521843672,1.417689323,1.396763921,1.048883438,1.163441777,1.106856823,0.9523285627,0.3822933435,0.4084509015,0.5595590472,0.6564732194,0.3790440857,0.5881585479,0.6530042291,0.9881104827,1.443656087,0.7434214354,1.272595406,1.336386919,1.859780192,1.959067822,1.52867353,1.749270201,1.462529659,1.967683077,2.136889696,1.724574566,0.9142715931,0.9225924611,1.431311011,1.644861102,1.542540669,0.9050089121,0.829790473,1.269771338,1.184400439,0.9897525311,0.9483991265,0.9740313292,1.601472855,1.284909487,1.06385982,0.8305725455,1.193135738,1.624039173,1.016223311,0.5452594161,0.7549473047,0.377245456,0.603025198,0.4135184586,0.4247204065,0.2501907647,0.2702482045,0.245001018,0.1324270368,0.1128406599,0.1602120399,0.07442510873,0.07431450486,0.04564958066,0.05547664687,0.05930399895,0.03902852163,0.04825837165,0.03214517981,0.06208943203,0.07139959186,0.06228467077,0.1344082355,0.1271984577,0.1421719044,0.1484217197,0.2623522878,0.2453000546,0.3074359,0.1364830285,0.1589501947,0.1538214535,0.1175933704,0.1034354791,0.05810665712,0.0783219412,0.1071377471,0.04304772615,0.08606594801,0.09350191057,0.09414188564,0.07654121518,0.0954734534,0.08524053544,0.0316648148,thakana
0.8218418956,1.058031559,1.217898369,1.281078219,2.855537891,2.105587959,1.519406915,1.226479292,1.981223941,3.868017435,2.186843872,1.628361225,1.43690145,2.083910227,1.89812994,1.124448895,1.21532464,2.642201424,2.900989056,2.977153301,1.7197541,2.032135963,2.326196671,3.231824398,3.241206408,2.886800766,2.263609886,3.857397079,4.15857172,3.638161421,1.916550279,2.306454897,3.429281473,3.449675083,1.861039996,1.349301577,1.988211632,2.567767859,3.555260897,1.666955471,1.649820328,3.071085215,2.797591209,3.178495169,2.061124563,2.022949934,3.137546539,3.342839718,3.145447969,2.280123472,3.202646971,3.701134682,3.518511534,2.986181974,2.375591278,2.693838835,2.793990135,3.178314447,2.044965267,1.376933813,2.378110409,1.623318553,2.576956034,1.540064096,1.542677283,1.486514449,1.68680954,1.971868157,1.255685091,1.552475452,1.304346442,2.21707201,2.019548655,1.432390451,1.416967154,1.33206141,2.010115862,1.525094748,1.239867091,0.9538143277,1.156824112,1.396215916,0.8493782878,1.345184684,0.8170045018,0.970274806,1.28244853,1.004117012,1.430410743,1.40825963,1.748217463,1.35519135,1.777868629,1.782829165,1.816449285,2.214514971,1.795918822,1.981541634,1.662666559,2.000704765,1.676108479,1.258354783,1.605114341,0.8469253182,0.7537255287,1.261065841,1.260538936,0.5437070727,0.2608398795,0.9629024267,1.183356881,0.5406022668,0.3664291501,0.2945047319,0.7644230723,0.8892872334,0.2778475285,0.1604337841,0.3090830743,0.6168043017,1.037767529,0.3465848863,0.4837848544,0.3956415951,0.9259021878,0.8999057412,0.3441575468,0.5856661201,0.8197366595,1.188384771,0.7974593639,0.6994202733,0.7555341125,0.6225323081,1.200643539,0.6982393861,0.6479663253,0.5024844408,0.6620879173,0.7710693479,0.6362037063,0.5370181203,0.4694932401,0.4906558394,0.3338647187,0.2335475534,0.4179306924,0.1555300355,0.4852971733,0.4145818055,0.3604768813,0.4711720049,0.4422785342,0.5187706351,0.3061325252,0.4027898908,0.507643044,0.7140884995,0.5639151931,0.3661231697,0.4042719603,0.4258881807,0.3209848404,0.2565995157,0.1516437232,0.110531345,0.1832424253,0.1612269431,0.07290481031,0.05527788401,0.05746635795,0.04455229267,0.06741012633,0.06277965754,0.02425335906,0.02660684288,0.04748291522,0.07618061453,0.1026349515,0.05266764387,0.05665419623,0.09298864752,0.28628093,0.1256855279,0.1175014973,0.04064920172,0.08157797903,0.2591707706,0.07339996845,0.0975850895,0.09330387414,0.1065114811,0.1423988938,0.05278914049,0.04522751272,0.0533140339,0.1021012664,0.07333075255,0.0257215891,0.05763828009,thakana
0.7963953018,0.9010951519,0.767813921,0.9531048536,2.173458099,1.435739756,1.340952158,0.9707313776,3.108444452,2.578926802,1.305576921,0.7653045058,1.714425683,2.593102932,0.9947040677,1.073595643,1.577574134,3.339199066,2.813544273,1.443769813,1.331054688,2.538857222,3.0257442,2.010872364,1.662233233,2.922668219,4.219675064,3.481285572,2.356831312,2.268549681,2.46187067,3.013371468,2.772702217,1.570984364,2.078035593,2.556987762,2.1450212,1.664240956,1.64880693,2.248404026,2.375909567,2.179971218,1.750564098,2.784175396,2.918764591,2.484932423,2.188788414,2.442928076,3.546977043,2.994109631,2.819937468,2.494313478,2.746663332,2.554069996,2.291808605,1.861842275,1.973624825,2.167868137,1.521959901,1.07923317,1.38496244,1.078175902,1.04951036,1.022930026,0.9938025475,1.106189847,1.025526285,0.6915940046,1.06248033,0.9063390493,0.8715301752,0.7287504673,0.6761325598,0.7303889394,1.279079199,0.867639184,0.7405602336,0.7282332182,0.5849688649,0.5013157129,0.4909348786,0.3235005736,0.355797857,0.7212877274,0.339981854,0.4394012392,0.4902518392,0.6705235839,0.83950454,0.8251802921,0.7854084373,0.7048085928,0.7557198405,0.6907279491,0.8575763702,1.139664054,1.465948224,1.122391462,0.9389909506,1.094325066,1.207220793,0.6736706495,0.4992214143,0.4442510605,0.4023798108,0.4107769728,0.4651459157,0.3678696454,0.2091325372,0.5531204343,0.5124055147,0.2742178738,0.4157077968,0.3237209916,0.485117346,0.3111406267,0.2416041046,0.129869163,0.4384109974,0.3187533319,0.6353484988,0.625184238,0.4249967039,0.3556042016,0.7215002775,0.7128760815,0.2863005698,0.8246770501,0.8599939942,0.8689769506,0.60465765,0.4656168222,0.314719975,0.1957480609,0.3854856491,0.250387609,0.2938622534,0.1988967061,0.1444469243,0.1790154576,0.2748485506,0.1587773561,0.1551556438,0.122355856,0.08607088029,0.08477166295,0.1155021861,0.08568745106,0.1104590595,0.09966109693,0.1108591333,0.1211937368,0.2066122144,0.1258729994,0.07663609833,0.1507568806,0.1992465854,0.3459820449,0.2116341144,0.1603628248,0.2253668904,0.1292340159,0.2629552782,0.2131759822,0.1271349341,0.1164341569,0.06267236173,0.1164649352,0.06794092804,0.08468279988,0.02939015441,0.01571070775,0.02367588691,0.02002821863,0.01075449772,0.007712774444,0.01645203121,0.02041137032,0.04515168443,0.02941474132,0.02094202302,0.01336944569,0.07804493606,0.04970131069,0.02533105947,0.02811588347,0.03819095716,0.0487456508,0.02957210131,0.05377623439,0.03910307959,0.02463376336,0.03172697127,0.02478208207,0.02095076442,0.02087932453,0.006562035531,0.01222428307,0.01483719144,0.02685009502,thakana
0.7131833434,0.6676844358,0.8865290284,1.105975389,2.532654762,2.323427439,1.955747366,1.570426702,1.716741204,3.279759169,2.942577124,1.525786996,1.527167797,1.60122323,1.322191596,1.129799843,1.426378012,2.846408606,2.726812363,2.907128334,2.758213282,2.351541042,2.061462402,2.531315565,3.536761761,4.321889877,3.295634031,3.215384483,4.025515556,4.742343903,4.152783871,2.056961298,1.715955377,2.995718002,2.998168468,2.972688198,1.974573255,2.231603861,3.650243521,3.329861641,3.378952742,2.067190647,2.57877183,3.074982405,3.856253862,3.564568996,2.566516161,3.497350931,3.694799662,4.027405262,3.618583679,3.01529789,2.742607117,3.018912792,3.427154541,2.819917202,2.405792952,2.229499817,2.054996014,2.11523819,2.548750162,1.397214651,1.52962625,1.758126378,1.675409079,1.62558651,1.200924277,1.256044269,1.526989102,1.778737187,1.59195292,1.456997514,1.516266823,1.586363554,1.653869987,1.543442011,1.144489288,1.046367288,0.9736845493,0.9247969985,0.9155902863,0.8838355541,0.9201301932,1.233751297,0.5054898858,0.6062296033,0.9320878386,1.358497739,1.506517053,1.62197578,1.235026598,1.539908528,2.18656373,1.761321783,1.97209692,2.010834932,1.768531322,2.065817833,1.621247292,1.750806928,1.44181633,1.413054228,1.392413497,0.8685733676,1.035271049,1.306447506,1.072704077,0.2606828809,0.903660655,1.576062799,1.350154161,0.893819809,0.6187926531,0.9752790928,1.148972631,0.9303090572,0.6318675876,0.2953104675,0.9141397476,0.9355875254,1.479502559,0.8578724861,0.5315982103,0.8421750069,1.295844555,1.528611898,0.9292612076,0.6615807414,1.492063165,1.469981313,1.622038484,1.299935102,0.648457408,0.5854285359,1.147325635,0.8929394484,0.5411939025,0.2801516056,0.3424465358,0.2897463441,0.6582633853,0.5123907924,0.2756057382,0.1083583981,0.2386484295,0.1356040388,0.1555270553,0.09092721343,0.1778207123,0.1812657565,0.2721180916,0.2626548707,0.1236723736,0.1216443405,0.1058600992,0.1288416833,0.1335980296,0.1625721157,0.2172899693,0.2072147727,0.2134556174,0.2804178894,0.2296170741,0.3427965045,0.2820418179,0.346439302,0.2222279161,0.1416980773,0.1819048673,0.2148350775,0.1434956491,0.08331415802,0.1329565644,0.0619023554,0.04380803555,0.05347037315,0.1023255661,0.05243651196,0.1471288055,0.04651529714,0.08891318738,0.1658590734,0.05428523198,0.04163558781,0.06134256721,0.07388831675,0.09355440736,0.1484112591,0.1175487936,0.1265696585,0.06204009801,0.05945545062,0.04106002301,0.07325424254,0.04512053728,0.05939695239,0.08806975931,0.04874090478,0.04429433122,0.07281008363,thakana
1.253954053,1.796746373,1.651968241,1.833202839,3.687429905,2.513189077,2.367453575,1.921027184,2.990402699,4.682041168,2.361858606,1.888339877,2.051614046,3.166889906,2.841653347,1.650986552,1.838055611,3.388759613,3.954019547,2.978802443,2.199953079,2.270721197,3.305467367,3.726650238,2.919619322,3.312707663,3.297934771,4.821618557,4.300851822,3.261148453,2.408704996,3.270498514,3.874029398,3.082691908,2.433161259,2.235826969,3.00893259,3.062389135,2.991218328,2.135303259,2.30667901,3.665118933,3.013056278,2.462300062,2.683923244,3.016603947,3.957993984,3.36207819,2.954846382,3.101160049,4.081906796,4.181816578,2.885695457,2.607970476,2.903262377,3.485726595,3.067550659,2.56447506,1.860032201,2.384596586,2.71281743,1.405908942,1.581032038,1.694828033,2.35468483,2.223908663,1.573791146,1.618206263,1.206502438,2.146891117,1.682375431,1.330094218,1.313420653,1.3435812,1.897349,1.751099467,1.213698387,1.16106081,1.265402675,1.014320374,1.244765639,1.028813362,0.9033920169,1.138279557,0.8907732368,1.191122651,1.23847568,1.363429189,1.4899472,1.347975492,1.953560352,1.493086457,1.840112567,1.687369347,1.780304074,2.525215864,1.923566461,2.000035763,1.744614482,1.819792151,1.863654494,1.60320878,1.393382907,1.045666456,1.012124538,1.355688691,1.372016668,0.85880059,0.443692565,0.5427936912,0.6670880318,0.7512055039,0.5726398826,0.2250821143,0.401899159,0.2574926913,0.4211869538,0.1686287522,0.2132682651,0.2169755548,0.6209042072,0.5445000529,0.3611661792,0.4059167206,0.6157618165,0.6389592886,0.5087600946,0.5015458465,0.9109042883,1.022432327,0.8131466508,0.9243303537,0.748652935,1.006626725,1.162213326,0.8541914225,1.019338131,0.5742021203,0.8031491637,0.701338768,0.9826301336,0.8000187874,0.7278421521,0.8018214107,0.5996011496,0.3459263146,0.4711997509,0.5481815934,0.4054334462,0.8052685857,0.5983991623,0.7645998597,1.084636092,0.4619350433,0.7892763019,0.778075397,1.09670794,1.596181035,0.9553842545,1.033574224,1.109981537,0.7931544185,1.405116081,1.036909461,0.7690466642,0.5053914189,0.427434057,0.3163766563,0.2251393795,0.2359793931,0.1500827372,0.1348466724,0.113651067,0.1185557544,0.08609716594,0.1088868901,0.2223116904,0.1916362494,0.2515532374,0.2135767341,0.1410510689,0.20393686,0.1921582669,0.2612878084,0.2427538484,0.2396746427,0.153546989,0.2889927328,0.2010832429,0.1853417605,0.2419242114,0.2120291293,0.2671093345,0.2874739766,0.1281297803,0.240294084,0.1176799238,0.1520948112,0.1060717702,0.1305689663,thakana
0.9549563527,1.044220567,1.308427095,1.109952927,2.935889959,2.291464567,1.947235584,1.315762162,2.500217676,3.574597597,2.355920315,1.34360671,1.675738692,2.141154766,1.605064631,1.117583871,1.13729918,2.774765968,3.161316633,3.07985568,2.078223944,2.361365318,2.516934872,3.594768763,3.443448067,3.441083193,2.611684561,3.703989029,4.82919693,4.185052395,2.425317049,2.069333792,3.100483418,3.535377026,2.350145102,1.876400709,1.600393891,2.934434175,3.774508715,2.407240391,1.933292747,2.308575153,3.889407635,3.552857637,2.686626673,1.960204482,3.819836617,3.965572119,3.858952045,2.980763674,2.724187613,3.99585104,3.417711973,3.494600296,2.321151733,1.822329402,2.760228395,2.822250128,2.116065502,1.013148069,1.688534617,1.573508382,2.408851862,1.832668543,0.8265445828,1.58342123,1.303080678,2.327105284,1.537844777,1.15362215,1.581504345,1.486723781,2.315596104,1.220577121,1.329656124,1.470607758,1.62263453,1.992620111,0.8343092203,0.9624248743,0.8789377213,0.6889907718,0.9490217566,0.9952367544,1.046415448,0.8145708442,0.9356223941,1.3328619,1.649413466,1.366724849,1.48763895,1.047134876,1.724280119,2.254303217,1.656651735,1.971900821,1.65236938,1.616939664,2.282114506,1.620973587,1.28700161,0.6872794032,0.6838624477,1.56234324,0.3630975783,0.6672930121,0.8605802059,0.4825474918,0.6606963873,0.2684428394,0.7598999143,0.6672953963,0.830339551,0.4759199619,0.5582934618,0.877585113,0.3307889402,0.397336781,0.3365923166,0.3041840792,0.8156958222,0.623156786,1.103824377,0.3442708254,0.4486717284,0.5258258581,0.6629217863,0.7573768497,0.4618928134,0.3662252128,0.531219542,1.307262301,0.6382722259,0.3864361346,0.6711559892,0.6445273757,1.304822087,0.3849652708,0.3624818325,0.4827541113,1.169983983,1.013519645,0.2854806483,0.2650581598,0.3072850704,0.4796995223,0.4518426061,0.2244741917,0.1956440806,0.5401272774,0.5502220392,0.4338335097,0.373929888,0.1997158676,0.4641125202,0.5157932639,0.6756998897,0.6945120096,0.7375931144,0.6153784394,0.5627980232,0.6263974905,0.4850419164,0.4090462327,0.4291594326,0.2776811123,0.3563726246,0.1740549803,0.06939452887,0.07669661939,0.06660903245,0.08801072836,0.0751254335,0.1030559242,0.04512531683,0.1656106263,0.2824349999,0.1230185032,0.08092585206,0.1665581167,0.2389311194,0.1454825997,0.19745031,0.1613978446,0.1696496159,0.3969467878,0.1185582057,0.1182975322,0.07205604017,0.1808148026,0.0549069345,0.08533932269,0.0580479987,0.0485635139,0.122068584,0.092033647,0.0327803269,0.03138548136,0.03274802491,0.02130387723,thakana
0.3788759708,0.5412585139,0.6229186654,0.7184677124,1.683442831,1.634644866,1.238526702,0.890783608,1.421730995,2.071258307,1.510038257,0.9818872809,0.9385592937,0.9705984592,0.7885751724,0.3241321743,0.660476625,1.907331944,2.123219252,2.215164661,1.039178371,1.270438552,1.572534442,2.454107046,2.548560381,2.519230127,1.735536933,2.879200935,3.916015148,3.63582778,2.06349349,1.251349449,2.22774601,3.049499273,2.397927284,1.768847227,1.600401759,2.44949007,3.487845898,2.395815134,1.676936388,1.661921263,2.824507475,2.762360573,2.53385663,1.938274503,2.521245241,3.669980288,3.547541857,2.7891922,2.26132679,3.021099567,2.501297474,2.344482183,1.975149393,1.140688419,2.167228222,1.900716543,1.516247869,0.8191689253,1.092909813,1.302520394,0.905898571,1.233158112,1.030504465,0.9542185068,1.054637432,1.045580506,1.405433059,1.025009751,0.6970964074,1.297121882,1.047354221,1.391892314,0.9885389209,0.7809721828,1.132342339,1.008681536,1.041204453,0.5777078271,0.6202646494,0.8149086237,0.5621454716,1.309293866,0.6536154747,0.5604405999,1.019797087,0.9130511284,1.460379601,1.427157402,1.06832242,1.219961643,1.368538737,1.931482434,1.732344031,1.554299355,1.906402946,1.595491052,1.361815572,1.513022542,1.639749765,1.03010428,0.7740830183,0.5166838765,0.6552914381,0.6569433212,0.2882736921,0.2152060568,0.2854966521,0.1705415845,0.1350226253,0.1347790807,0.2504067421,0.3002320528,0.08156908303,0.06627019495,0.1264600307,0.156957984,0.2107017636,0.08489476144,0.2298096269,0.2822624147,0.453620702,0.3408891261,0.3277520239,0.4977967441,0.3138542175,0.6212055683,0.7213689685,0.5059543252,0.5208894014,0.5047374368,0.7113013864,0.4228861928,0.6471595764,0.5917190909,0.4566938877,0.5172974467,0.4228518605,0.291613102,0.6120499372,0.3365061879,0.3163268268,0.1828818172,0.1695913076,0.08229256421,0.190060541,0.1295625269,0.1120698452,0.1073436812,0.1286974847,0.1017501131,0.08742062002,0.07923647761,0.07083963603,0.1217411011,0.130777806,0.1913258135,0.1647924632,0.1364490539,0.2361701876,0.07852035761,0.1230753437,0.1883803755,0.233306542,0.1300118417,0.07420065254,0.06830022484,0.05573679507,0.05186553299,0.02155217528,0.0201042071,0.01858406514,0.01845269836,0.01006473787,0.01784912869,0.02431922592,0.02283327468,0.02869464085,0.03045344353,0.02806774527,0.01778527535,0.02710017003,0.08469107002,0.07801350951,0.02854223736,0.06305481493,0.03444711119,0.04719227925,0.03281404078,0.06462479383,0.03167027608,0.04972989112,0.02757807076,0.02790823951,0.04933444038,0.02617516369,0.0420935452,0.02012416907,0.01912307926,thakana
0.3526726663,0.5125081539,0.6327227354,0.4929756224,1.713438988,1.635255098,1.021876097,0.8631864786,1.049329638,2.347203016,1.554327607,0.7954346538,0.5871070027,0.9744724035,1.10463047,0.6414701939,0.7402405739,2.166082382,2.310154676,2.84293294,2.017184258,1.617556453,1.83780396,2.740457535,3.547027349,3.253569841,2.311321259,2.836984396,4.151552677,4.225950718,2.099737167,1.15920198,2.126839876,2.670567036,2.404698372,1.365977645,1.055833697,2.70736599,3.347426653,2.654796839,1.534509897,1.798524499,3.220450401,3.213486671,3.239198685,2.076996803,2.883069515,3.889094591,4.306504726,3.708177567,2.581152916,3.0452075,2.834725618,3.438312531,2.419318676,1.164406538,2.125898838,1.814838648,2.403150082,1.083675861,1.060112476,1.137969971,1.624841094,2.087955952,1.032650828,0.7617499232,0.9435195923,1.410870314,1.769335747,0.7008399963,0.778442204,0.9221918583,1.161633015,1.43631053,0.8713899255,0.9733103514,0.9189248085,1.170209289,0.8998221755,0.4979610145,0.5079891682,0.3891919553,0.5026757717,0.5783670545,0.4604151249,0.6895531416,0.7726277113,0.8497811556,0.8211001158,1.157220721,1.013069034,0.8200543523,1.277356386,1.34909761,1.522097707,1.68420577,1.730884433,1.374618292,1.368909121,1.6501652,1.036464453,0.469923228,0.6360195875,0.7048931122,0.5913312435,0.4383208156,0.6161646843,0.7860230207,0.4550457001,0.364212662,0.4385414124,0.781983614,1.693262577,0.7340604663,0.4053400457,0.3753243685,0.2870889604,0.5668211579,0.4756068587,0.3161883652,0.5954930782,1.124472499,1.38626945,0.6208683252,0.5423893929,0.3777006567,1.070224404,1.456131339,1.106192231,0.8192979097,0.6576055288,1.603165269,1.401349783,0.7365114093,0.9481518269,0.5470144153,1.313768864,0.888522625,0.5636796355,0.6709296703,0.8189979792,0.5680187941,0.381798774,0.2368639708,0.1651135534,0.1811535507,0.2079368979,0.05937041715,0.06043471396,0.09279954433,0.1436315775,0.1179547086,0.09247162938,0.05356180295,0.09500385821,0.2116574198,0.2381983548,0.1230551451,0.1530936062,0.1323904544,0.1783059686,0.19655402,0.132471323,0.2112375945,0.110185042,0.0811490491,0.04716523364,0.04211304337,0.04030551761,0.06225166842,0.05861568451,0.01845762879,0.02562119439,0.01643579453,0.007505974267,0.009189641103,0.01565592363,0.01988395862,0.01741608232,0.01246320643,0.01021211408,0.01225654781,0.01099536568,0.04019727558,0.04155802354,0.04174282774,0.03022323549,0.04313075542,0.0455991365,0.07062974572,0.03467438743,0.05190974846,0.03252126649,0.02475009859,0.01515102945,0.03139063716,0.05562477186,0.02726618387,0.02180478536,0.01404443849,thakana
1.665555716,2.162776709,2.764613628,2.283022881,4.453717709,3.10969615,2.777330399,2.206532001,3.038542747,5.141685486,3.357682943,1.920794964,2.349557877,3.52085495,3.208425522,1.800723314,2.125888109,4.017804623,4.129819393,4.041260242,2.791731596,2.5855937,3.022819042,4.133206844,4.309981823,4.065720081,3.578277826,4.162191391,4.467720985,5.282961369,3.603608131,2.405982018,3.794541597,3.715635538,3.451931238,2.677022219,1.963483453,2.986365795,3.922292709,3.740660906,2.944281101,3.755286932,4.136339188,3.733604431,4.257568359,3.201289415,3.978922844,3.692858696,4.499343872,4.580327988,3.365239143,4.322238445,3.407182693,3.75825429,3.324073076,2.469310045,2.916883469,3.151168585,3.177651167,2.033531427,2.715127945,1.967620134,1.86844182,2.456353664,1.968908787,1.636416674,1.802854538,2.439386368,2.281923056,2.039380312,1.613478303,1.810584664,2.114878416,2.063168526,2.155407667,1.168304086,1.554601073,1.897338748,1.406377554,1.600656509,1.457411647,1.033645034,1.224152088,1.440396786,1.23610568,1.095035672,1.181521297,1.495515227,1.80289793,1.63916111,1.62792933,1.413567543,2.185397148,2.381246805,1.874078155,2.202309847,2.101255417,2.442227602,2.680264235,2.531106234,1.917116046,1.450420856,2.083599091,1.870290518,1.035880327,0.9207361937,1.547096133,1.399138808,1.164709449,0.8502523303,0.9256171584,0.9656572342,1.351493835,0.8091977239,0.6436190009,0.649697423,0.7515903711,0.7713286281,1.141773462,0.4521329403,1.181130767,1.398558855,1.325514197,1.172343016,1.092055917,1.30853653,1.251218081,1.321164608,1.625291109,1.217636228,1.904217243,1.569146276,1.428232551,1.107640624,1.566350222,1.800701618,1.525893569,1.027813435,0.8813937902,1.406756163,1.891616464,1.399630904,0.9604594707,0.7230473757,1.195939183,0.7305663228,1.240269542,0.443811357,0.8961641192,1.585865378,1.099810719,1.129644036,0.7470030785,0.9183505774,1.176079273,1.167346001,1.285933614,1.181046605,1.617170691,1.366575003,1.276778579,1.085036755,0.7041005492,1.179108977,0.8060988784,0.7515343428,0.4914730191,0.5139361024,0.3674534857,0.3573326766,0.2795713544,0.1059230343,0.1644526124,0.122865051,0.1042752862,0.06319881231,0.1185160056,0.07155223191,0.07402528077,0.1293937713,0.08153615892,0.09602287412,0.1617278755,0.1362005323,0.3374070227,0.4110775888,0.172951743,0.2985340357,0.4215800762,0.2470259666,0.3765061498,0.3324412405,0.2638296485,0.2072324902,0.1187117994,0.1823898107,0.1620706618,0.1266163439,0.09025965631,0.0911616385,thakana
0.9595341682,0.9972566366,1.556290388,1.086363435,2.996478558,2.086612463,1.656084061,1.388171792,2.560534954,4.047748566,2.303669214,1.372983813,1.4957726,2.078346968,1.967036724,1.137190461,1.321856022,2.905810833,3.025711775,3.238942862,2.083820343,1.941838622,2.499716282,3.409874678,3.229049206,3.494586229,2.915698767,4.013816357,4.8097229,3.790267229,2.47461462,2.178863049,2.70301795,3.223411083,2.095831633,2.026047945,1.962701559,3.204043627,3.332139015,2.119316816,2.102757454,2.724459887,3.551220894,2.980376005,2.767500877,2.783846855,3.251307487,4.294432163,3.133588314,3.218222141,3.228550434,3.795572042,3.832566977,2.523160696,2.551582813,1.943142176,2.920104742,2.509339094,1.432159662,1.216997981,1.702350855,1.873681903,1.471371412,1.252840638,1.152483582,1.188883662,1.890367985,1.262390852,1.1120224,1.170038104,1.308280587,1.992994308,1.085604548,0.9894161224,1.143101454,1.439690113,1.404981017,1.011433363,0.7431316972,0.5681672096,1.324130177,0.7359021306,0.5643979907,0.8428804278,0.5871038437,1.048746586,0.9159569144,1.088534236,0.9299823046,1.310778975,1.714893103,1.134843946,1.600949049,1.220790386,1.879579544,2.307065248,1.744906306,1.940394521,1.428700805,2.177288294,1.877171516,1.013422728,0.816569984,0.5832597613,1.261875391,0.6050957441,0.4293923378,0.3207959831,0.4417667091,0.805495739,0.3936174512,0.3221421242,0.7636432648,0.6116670966,0.7520729899,0.3184450269,0.220440343,0.5008215308,0.6809293032,0.367207706,0.5123261809,0.5400158167,0.7329686284,0.8337073922,0.555416882,0.5083088875,0.6525074244,0.9987632632,1.32914567,0.7741891146,0.6448947191,1.012016296,1.057563663,0.8029962182,0.965398252,0.702078402,0.8431158662,0.770291388,0.4118884206,0.5332214832,0.8244259357,0.5613142848,0.646628201,0.254009068,0.2398876995,0.2213990539,0.5084551573,0.3791744411,0.3533178568,0.362624228,0.3802933097,0.5140794516,0.4718993008,0.309399277,0.2808316052,0.4191707373,0.624284029,0.5101094246,0.5349035859,0.4034660757,0.4509118199,0.4935231209,0.4075816274,0.4359931946,0.3546698689,0.1206487566,0.1955235153,0.2131678015,0.1279870272,0.07921344787,0.0460229516,0.04907183722,0.07459946722,0.07574177533,0.03543147817,0.03673753887,0.03589554131,0.03403223678,0.02895483002,0.02659382485,0.02163845114,0.03342691064,0.05261093751,0.08104504645,0.05480251461,0.03600174561,0.0480841808,0.09904289246,0.05897902325,0.07694157213,0.09919784963,0.05436790735,0.08867189288,0.0656477809,0.09328334033,0.05120488629,0.0502342023,0.06140658632,0.0495451428,0.04028842971,thakana
1.455829859,2.083577156,2.504061699,2.090951443,3.897534847,2.697144032,2.566037655,2.128058434,4.043767452,4.41844368,2.662024736,2.024894953,2.559360981,3.726054192,1.77998209,1.796193719,2.189462662,3.857167244,3.746749163,2.426699162,2.154074669,2.822901249,3.934726238,3.266125441,2.592717886,2.966287851,4.517487526,5.109379292,3.833611965,2.903507471,2.617919445,4.213912964,4.262672901,2.939899445,2.506243229,3.621912479,4.013911247,2.838461876,2.738399744,3.260471106,3.763840199,3.951182604,2.871195793,2.882651329,4.144546986,4.347328663,3.434222698,2.791131258,3.916164398,4.144849777,4.460080147,3.805729151,2.819284678,3.536719799,3.443264484,3.245322227,2.770038366,2.666173697,2.397024393,2.270295143,2.307848454,2.066146135,2.420481443,2.254949093,2.307979822,1.626526356,1.845878959,1.581352115,2.318749428,1.803755999,1.676863194,2.156606436,1.683887601,2.072793961,1.781615734,1.84498179,1.533842802,2.139017582,1.400996804,1.52689755,1.479488492,0.9361192584,1.508951902,1.474252224,1.52454865,1.226474524,1.689583898,1.689384699,1.733212948,1.910219073,1.8529917,2.020310163,2.002205133,2.309454679,2.442691088,2.514531612,2.815713882,2.197868824,2.016533375,1.864397764,2.665153742,2.142375469,1.211106539,0.8261318803,1.537848592,2.092885017,1.158115864,0.7201023102,0.8013769984,1.094197631,0.6311712265,0.4188514948,0.3920173347,0.333512187,0.4672424495,0.2613235116,0.182149142,0.2674456537,0.7472721934,0.5374507308,0.5958729982,0.5120417476,0.9090896845,1.351564765,0.7905977964,0.6792700887,0.881364584,1.537955046,1.73732841,0.9013844728,0.838337481,1.293306947,1.858724475,1.195393443,1.020469785,0.9847681522,1.306563497,1.500292659,1.06111145,0.8051352501,1.244325757,1.448904753,1.120231867,0.4807901084,0.5852925181,0.6129864454,1.281560898,0.4901973903,0.452013284,0.8499718904,1.094578505,0.9563399553,0.8342542052,0.4624065459,0.6296916604,1.41987896,0.8116777539,1.127565265,0.8000892997,1.194346189,1.488140583,0.9836525917,0.987267971,0.7008421421,1.134651065,0.654558897,0.2887995541,0.2199583352,0.1937915385,0.6815391183,0.2752271593,0.1133865342,0.1856173724,0.1955435276,0.1502147466,0.097515136,0.1515118778,0.1563916057,0.3970947862,0.2294688672,0.3707941473,0.3334343433,0.2985655665,0.2864145339,0.4593367875,0.2718266547,0.3410281837,0.5674816966,0.4454176724,0.336858809,0.3397737443,0.2395347059,0.2966533601,0.1796869487,0.3017685413,0.2545370758,0.2546965778,0.1813872606,0.1762177199,0.2008624226,thakana
1.099792719,0.8144405484,1.029655218,1.169610977,3.015359879,2.262953043,1.810892105,1.611703277,2.572471857,3.647256136,2.125956535,1.755991817,1.328088522,2.519306183,2.06385088,0.8219379187,1.31273067,2.474052429,2.415331125,3.20923233,1.752158046,1.96380353,2.895067215,2.583104849,3.290239811,2.578459978,3.60495472,3.601094484,3.768220425,4.391225338,3.401241541,3.959695339,2.796100378,2.931926966,1.994698644,2.883291006,1.636880398,1.799901009,2.639631033,3.109076977,3.204339027,2.842358351,2.077227831,2.989813805,3.559183836,2.624682665,2.449525356,2.38457489,3.402961969,3.519630671,3.232101679,2.605557203,3.363230944,4.288135052,2.591946602,2.887962818,2.338500738,2.786361933,2.240270615,1.944524527,1.576252222,1.549572945,2.063492775,1.816019058,1.754964232,1.310208797,1.832963705,1.689031124,1.704718113,1.610538244,1.546266198,1.756742716,1.496900678,1.205792904,1.582322001,1.777905583,1.483741641,1.514681578,1.282883644,1.488695025,1.181646466,0.9964668751,1.305936337,1.231687784,1.590797782,1.268910289,1.194183707,1.459625125,1.84254086,1.775681973,1.178592563,1.62122488,1.230638623,1.59007144,1.802343011,1.112824559,1.3128227,1.700699806,1.39040339,1.57676518,1.063367367,1.00292933,1.099158168,0.5357224941,0.3916213512,0.4817577302,1.496921539,0.8229563236,0.967201829,0.9154115319,0.8811248541,1.75804615,1.480867863,1.139118671,1.162656784,1.470930696,1.040859699,1.187148571,1.031651497,0.8428797126,0.8954344988,1.123912096,0.7959830165,0.6324614882,0.6421973705,0.3516254723,0.5410562158,0.3456944525,0.2358615696,0.2226510644,0.4501065314,0.7140609026,0.833204031,0.7770966887,0.7585439086,0.9705902934,1.467363834,1.149784327,1.283523917,0.8195828795,0.8073642254,1.328033209,0.6762848496,0.2690130174,0.4427425861,0.7501102686,0.5369651318,0.5167397261,0.1939907968,0.4826897979,0.5778596401,0.4427134097,0.3772500157,0.4352819622,0.5068170428,0.3435270488,0.7698889971,0.2829390764,0.3505311906,0.4801317155,0.4707980156,0.3414093256,0.3686980605,0.194424361,0.1684070975,0.2976822853,0.3154739738,0.1604379267,0.2581789196,0.2312352657,0.1243930608,0.140093416,0.1580105126,0.1387441009,0.07022787631,0.1319498867,0.1017698199,0.1207749248,0.05116170272,0.060535945,0.05775001645,0.05528357625,0.07824888825,0.05473650247,0.06908161193,0.03407365829,0.03522555158,0.02862587757,0.02639747597,0.03631328046,0.02687689289,0.01251864154,0.0113382088,0.03678530082,0.05296896771,0.02120640874,0.01923250593,0.0329647921,0.02470514365,0.03765255585,thakana
0.6784325838,0.7534869909,0.826236546,0.9489057064,3.022969484,3.133273363,2.173466921,1.338212729,2.052152157,3.769503832,3.006186962,1.830405354,1.556952596,2.514053822,1.965196967,1.248984694,1.32758069,2.164645433,2.988837004,2.93713665,2.617077827,2.454205036,3.290020943,2.690627813,3.598673344,3.604191065,3.84027338,3.958959818,3.635776043,4.61264801,4.038658142,4.532863617,3.024698257,2.532337189,2.715790749,3.231482267,2.266956806,2.253780365,2.930865049,3.73407197,3.995821953,3.226509809,2.415452719,2.786910534,3.963821411,3.585413456,3.160307169,2.753942013,3.586915493,4.501262188,4.079228878,3.341888666,3.045334816,4.024330616,3.77766943,2.609289169,2.313998222,2.53604579,3.169218063,2.781837463,1.805995703,1.884469867,2.1652987,2.350013733,2.319734573,1.787660003,1.780776024,2.530982971,2.486885071,2.033104658,1.623266816,2.07939887,1.89600575,2.050260067,2.166516304,1.874407053,2.068775654,1.88241601,1.967908382,1.591551304,1.606265426,1.54158926,1.808556676,1.430199265,1.582951307,1.855000496,1.533717275,2.119633675,1.689843535,1.799291253,2.296487331,1.914148927,1.904454589,1.800366402,1.867853642,1.839616418,1.47773695,1.563743711,1.846559167,1.666738033,1.004748702,0.6473668218,0.9975236058,0.7188219428,0.3746831715,0.5985789895,1.23192203,1.52183938,1.519568682,1.3343786,1.19729507,1.71812284,1.858896732,1.814082265,1.0359025,1.693659544,1.495131493,1.773601294,1.698688388,0.8804986477,1.082282424,0.8954349756,1.152372837,1.109000683,0.7310982943,0.5901697874,0.4807261825,0.2593297958,0.3085327446,0.4184330404,0.4490643144,0.5875512958,0.6703606844,0.9443859458,1.261777163,1.112991333,1.167483449,0.99387151,1.570519686,1.238327026,0.563292861,0.6822071671,0.5248874426,0.3549997509,0.3399486542,0.2752572894,0.3052020967,0.3546776175,0.2915436029,0.4452471435,0.3578127325,0.3339179456,0.3824466169,0.7519800067,0.5088669062,0.3844302893,0.5102261901,0.5072792768,0.4744285643,0.6486368775,0.542073667,0.2566729486,0.4689491689,0.3088788092,0.215485245,0.2535123825,0.1625842899,0.1856169701,0.3127523959,0.3797962368,0.2569140792,0.2159060836,0.2739439011,0.1913499236,0.09635264426,0.1227052286,0.1377785653,0.1058695465,0.1257941127,0.08015938848,0.1004249454,0.08786738664,0.1267419755,0.08309523761,0.07000248879,0.06796225905,0.0526118353,0.06519181281,0.0447765775,0.02928217128,0.03908506036,0.01396978647,0.01276048273,0.03304558992,0.04746833071,0.02308968082,0.020165883,0.02532586269,0.02488357574,0.03778804094,thakana
1.035091281,1.118984938,1.537376285,1.363773823,3.455151081,2.594039679,1.499472618,1.664925456,3.457941532,4.262963295,2.911031008,1.443358541,2.28778553,2.842152834,2.255041599,1.29909718,1.31139648,2.300909281,2.524002075,2.975253582,2.463769197,3.2501688,2.777596712,2.401179314,3.590141535,3.866710186,3.552767754,3.399323463,3.479896784,4.887163162,4.182131767,3.208169222,2.243268013,2.338670969,3.455508947,2.555091143,1.309286714,1.991704106,3.226919174,3.876167059,2.682014465,2.441784143,2.504214287,3.950924873,3.827408552,2.897136688,2.28452301,3.838895321,3.769979954,4.228179455,3.498618841,2.930063963,3.604074001,3.765945673,3.835945368,2.295388699,2.461984634,2.431754351,2.656119823,2.253767014,1.43503058,1.286432862,1.295409679,2.093230486,2.204525232,1.475869179,1.230416059,2.010451078,2.034366369,1.711482286,0.9506294727,1.092533946,1.324425697,1.894505262,1.824792981,0.9461534023,1.305256724,1.700223327,1.760433793,1.140563488,0.7603985071,0.6278030872,1.019166589,1.234199405,0.9661423564,0.7250949144,0.9836065173,1.553649306,1.558451533,1.137744069,0.8643435836,1.338523746,1.711579323,1.428774118,1.014091969,1.089974523,1.276426315,1.374574542,1.406965613,1.20103097,1.006475329,0.8523519635,0.7907552719,0.7940897942,0.5878478885,0.5974056125,1.601377726,1.288625717,1.645649433,1.513697028,0.6664854884,1.437590837,1.907514811,1.751846671,1.09243679,1.392918348,1.250137329,1.318687916,1.804116964,0.9742285013,0.7140972018,0.8561236262,1.04576087,1.094871402,0.6145461798,0.3886307478,0.2310676724,0.2943972647,0.2275431454,0.145037353,0.3267417252,0.2968732417,0.453741014,0.4959536791,0.4174484313,0.5863092542,0.5191867948,0.4918592572,0.6615839601,0.8458307981,0.2949392796,0.370090574,0.1841205209,0.1875181198,0.1870504618,0.1669476181,0.1896046549,0.2358085513,0.2225533426,0.3216788471,0.515527904,0.3137131631,0.2126637995,0.5785531402,0.3824584782,0.3480184078,0.1763302535,0.2543879747,0.1935099661,0.2984487414,0.1992960572,0.07334838808,0.1029456928,0.100695543,0.1477342099,0.08048145473,0.02317720838,0.04496301711,0.07150628418,0.09632318467,0.04814745858,0.0277846735,0.03860534728,0.0871771872,0.08357787877,0.06178740412,0.02419973537,0.03874588758,0.05737848207,0.04424253479,0.05255551264,0.05458673835,0.08056502789,0.06929094344,0.06800039113,0.09594691545,0.08428461105,0.0739678666,0.03347370774,0.01626747288,0.009328388609,0.009093941189,0.006907106377,0.009980482981,0.02529912628,0.008525768295,0.005835064687,0.01162519678,0.01137294155,0.004203060176,thakana
1.14604032,1.49616468,1.819945335,1.082373261,3.722682714,3.073146105,2.333805323,1.527082801,3.46307826,4.425142765,2.785175085,1.87986362,2.378577709,3.37010622,2.599535942,1.451746821,1.66520679,3.441590786,3.485839128,3.232103109,2.603215933,3.439663649,3.612258673,2.820685863,3.815282106,3.777231932,4.21411705,3.678852558,3.90720439,4.934303761,4.296261787,4.092046738,2.174165487,3.058120966,2.971000433,3.587790012,1.873805404,2.289525509,3.415778399,3.996694565,3.416219473,2.063078642,2.610222816,3.762440443,4.365302086,3.35038662,2.646512747,3.567229509,4.273405075,4.579748631,4.1747756,2.945981264,3.971614838,4.316426277,3.204300404,2.748774052,2.473906755,2.901827097,2.883394957,2.624469995,1.663692594,1.985391736,2.239138842,2.187852859,2.147402525,1.847661495,1.715080857,2.340622425,2.003262281,1.418191552,1.317934155,1.625204206,1.749686718,1.521296859,1.825154662,1.466953993,1.827588677,1.909394979,1.401611447,1.096541762,0.7875527143,1.000700712,1.067625403,0.7892487645,1.051954627,0.8712115884,1.374533296,1.009677649,1.245309114,1.018339753,1.338822365,1.493113518,0.777692914,1.29362464,1.17078805,1.320540786,1.09239912,1.222895741,1.149078727,0.778054595,0.883949995,0.751760602,0.7696022987,0.4346292317,0.3243728876,0.7333301902,1.237876654,0.977344811,1.100469232,1.12533474,1.229929328,1.132615089,1.180048227,1.362297893,1.349802375,1.443580151,1.192152739,0.7444611788,1.227165461,0.7864353061,0.7996813059,0.8417861462,0.8740793467,0.9689866304,0.824393332,0.8778111935,0.6331499219,0.1943927109,0.1752833128,0.2537066042,0.3023602068,0.3378179371,0.3279871345,0.6111208797,0.596788466,0.6570978761,0.7792132497,0.7078209519,0.8025326133,0.8455913663,0.5809109211,0.4849286973,0.2279684544,0.2056439966,0.2282922566,0.2424125671,0.188970983,0.2102540135,0.1473716795,0.1706950366,0.4126821756,0.1655960232,0.2332852483,0.3854385316,0.2023263127,0.226801753,0.3722623885,0.3726595938,0.3621387482,0.3496521413,0.5850890875,0.2577055693,0.340056479,0.2476947755,0.1888068616,0.3391884863,0.2210180014,0.1526628286,0.2995509505,0.2464265674,0.1935254931,0.2847586572,0.1348460317,0.1715534031,0.09092440456,0.1108931303,0.1285255402,0.1039145589,0.1135042533,0.1692963988,0.1806384772,0.2321170717,0.2523829043,0.1979601383,0.1198504046,0.0771824792,0.1213386059,0.1086375639,0.118932575,0.07471051067,0.06756663322,0.05568613112,0.07192390412,0.02138568647,0.07826989144,0.04206804931,0.07071946561,0.111519523,0.04726108164,0.0302695334,thakana
0.7525859475,1.207455397,1.500921726,1.211358547,3.055086374,3.300377846,2.396766186,1.66167438,1.860403895,3.580744505,3.452604771,1.833907247,1.870644808,2.221846819,1.908698201,1.708079457,1.799451709,1.896044254,2.655063629,3.019247293,3.267937422,3.216902018,3.067664385,2.753859758,3.555862427,4.397530079,3.850592613,3.864603996,3.362200022,3.910751581,4.306612968,4.024819374,2.951870203,2.543046474,2.605049372,3.07866025,1.800097823,2.333958626,2.540987492,4.129016876,3.384510994,3.104894876,2.692912579,3.51363945,3.800216675,3.281134844,3.056768179,3.220203876,3.813556433,4.012593269,3.941214323,3.811487436,4.012050152,3.9206388,3.990616798,3.809294462,3.318168402,2.952147722,2.153063774,2.64910841,2.231148005,2.509774208,2.58682847,2.066453457,2.575122118,2.526313066,2.015279293,2.089517117,2.046126127,2.104370832,2.125319719,1.98794806,1.91990149,1.681187153,2.267545223,1.894750834,1.598280668,1.642489433,1.563115597,1.663617611,1.324337602,0.872831583,1.263584495,1.194371462,1.321631432,1.501165509,1.111315012,1.818684816,1.687609434,1.641938925,1.528410554,1.31357789,1.756312847,1.634437561,1.663311243,1.511315346,1.264724016,1.840593457,1.42429328,1.055342197,0.8001123667,1.06544137,0.6035549045,0.5251983404,0.325522691,0.6149673462,1.234023809,1.012779117,1.104943156,0.9997889996,1.397726297,1.24648726,1.534395456,1.850818396,1.288973451,2.322002411,1.704194188,1.962461591,1.899018049,1.105299592,1.777145147,0.7231272459,1.183386445,1.555401564,0.8356024027,1.255614638,0.4136244357,0.4603929222,0.4507566094,0.220279485,0.7668759823,0.4351201355,0.543025136,0.7313315272,0.6183287501,0.9407061934,1.069589376,1.01367259,1.0403409,0.772380352,0.6647248268,0.8866080046,0.370882839,0.3807806373,0.3582538366,0.4293099344,0.4652508199,0.31568712,0.5094595551,0.6271535158,0.8389926553,0.501711607,0.3678793311,0.7097566128,0.4432873428,0.6358286142,0.5076708794,0.4414384067,0.4969500005,0.6199274063,0.7042580843,0.3707216084,0.3319000006,0.266594708,0.2470019758,0.2828801274,0.290756315,0.2993048429,0.3708539903,0.2231563032,0.2676895857,0.2686712146,0.1581377983,0.1695188135,0.1045797765,0.2106312066,0.192080155,0.1421024203,0.202513814,0.1810222119,0.1749184579,0.1679085493,0.1322463304,0.1155777723,0.1656926423,0.1833122075,0.1181470081,0.1880688518,0.2082259208,0.06926111877,0.05142733455,0.02500674687,0.03143705428,0.0213680584,0.02659058385,0.02248178422,0.01109107584,0.02607419901,0.02555717342,0.03793635592,thakana
0.6184329391,0.9996653795,0.9285119772,0.7914945483,2.769215345,2.131698847,1.166710377,1.095117688,2.941281557,3.533649206,2.873445272,1.274476528,1.905959725,2.103093863,1.605116129,1.193731904,0.630177021,2.431217194,1.79895401,2.55096674,2.609697342,2.698017597,2.740872622,2.131786108,3.436430931,4.18242836,3.079897642,3.164655447,2.786752462,3.869990587,4.186096191,3.435079813,1.889491439,2.048957586,2.863678694,2.457058191,1.241195798,1.533806205,3.382878065,3.289767504,3.194474697,2.310509443,3.006356239,3.428561687,3.137531757,3.130604744,2.698601961,3.491486073,3.148014545,3.710238695,4.157007694,3.441255093,3.294275522,3.731925488,4.001653194,3.67449379,2.452734947,2.403053999,2.135643244,2.289629698,2.342203856,1.626101851,1.924813747,1.990674853,2.332715034,2.19972229,1.555836201,1.631193161,1.642046094,1.655803204,1.996012568,1.466119051,1.344862223,1.530932307,1.85392499,1.718073606,1.270486712,1.237594604,1.080964088,1.092713118,0.9130849838,0.7837427258,0.7025084496,0.7875547409,0.9252483249,0.8353313804,0.8844590783,0.9694399238,1.248102069,1.063352704,1.215824604,1.242916822,1.066405296,1.230018139,1.161869526,1.043578386,1.045292139,1.229975581,1.095858216,0.8319990635,0.4173697233,0.4113908112,0.2706274986,0.3497274518,0.1990099102,0.272562921,0.5902069807,0.7972105145,0.6369518042,0.9100881815,1.255377054,1.384844899,1.149471521,1.301916361,1.453577876,1.900486588,1.386560082,1.084388614,1.095402002,0.8140174747,1.245685935,1.015620232,0.618619442,0.7644866109,0.7881378531,0.6766988039,0.4299588203,0.2234615982,0.101241082,0.1899825037,0.3300950229,0.3599384427,0.2651296854,0.3042271435,0.3738562167,0.3871358633,0.641282022,0.3735014796,0.4318275154,0.3272443116,0.169074893,0.3698878884,0.1343672276,0.08511530608,0.1027570143,0.1305865198,0.1798204333,0.1268302798,0.06099396199,0.1152078807,0.1255879402,0.1271942854,0.1207910702,0.114452295,0.0440168269,0.08628992736,0.2975617349,0.1361680031,0.1169101,0.09544612467,0.06799548119,0.1844853312,0.1242553517,0.04029460996,0.05557966605,0.06119736657,0.09153401107,0.05570366979,0.07057557255,0.05877713487,0.04633289576,0.0932932198,0.03487971425,0.01911701262,0.03351023048,0.02318327501,0.03839553148,0.01731764339,0.02106267959,0.01109942701,0.02521988563,0.01645927504,0.01597000472,0.01153611764,0.006698589772,0.01310278382,0.01275599282,0.02126934007,0.009026098996,0.007566301618,0.004372875206,0.003755490994,0.005220952444,0.005256588571,0.005279452074,0.008496209048,0.01281652879,0.02825631388,0.006425355561,0.0151059581,thakana
1.063478827,1.001502275,1.347628951,1.325927496,3.366456985,2.877566814,2.061252356,1.69951272,3.14645195,3.913122416,2.745455742,1.589659333,2.171759605,2.877390623,2.012873173,1.257901669,0.9876336455,2.870639086,2.486488342,3.127506733,2.523599625,3.706169367,3.446366549,3.103147268,3.973031044,3.893104076,4.060453892,3.778350115,3.344854593,4.973782539,4.341516018,3.695150852,2.332082987,2.541401625,3.676094055,2.92935586,1.813734889,2.186147451,3.232424974,4.227737904,3.189693451,2.795332193,2.525422335,4.325313568,4.130964279,3.103129625,2.561221361,3.844576597,4.16225481,4.694980145,3.421731472,2.762589931,4.009750366,4.36093235,3.749037743,2.71493268,2.750670433,2.566586494,3.012433767,2.743361712,1.648901939,1.978374124,2.331938028,2.444797277,2.520824909,1.964375019,1.430653691,1.966643453,2.531821251,1.952769399,1.440018058,1.434468269,1.395004153,1.691757679,1.982857585,1.246163845,1.260551095,1.246713519,1.608401895,1.364069939,0.7913789153,0.8589352369,1.009110808,1.273699284,1.261848211,1.198533416,0.9458038211,1.272672176,1.839857101,1.037558436,1.504274249,1.497358799,1.359234095,1.981243014,0.9983903766,1.47303462,1.358282328,1.783446193,1.429553986,1.236561298,1.022638321,0.7424367666,0.5555796623,0.3504139483,0.4731006026,0.5182566643,0.9342133999,0.7747610211,1.217820883,1.000250578,0.6558617949,1.111823678,1.362566471,1.403164387,0.6303870082,0.6570454836,1.004790068,1.196054935,1.182201385,0.5704290867,0.4967811406,0.5699618459,0.7976712584,0.7082021236,0.4508457184,0.2989633381,0.3609816432,0.131690219,0.2228564769,0.168891266,0.511921823,0.5142056346,0.7149227858,0.6220216155,0.9092327952,1.089241385,0.9228382707,1.133003592,0.9714522362,1.418607593,0.5686589479,0.6730415225,0.2920982838,0.4129005075,0.3947158754,0.2643040121,0.3048232198,0.3143799007,0.3133820891,0.4714155793,0.3438970447,0.2354510278,0.29564327,0.7994860411,0.2983283699,0.3909628689,0.4615213871,0.5270947814,0.6473227739,0.4343825579,0.2565099001,0.3144563138,0.5085874796,0.3589313924,0.1186566949,0.1667101234,0.1492778063,0.2486593574,0.262796253,0.09328369051,0.1359436959,0.1878688782,0.2311643511,0.1768076718,0.08749235421,0.07955335081,0.133950904,0.117460303,0.1316398382,0.06859026849,0.07870195061,0.08941853791,0.178133294,0.2120885402,0.1046506837,0.05795605108,0.08132585138,0.1447503269,0.04556966573,0.04235447571,0.02663480304,0.03412650153,0.02881989069,0.03801409528,0.04144594446,0.02493463643,0.09956852347,0.09828810394,0.08996178955,0.09567278624,thakana
0.7012763023,1.006781936,1.367036343,1.248911142,3.212599993,3.225060701,2.028442144,1.487411499,2.768381357,3.930275202,3.433581114,1.716027141,1.727687955,2.439314604,1.753546834,1.747342825,1.29458487,2.404760122,2.750889301,2.953591108,3.18233943,2.904430151,3.452195644,2.919820547,3.555800915,3.991905689,4.274728298,4.449476719,3.71014142,4.56996727,4.280022621,4.634251118,3.168956995,2.572934151,2.997463465,3.541401625,2.593612194,2.599323034,2.761117458,3.780384779,4.064500332,3.205288649,2.696403503,2.835432768,4.405050755,4.013901234,3.258897066,3.162421227,3.71668005,4.860993862,4.234214783,3.421780348,3.26804471,3.966922998,4.044228077,3.373220444,2.299833775,2.63086915,2.813500404,2.910728455,2.064872742,1.647320271,2.395973444,2.196963787,2.594628096,2.229729652,1.852751613,2.549566031,2.299564362,1.981227994,1.882383823,1.992022038,2.099485636,1.903529882,2.107119799,1.989293456,2.257994652,1.972526908,1.555090189,1.571934342,1.385838032,1.742788434,1.747489214,1.205042005,1.617721796,1.987594843,1.784704804,2.180163383,1.834243178,1.888754249,2.311766386,1.919510245,2.035231829,1.727484345,1.86892879,2.236932278,1.637832522,1.71446538,1.844475508,2.07089591,1.419060469,0.9232814312,0.8588809967,0.9592648745,0.6476873159,0.3400590122,1.40128696,1.404369831,1.350619912,1.059193611,1.193168879,1.755131602,1.63735652,1.627165675,1.561690569,1.692133188,1.633001447,1.480214596,1.539081335,1.259050608,1.340016365,1.062941909,0.914527595,0.8972613811,0.8610231876,0.7395822406,0.6919004917,0.4481622577,0.2595065832,0.342989862,0.722879529,0.6022554636,0.8131386042,0.6710440516,1.16148293,1.274170756,1.326101542,0.9559850097,1.096855879,1.213066697,0.8147003055,0.9638009071,0.3898176849,0.3299786747,0.483699441,0.4922875762,0.4803738594,0.5082115531,0.3103583455,0.3616826534,0.5115653276,0.5590789914,0.5845772028,0.7550073266,0.3522902131,0.7340396047,1.011343598,0.8048591018,0.7393633723,0.587665379,0.7384898663,0.8277526498,0.6946868896,0.3267629147,0.3684415519,0.3965307474,0.3389120102,0.3446516991,0.3494644463,0.2029248327,0.2018234879,0.4283992946,0.1408510059,0.1306048185,0.1511827856,0.2041339427,0.1715676188,0.06617085636,0.1198291034,0.1112691388,0.1429283172,0.1340611279,0.1025694013,0.084949404,0.08849768341,0.07634410262,0.0479179211,0.0689349547,0.05080471188,0.03117384762,0.01464852225,0.03995203599,0.04462102428,0.05414862558,0.04714136943,0.05560668558,0.07418839633,0.08663976192,0.07376549393,0.08561634272,thakana
1.09928596,1.235568762,1.610220194,1.500198722,3.54484272,3.166316986,2.290882587,1.81805563,3.17705512,4.278719425,3.254314661,1.926972389,2.222519159,2.89746809,2.300412655,1.594120979,1.747606993,2.704698086,3.209167004,3.570070982,3.237323761,3.335009575,3.60863018,3.243994713,4.082520485,4.146156788,4.435969353,4.449530125,4.068767548,5.21582365,4.629103184,4.588510036,3.17707777,2.950223207,3.568626165,3.632126093,2.395339251,2.726214886,3.15860939,4.171030998,3.906594038,3.271687746,2.918648958,3.912335396,4.499592781,4.097129822,3.437394381,3.563793182,4.269777775,4.741111279,4.540155888,3.480767727,3.774091959,4.729525089,4.127917767,3.387178421,2.433719158,2.903438091,2.556108952,2.819651127,2.217307806,2.207156658,2.363021851,2.60840106,2.519738674,2.217112303,2.016452789,2.391344786,2.604635954,2.133780956,2.113685131,1.965448618,1.832833409,2.048690557,2.088393688,2.004754066,1.829723954,1.859344721,1.905701399,1.547685623,1.433561563,1.292461991,1.385574579,1.284946561,1.460289001,1.691405058,1.265087366,1.49781251,1.692877531,1.51381731,2.053042889,1.577675343,1.651366353,1.6442101,1.60918498,2.006849051,1.424938917,1.907222986,1.819158316,1.847873449,1.335556269,1.030978084,0.9120835066,0.6026326418,0.5008154511,0.6549834609,1.565883875,1.278107524,1.108004212,1.3634969,1.317055702,1.395243526,1.595945358,1.580776572,1.47437346,1.551552773,1.425563216,1.350233912,1.593881845,1.21033299,1.173733234,1.047160149,1.100859284,1.241065264,0.9801710248,0.727421701,0.5643750429,0.3576247692,0.3839194179,0.3607965708,0.5145633817,0.568626523,0.7907561064,0.8099973798,1.000812411,0.9584410191,1.245209336,0.9823159575,1.038696527,0.9582759738,0.6637791395,0.8567864895,0.4104019701,0.3006899655,0.4695580304,0.5548639297,0.4652860463,0.2946534455,0.3415653706,0.7713204622,0.4705414772,0.3274111748,0.3723992109,0.4893873036,0.6936517954,0.4353300035,0.802550137,0.532998383,0.4787195027,0.9112477899,0.6073640585,0.5631741881,0.4525622725,0.2555748224,0.4165247977,0.3286112845,0.2387150675,0.2480596602,0.2155932337,0.1501523554,0.2233007401,0.1825768203,0.1368381828,0.08175104856,0.07305202633,0.09492433071,0.07718420029,0.0363965109,0.1014953926,0.0820690766,0.1264630258,0.07214637101,0.08914307505,0.07836567611,0.09068550915,0.07487978786,0.04376628622,0.02293970995,0.03423948586,0.01972427592,0.02465915494,0.02716886438,0.02008746751,0.01817758195,0.03417997807,0.04013175517,0.05662756041,0.05147912353,0.03215088695,0.05722694844,thakana
1.511167288,1.288189292,1.883973241,1.969078064,4.007357121,3.280426979,2.582634926,2.118486404,4.10449028,4.700575352,2.995954752,2.412489414,2.693722248,3.373922825,2.899842978,1.524407029,1.392851233,3.338664293,3.872657537,3.808560133,2.862174988,3.369033337,3.498193026,3.896765232,4.066533089,3.815023422,4.400005817,4.857446671,5.124219418,4.753405571,4.15379858,4.559548855,3.511914015,3.610898733,3.267533302,3.556530714,2.684742212,3.416209936,4.233541965,3.989952087,3.696601868,3.461555243,3.131263256,4.427513123,4.310432911,4.034032345,3.766747236,3.916828871,4.434554577,4.328972816,4.252227783,3.960266113,4.448661804,4.412342072,2.979612112,3.333816051,3.969003201,3.882526875,2.956740856,2.370839119,1.922921419,2.668345451,3.238174438,2.532748938,2.278668642,2.620236874,2.438877106,2.83898592,2.218655109,1.826334357,2.312219143,2.354399204,2.61549139,2.102521658,2.102065325,2.210889339,2.145486593,2.242599964,1.899971843,1.784651399,1.507178068,1.535345674,1.545654535,1.725640535,1.531866908,1.730247378,1.842859983,1.848667502,2.046067238,1.49128747,1.999111295,1.99282825,1.978962302,2.032604218,1.716398478,1.982738733,1.997440696,2.153355837,1.883588314,1.80732584,1.404719949,1.412368298,0.9056661725,0.8397325277,0.7584323883,0.9102912545,1.746271729,1.563552618,1.42092669,1.747065544,1.917347312,2.456049204,1.890480757,2.046396971,2.083534479,2.51512599,2.78019619,1.774522781,2.039232969,1.766139746,2.005207777,2.190181494,1.502696753,1.695015073,1.441878557,1.638751388,1.35391891,0.6403382421,0.4085838795,0.4918960333,0.9354396462,0.7981545329,0.8866865635,0.8361287713,1.136776447,1.285615087,1.283751011,0.9608183503,1.343719363,1.405044794,1.022304058,1.045686841,0.4560857415,0.5808285475,0.6418934464,0.7405409217,0.7691764235,0.7350826859,1.099562645,0.9284085035,1.151345491,0.6139984131,0.8760886192,1.291079044,0.6117765307,0.7846390605,1.039707184,0.6816594601,0.8519721627,0.7094560862,0.6574795842,0.6544391513,0.588514924,0.5617859364,0.3059452176,0.6023330092,0.5111472011,0.2530373931,0.3847914338,0.1281669587,0.3050667048,0.302320987,0.1644079685,0.1735860854,0.17495507,0.1338301152,0.2126276344,0.1117215976,0.121551089,0.1632835567,0.1371360421,0.2083067447,0.2001367062,0.1709963232,0.3182866573,0.1759953052,0.2318830937,0.1559183598,0.1378271729,0.05045736581,0.09141648561,0.1082921028,0.06011788547,0.1131265312,0.1264831126,0.060906142,0.120486632,0.1206888929,0.08310905844,0.1341014057,thakana
0.9441427588,1.346219182,1.700983167,1.052016497,2.51554203,3.593985558,2.194889069,1.658208489,1.758203626,3.237074137,4.083253384,2.166254282,1.55297327,1.989706874,2.070804834,1.780701041,1.741276979,2.246117592,3.110769272,2.846122503,2.676762104,3.633762598,2.454357862,2.847006321,2.664952517,3.596560001,4.104165077,3.992537022,4.391335011,3.947416306,3.333821058,2.979293823,3.886151552,2.987344027,2.410263777,2.074911356,2.136762142,2.876616478,3.00443387,2.15129137,2.218591452,1.847663999,2.812523127,3.187902451,2.466443539,2.237676382,2.731027365,3.980064154,3.961426258,3.591570854,3.374832869,3.516863585,3.751915932,3.914497375,4.015004635,1.963105202,2.533676147,1.881797075,1.843164802,1.909602642,1.405248404,1.302197337,1.638224006,2.076484442,2.189196587,2.166200399,1.751765847,1.518892765,1.446485162,1.708773494,2.239445925,1.821299911,1.4104321,1.570296168,2.118272066,2.177652597,1.644131064,1.642695785,1.168753266,1.445147038,2.055889368,1.529087782,1.714665294,1.48616302,1.355326176,2.203759432,1.829988718,1.878142715,1.792803884,1.666046977,2.129968882,1.77584815,1.480047941,1.455193043,2.031453609,1.996012807,1.497035742,1.124812484,1.082090497,2.083132029,1.161611319,0.7830827236,1.201395869,1.195078015,1.224834442,0.996810317,0.8632407188,0.701135397,0.8662219644,0.5400089622,1.032440543,1.084133387,0.796892643,1.138148785,0.4041092694,0.3832383156,0.4509092867,0.6722109318,0.7194238901,0.7620080113,0.1440446377,0.3627958894,0.176690951,0.3340808749,0.2928265929,0.1757269651,0.1847898811,0.4876663387,0.480302006,0.5000600219,0.3651579618,0.5437740684,0.8166413307,0.470470041,0.7557361722,0.4890171289,0.4382087886,0.3929500282,0.4898643792,0.5258913636,0.7198449969,0.7545975447,1.000046968,1.352623701,0.7186849713,1.507735133,1.340289712,0.8800271153,1.467680573,1.08751595,1.308831215,1.151365876,0.9076636434,0.911852181,0.6085185409,0.5295684934,0.4187468588,0.3226208985,0.3424993455,0.2509888411,0.2349399328,0.201704964,0.2777346969,0.2088289857,0.3223354816,0.174986884,0.2212077975,0.3202033043,0.1479098648,0.2714478076,0.1640252173,0.1679071486,0.2975590527,0.2379539162,0.2710621953,0.2252691537,0.3004365265,0.2602390647,0.2219937444,0.2586479187,0.2958796322,0.2492308617,0.2243659198,0.1774154902,0.2808122933,0.1632324457,0.207699731,0.1394665241,0.1229898334,0.1167569533,0.1619692743,0.05452750623,0.05513936281,0.03614213318,0.05672636256,0.05421774462,0.06968256831,0.06252525002,0.0584490709,0.07939707488,thakana
0.8864545226,1.020410657,1.333221912,0.7231498361,1.675049543,3.118643522,1.405228019,0.8798236251,1.40119195,2.654202938,4.001018047,1.56708312,1.07365489,1.222424269,1.374042869,2.088621855,1.612639189,2.117527723,2.47730875,2.399082899,3.35640955,3.809768438,2.107492208,2.021210432,2.357772827,3.817913294,4.691712856,3.545612812,3.62793684,3.906635046,3.456754446,4.151732445,3.571551323,2.816270113,2.330035448,2.278693199,3.385603428,2.992669821,2.988208055,2.06534481,2.22021842,2.717258453,3.129522562,2.79664731,2.207020521,2.275881052,3.028580189,4.074286938,3.988782644,3.278151989,3.319881678,3.719171286,4.340993881,3.671929836,2.496346474,1.308202863,1.913210034,1.739840508,2.6731534,1.628848076,0.6142506599,0.9451109767,2.264022589,2.078341722,1.7517941,0.9220815301,1.138690352,1.851801515,2.209395409,2.052848577,1.201163292,1.468743086,1.69264698,1.983023524,2.135314703,1.474621296,1.416107774,1.534427047,1.737867713,1.736022353,1.355619431,1.232251525,1.762911201,1.353749633,1.24047327,1.219798326,1.371073723,1.737844229,1.577275634,1.00373137,1.143439651,1.255540013,1.547140121,1.588836074,1.132868767,1.099416852,1.118007064,1.150470972,0.6220519543,0.9287427664,1.297688007,0.9394116402,0.7707849741,0.6504494548,1.271071076,1.271399021,1.046476722,0.6342741847,0.5151493549,1.22171104,1.436233759,0.9243431091,0.7436751127,0.3131250143,0.3775869012,0.6615183949,0.6210753322,0.8214246035,0.2214856297,0.5447617173,0.2978395224,0.2561236024,0.08364804089,0.1226125509,0.101793021,0.170443207,0.1991750896,0.4088847041,0.3698016703,0.2141155303,0.3249998093,0.7033988833,0.4421415925,0.3342596591,0.3241855204,0.2079888135,0.4207686186,0.1531333923,0.5073649287,0.2190366536,0.2538695633,0.4554299414,0.6824439168,1.047379971,0.8775452971,0.3816704154,0.7244640589,0.8876382113,0.9278047085,1.085177183,0.8594707251,0.8411284089,0.7415710688,0.5915040374,0.5127214193,0.4260217249,0.4383318722,0.3330921531,0.2635560036,0.1978681833,0.2753287256,0.2046565711,0.2160280198,0.0825188607,0.1383837014,0.1760629565,0.1561353356,0.162550509,0.09017273784,0.07827357203,0.07735993713,0.1272292435,0.1136730164,0.1022534519,0.09694050997,0.169416666,0.2001867592,0.09091132879,0.149205029,0.1100974455,0.1951817125,0.1714139581,0.1672059298,0.1021173596,0.1625308096,0.1730202436,0.1196612045,0.1920942664,0.07571393251,0.09958093613,0.03130235896,0.03652131185,0.03933236375,0.02100955136,0.01187514327,0.01266329736,0.008957978338,0.0108223604,0.008491987363,0.006805095822,thakana
0.5947139263,0.5656685829,0.7934542298,0.379375428,1.360101461,2.615779877,1.093412757,0.5503774285,0.7123794556,2.081777811,3.248900175,1.433436394,0.7128478885,0.6208513975,1.10033071,1.187712789,1.455293894,1.690845132,2.108235598,2.456419468,2.680426836,3.66433692,1.954674482,1.776629925,2.397857904,3.404212952,4.092497349,3.503578186,3.687716484,4.200089931,3.178570747,3.266765594,4.053723812,2.679876804,2.185080051,1.801525831,2.311439753,2.99652791,3.179291487,2.514726639,2.112193108,1.995495439,2.848953724,3.218668222,2.470388889,2.18259263,2.639563799,3.417432547,4.327786446,3.335463047,2.974404097,3.117344856,3.212070942,4.061514378,2.839221239,1.406869411,1.414455414,1.520724416,2.191614628,2.049119473,0.736138463,0.6176934838,1.51261735,1.972929001,2.391098499,1.507060766,0.9383786321,1.426917315,1.439683557,2.111718655,1.875363111,1.2843467,1.343111873,1.40906322,2.05513525,2.05604744,1.287748575,1.619839668,1.213573217,1.408382297,1.894166112,1.434266925,1.595589519,1.375376463,1.600693941,1.27136302,1.405977249,1.826980352,1.357596517,1.288479805,1.454030156,1.367072821,1.279890895,1.410766125,1.250780344,1.183188558,1.656254053,1.929608822,1.235600352,0.8649019599,1.067712545,1.348538637,1.936891437,1.168472648,0.7764199376,1.02933526,1.216234207,1.317929745,0.9132851362,0.7009401917,0.8605294228,1.209820271,1.248619556,1.3170892,0.3826136589,0.40119192,0.653296113,1.010562181,1.079236865,0.4736692011,0.1919648498,0.3303677738,0.2584653497,0.6666340232,0.2714579403,0.1477898955,0.2579132915,0.5341489315,0.7409033179,0.7078405023,0.4544322491,0.53518641,0.5583258867,0.4926105142,1.162201166,0.54341501,0.4718101919,0.2730965912,0.5543926358,0.6518388987,0.6075446606,0.4687825739,0.4786379039,0.6838098764,0.8323478699,0.9514129758,0.7441948652,0.4059875607,0.6889989972,1.08861053,1.209473848,0.7557377219,0.7264755964,0.7188038826,0.5048468113,0.4426495433,0.3551433086,0.2241864502,0.2077326328,0.2057667226,0.2898673415,0.2142047882,0.1775984615,0.1965243071,0.1808584034,0.2212625444,0.2310269624,0.1361495703,0.1252042502,0.1303797364,0.09845624119,0.1729215235,0.09846976399,0.1318596005,0.1178156212,0.1528710276,0.1697009206,0.1702741981,0.1184100956,0.1131863222,0.09302761406,0.1680201739,0.1994311661,0.1508152336,0.09112086892,0.0514619872,0.06376754493,0.0839342773,0.04017241299,0.05289289728,0.03138000518,0.02006953955,0.03644160181,0.008502666838,0.01252184995,0.01917477883,0.05536824465,0.02759732679,0.02825755626,0.01448424626,thakana
0.7020842433,0.7918865681,0.7898493409,0.7070670128,1.304164648,3.050206423,1.245688558,0.7770437002,0.7934589386,1.985982776,3.375080347,2.415261269,0.8315134048,0.7185572982,1.075160742,0.9955852032,1.584905863,1.093996882,2.40157795,2.094396591,2.251925468,3.525179386,3.300784588,1.825878143,2.322660923,2.87396431,3.180339336,4.734328747,3.986795902,3.812755346,2.822045088,2.394730568,3.204360723,3.241079807,2.017861843,1.723037362,1.91140914,2.307577133,3.80436635,2.421727657,2.117444754,1.599404931,2.141591072,3.372791529,3.783692837,2.591815472,2.440170765,3.594487667,3.571203947,4.739620209,3.54886961,2.518228054,2.449714184,2.929579496,3.397533417,2.868675232,1.243129134,1.152820945,1.329077482,1.481448174,2.292118788,1.073745012,1.019495249,1.21730876,1.663863659,2.205851078,2.259454489,1.199249029,0.9241092801,1.263521075,1.682204127,2.633828878,1.747341394,1.135774612,1.476757288,1.468525529,2.112000704,2.151066065,0.9378101826,1.135362625,1.378523469,1.364890099,1.628014803,1.347143292,1.155902386,1.334588408,1.539576173,1.790633202,1.146038055,1.324023128,1.337801099,1.176913738,1.686176658,1.238416314,1.26761663,1.406070828,1.765219927,1.580924988,1.010034084,1.577978253,1.477152109,0.8584396243,1.146962643,1.165161848,1.8992486,1.933651805,0.912029922,1.099897146,0.9846921563,1.029826522,1.977579713,0.9106068015,0.9050217271,0.944239676,0.4471201003,1.132533193,0.8406617641,0.7708151937,0.888967514,0.9183264375,0.5344310403,0.9218158126,0.1965739578,0.2217389643,0.2518846691,0.2805051804,0.4680066109,0.5019659996,0.2634761035,0.5178185701,0.3494201601,0.6587623954,0.7218802571,0.2675183713,0.4921723902,0.3020496964,0.3595013618,0.1926205307,0.2661939561,0.1962529868,0.3765685558,0.3754555881,0.526997745,1.097555995,0.4505232275,0.6162186861,0.6963988543,0.5871476531,1.175677657,0.9148706198,0.8532113433,0.970890522,0.6352630854,0.8606789112,0.5553606749,0.2811252177,0.3872209489,0.3063840568,0.2218241394,0.2534217536,0.3483511806,0.2775959969,0.2901256084,0.216936022,0.1665461659,0.2208537012,0.2694669962,0.161974445,0.1543924659,0.09408807755,0.1080397293,0.1607656032,0.1125189364,0.1450108886,0.08291658759,0.08198662847,0.2266726792,0.1143910512,0.1192522943,0.06816818565,0.205695942,0.2827187777,0.2412143499,0.05596212298,0.1356053203,0.07864873856,0.05059594288,0.1083089486,0.03635175526,0.01689844206,0.02047715336,0.02028492093,0.02699375339,0.01408037171,0.01917502843,0.01873754524,0.02118380368,0.01808865368,0.0130683817,0.01639882475,thakana
0.4754734039,0.696639657,0.897639513,0.7080606222,1.526458263,2.587162256,1.106985927,0.7990449667,0.9561423659,2.160405397,3.391307116,1.600059867,0.832182765,0.9350036979,1.080824494,1.309503436,1.512023568,1.668480635,2.370387793,2.32627964,2.464924574,3.627668858,2.156853676,2.152789354,2.176969528,3.307689667,3.916428328,4.000234604,4.047860622,3.717222214,3.190591097,2.886048317,3.808599949,2.356300592,1.990586996,2.05008173,2.304266691,2.822205544,2.795622349,2.056813478,2.036329746,2.083153486,2.867570639,2.909921646,2.34969306,2.333033323,2.982240677,3.931292295,4.02744627,3.333348751,3.490135431,3.625972509,3.238052845,3.960862637,3.348481178,1.723210573,2.000278473,1.257878065,1.726243138,1.856824398,1.226594567,0.8619092703,1.611077189,2.084694624,2.180374622,1.78031528,0.9985808134,1.03209269,1.466830015,1.896430373,2.056298733,1.436901212,1.116852164,1.676734924,2.099452019,1.983367801,1.611176133,1.187855601,0.9327344894,1.330768347,1.654400945,1.396518826,1.243203878,0.9738075733,1.235995531,0.9097306728,1.183651447,1.653793693,0.9553930163,1.29818368,1.090224862,0.9493216872,1.640036583,1.049202323,1.156958461,1.254728675,1.263149619,1.488435149,1.206630826,1.158030987,1.015951395,0.6473871469,0.9882500768,1.085370183,0.6571769714,0.7865592241,0.8321021199,0.7035714388,0.7698041797,0.4710209668,0.7019914985,1.038093448,0.9937378764,1.119282842,0.3011416793,0.4144372642,0.4901658297,0.7591998577,0.7873679399,0.6638085842,0.07943672687,0.3147384524,0.1409783065,0.3167150021,0.2301672846,0.1354257613,0.1740591824,0.2511354089,0.3047284186,0.3664337397,0.2301046699,0.9050428271,0.4422655702,0.3431077003,0.4838255644,0.3390117586,0.6497959495,0.1428776085,0.2010309249,0.2087617218,0.2638436854,0.2123185992,0.3363645375,0.3185038269,0.3738871813,0.7950230837,0.4844704568,0.4448657334,0.4990543723,0.6156740785,0.7905809283,0.631195426,0.5175166726,0.4632104337,0.3105452061,0.383274436,0.4543345869,0.2409013063,0.179273501,0.1476559341,0.1956015676,0.0980508849,0.1364470422,0.06053776294,0.1080766842,0.1680026501,0.06450670213,0.09188461304,0.04112879559,0.01623364538,0.03051500022,0.02536711842,0.03561170772,0.02520189434,0.03008759581,0.04551036656,0.03039987013,0.04076716304,0.03747156635,0.03056299873,0.06052925065,0.02125415951,0.01819096319,0.0300200507,0.02675621212,0.01909184456,0.007090396248,0.01597858034,0.01030324027,0.007081110496,0.01162805408,0.003065462224,0.006615286693,0.003147418611,0.004576580133,0.003802227322,0.003021162469,0.003862559097,0.004369225353,0.003395305248,thakana
0.6085276604,0.5742344856,1.121152163,0.5541400313,1.562598467,2.949256659,1.052525878,0.8595798612,0.8549576402,2.387742519,3.650170803,1.791567802,1.227634907,1.148570061,1.265082359,1.436410069,1.77072227,1.946468353,2.538793564,2.317772388,2.197175026,3.785352707,2.353018999,2.447697878,2.369952917,2.953891277,3.741758823,4.28237009,4.116449833,3.525467873,2.909747839,3.083168507,4.135214329,2.574156523,1.804320335,1.769651532,2.137539625,3.250390768,3.154675245,1.881703258,1.600546718,2.13614893,3.028426647,3.584948778,2.339573145,2.277169466,2.73789978,3.906110287,4.589167595,3.913300753,3.570827246,3.127339602,3.402974606,4.125348091,3.957874775,1.632787704,2.007217407,1.763797998,1.844792247,2.385837078,1.352531791,0.9933502078,1.376167417,2.013805151,2.518392801,2.253847599,1.235466123,0.690641284,1.109776974,2.012721539,2.581107855,1.546629071,0.9183908105,1.488474965,1.763428926,2.104915142,1.76281631,1.022532225,1.020792365,1.367611289,1.98166132,1.94730854,0.875371635,1.306073189,1.423409462,1.361343145,1.574661255,0.9425306916,1.418598771,1.54991138,1.736133933,1.270987749,1.276435256,1.138316154,1.544660807,1.612098217,1.208925486,1.095456719,0.8027953506,1.600933313,1.02686131,0.7868849039,1.699500442,1.158863544,0.8752601743,0.8078476191,0.8955619931,1.096595645,1.228380919,0.5573018193,0.7585689425,1.152390122,1.310590029,1.886152864,0.6904975176,0.5952153206,0.6876041889,0.6355269551,1.491674066,1.503020167,0.2322315127,0.2230189741,0.3170655966,0.6194486022,0.6066356301,0.1785112768,0.2951779366,0.337993592,0.3690969646,1.079688311,0.6140503883,0.4861474633,0.4198546708,0.4846934676,1.005589604,0.7455221415,0.4945233166,0.3074137568,0.4260459542,0.5901582241,1.05351305,0.6480265856,0.8528792262,1.193116546,1.128873229,1.720425844,1.531641126,1.20233202,1.154520392,0.8433076143,1.753128529,1.772467375,1.095182419,0.8462895155,0.7511280179,1.008726239,0.94751513,0.669205904,0.5213296413,0.350356549,0.3122965693,0.4593416452,0.4215367734,0.1919917017,0.2196410745,0.2668328881,0.3648787141,0.3019091785,0.1469097435,0.1233160421,0.1103903949,0.107381925,0.310869664,0.1818242222,0.1601008326,0.2212771475,0.3417530358,0.2872137129,0.5648808479,0.4279944003,0.3202781379,0.2680548728,0.4928274155,0.6763637066,0.232832402,0.1074651405,0.1621934026,0.1573793143,0.1825684011,0.1756725311,0.07686184347,0.0483032912,0.02489722706,0.03049463034,0.01304794103,0.01918791234,0.008941679262,0.01040784549,0.004450859502,0.005144736264,thakana
0.442581743,0.7070875168,0.6510069966,0.613756597,1.685547709,2.970254421,1.418380857,0.7506898642,1.063171506,2.438102484,3.408535242,2.119536638,0.8724349737,1.358669043,1.330164075,1.088386178,1.769389629,1.793682575,2.581139803,2.481956482,1.91172564,3.722036362,3.135473967,2.336997986,2.516853571,2.758300066,3.027173996,4.742732048,3.970862389,3.592582464,2.753056765,2.241220951,3.302488804,2.698140621,2.270442963,1.890873075,1.751324654,2.659372807,3.612403393,2.156507969,1.952940345,2.085957527,2.784823656,3.547227144,3.242750883,2.355625153,3.127301693,3.883342028,4.02220726,4.710075378,3.262584925,3.368007421,3.10021472,3.037703991,3.974361658,2.631150246,2.081865072,1.68995738,1.413214922,1.875396967,2.734412432,0.6500430107,1.396052957,1.670022607,1.842365384,2.539227247,1.969129682,1.055005908,1.256006002,1.59934628,2.439189434,2.913041592,1.268550992,1.334203482,1.8092767,1.675474048,2.391548157,1.695474625,0.9919563532,1.442075372,1.635576606,1.833675027,1.740402699,1.291406155,1.27914238,1.350885868,1.752201915,1.499588728,1.018831015,1.324240208,1.479145885,1.261794209,1.496727705,1.306032062,1.323158145,1.401112676,1.1539433,1.109019041,1.464731812,1.440678477,0.9977847934,0.6079077721,1.228585601,1.665477872,1.790733218,0.9414732456,0.8490632772,0.685066402,1.053910017,1.664251566,1.178429246,0.6462696791,1.06341064,1.012702465,0.883122623,1.158123851,0.2524372041,0.6679739356,0.4592258334,0.8248696923,0.7026343942,0.5374850631,0.1981122196,0.3805519938,0.1263644695,0.3031623065,0.4503758252,0.2742488682,0.3503272235,0.279050082,0.4205366671,1.142610312,0.6593564153,0.2973593175,0.4030191004,0.2707062066,0.743973434,0.371420145,0.2488127798,0.3948661089,0.3685771823,0.7429876328,0.9067665339,0.7310429215,0.4146550894,0.8191905022,1.338550687,1.509122133,1.476681352,0.7612008452,1.347140551,0.9386873245,1.336277008,1.692071915,0.8593711853,0.9364799261,0.7639029026,0.6651892662,0.7891593575,0.5972467065,0.3620033264,0.4542464614,0.2493079305,0.2451085001,0.4105947912,0.1855317056,0.2566599846,0.298348248,0.1169686764,0.1686603427,0.0762956813,0.118568927,0.1018587053,0.1100247949,0.1387619227,0.1841086298,0.1026390865,0.1725876182,0.2534864545,0.238265723,0.5758326054,0.3531118333,0.09437562525,0.1885308921,0.2153120786,0.2827429175,0.2458465695,0.05985469744,0.04531224445,0.04305279627,0.02695337869,0.03363065422,0.02753575891,0.0115860533,0.01998675056,0.01642237417,0.02392796427,0.01623927988,0.01140038576,0.0172495842,thakana
1.244927168,1.901037574,1.801281929,1.203074932,3.349657297,3.662765026,2.196935177,1.686019897,2.212399244,4.014746666,4.452753067,1.986023664,1.76332891,2.346235514,2.632908106,2.178580523,2.151762724,2.249615908,3.340213299,3.237181664,3.391760349,4.103914738,2.691308498,3.428192616,3.00681901,3.939063072,4.876426697,4.128946781,4.738508224,4.075481892,3.518534422,4.07452774,4.377163887,3.59517312,2.479846239,2.319043398,3.164531708,3.485068083,3.268406153,2.282539368,2.393284321,3.217707634,3.568520308,3.432734251,2.620823145,2.496604443,3.095437288,4.542448521,4.41056633,3.635452271,3.576945305,4.079782486,4.442751408,4.44982338,3.421950579,1.821202397,2.611890078,2.36417985,2.418507099,2.017845154,1.177508235,1.339073539,2.382417679,2.77278161,2.48029089,1.672521472,2.059585094,1.922613382,2.10908556,2.225072861,2.077190161,2.40059185,1.879015088,2.55934906,2.701105833,2.296768427,1.946801901,1.796448588,1.815957189,2.268642426,2.412772655,1.580076575,1.826131701,1.903420806,1.922654271,2.163565159,1.538285971,2.055114985,1.830445528,1.567088366,2.311747551,1.498950243,1.840078712,1.736714721,1.79286468,2.311148643,1.621336579,1.461487412,1.186996102,2.329428673,2.228305101,1.496489048,2.012097359,1.593680263,1.744510412,1.942819118,1.759301543,1.405363917,1.32408762,1.245952368,1.532543302,1.488686204,1.354749203,1.177821517,0.5261861086,0.9397227168,1.161844015,0.937155664,0.936822474,1.054599762,0.4480124116,0.6690999866,0.332432121,0.6348474622,0.2890687287,0.4028215706,0.4613761306,0.8959525824,1.069757938,0.5482080579,0.3718987107,0.9009088278,0.8191922307,0.6707918644,0.6960234642,0.3552259505,0.459956795,0.3284743726,0.5607888699,0.4034058154,0.257876873,0.4586061537,0.8531965613,0.7859083414,0.6143996716,0.6007140875,0.9627259374,1.01501894,0.9580625892,1.040276647,1.008632183,0.9832717776,1.130464554,1.001690149,0.7869868875,0.7136824727,0.6808956265,0.629866004,0.6416599751,0.4743102491,0.3961466849,0.496616751,0.537148118,0.3857375681,0.3454134166,0.355532974,0.4076657593,0.3558430374,0.1729082018,0.1290131807,0.08902477473,0.1380990148,0.09958527237,0.06658204645,0.09931972623,0.1005275249,0.1546291411,0.08779233694,0.1172842458,0.1568869054,0.2161709815,0.1769461781,0.07179301232,0.101363875,0.09990400076,0.06599791348,0.05594996363,0.07066145539,0.05943663418,0.04843289405,0.02229955979,0.02125957422,0.02542951889,0.01700754836,0.02852537856,0.01833390072,0.02465796843,0.0213424731,0.01086445339,0.01788720116,thakana
0.9757384062,1.64294672,1.570831776,1.262681127,2.91692853,3.120999336,1.542517781,1.442731142,1.73982656,3.665935993,4.083297729,1.751737833,1.807056308,2.398921013,2.385336161,2.316745281,1.565849066,2.002531767,3.07823348,2.975339413,3.834666252,3.636614323,2.124436855,2.926447392,2.924099207,4.284114361,4.932025909,3.597094059,4.542298317,4.072357655,3.713572741,4.517847061,3.103205204,3.308215857,2.604428291,2.656169176,3.953847408,3.154418945,3.159434557,2.141612053,2.480161905,3.393378258,3.527491808,3.183316231,2.892403603,2.340626955,3.485052347,4.591222763,3.484703302,3.43410778,3.3897717,4.417924881,4.854061127,3.39450717,2.187501192,2.182952166,3.070695877,3.218462229,2.422915697,1.40491426,1.250766754,1.536674261,3.16904068,2.460618973,1.482204795,1.418250084,1.729929924,2.703228235,2.724128723,1.80099833,1.660742521,2.050748825,2.369766235,2.759999514,1.919395685,1.682242513,1.797800064,2.044630051,2.476292849,1.915605426,1.707502246,1.476109266,1.886663556,2.276656389,1.961845875,1.528942704,1.624683142,1.603958488,1.763409138,1.825092435,1.753641367,1.678678274,1.83778584,1.526111007,1.707633615,1.87901926,1.917261362,1.73807168,1.802300334,2.141008854,2.008552551,1.34645474,1.329449415,1.915423512,2.222497225,1.687230229,1.134798646,1.01957047,1.480249524,1.944709301,1.886199594,1.216037154,0.8404738903,1.248836756,1.139229894,1.302893877,0.9177229404,0.972812295,0.6925968528,1.196341276,0.8176024556,0.9940702319,0.4508600533,0.6416624784,0.6007302999,0.8410107493,0.8767391443,0.8667758703,0.7162528038,1.010539174,1.004882574,1.585631728,1.020382643,0.7150671482,1.166056275,0.9831265211,1.094946384,0.5311778188,0.6499167085,0.6356269717,0.5607768893,0.9341548681,0.8076535463,1.045819998,0.988991797,1.259242654,1.685211062,1.095654845,1.222870111,1.272365451,1.544504046,1.505023599,1.47631228,1.007649422,1.123763919,1.172493935,1.181406617,0.6505535841,0.4283632934,0.6560463309,0.6877561808,0.775221169,0.4880352616,0.3895525634,0.3260843158,0.437841922,0.5613466501,0.3798471987,0.3020370305,0.1808348745,0.18906115,0.1892068982,0.3811958432,0.3211946487,0.3469389081,0.3857783377,0.332457006,0.3842890561,0.509111464,0.4223007858,0.2413147986,0.2269107997,0.3802378178,0.2322773933,0.3349990845,0.1125357524,0.1423999965,0.113167651,0.09885103256,0.1218717694,0.04881447554,0.05182281137,0.04002309963,0.01340646576,0.008861857466,0.02200414799,0.02754826471,0.0310408473,0.0327934213,0.02402947471,thakana
1.121310353,1.659717917,1.693770528,1.186006904,2.748284101,3.698715687,1.494870782,1.423184156,1.820867181,3.633249283,4.278529167,2.483721495,1.502084732,2.421565771,2.337553978,1.77217555,1.970093369,2.12391305,3.486989498,2.811788559,2.72093606,4.085204124,2.960145473,3.112520695,2.629489183,3.475609541,3.834892273,4.834932804,4.186450958,3.785291433,3.228153467,3.258112907,4.35461235,2.891466618,2.150170803,2.175345659,2.527971029,3.619459867,3.659189463,2.07692337,2.206367493,3.09013629,3.216855526,3.770418406,3.126344919,2.159585476,3.871383429,3.734859705,4.459393978,4.688920498,3.242801428,3.87710762,3.378543854,4.381350517,4.503135204,2.890207291,2.47104907,1.969326615,2.358774424,2.411904812,2.553117275,0.9954900742,1.928526759,2.293182611,2.943899155,2.950561762,1.712198257,1.596507311,1.782126546,2.435377121,2.841573238,2.501724243,1.602516055,1.851547837,2.523396969,2.719745159,2.441953897,1.548782229,1.399906397,2.039136887,2.456415653,2.357131243,1.487419009,1.676697135,2.008855104,1.648494363,2.154742002,1.563064814,1.625003576,1.945374608,1.255616665,1.695328236,1.779582739,1.879483104,1.858664155,1.198713899,1.63233614,2.084937811,1.881021738,1.406903982,1.404657006,1.240232944,2.43368578,2.039116144,1.758580923,1.615831971,1.319143057,1.494496226,1.419282317,1.516404748,1.337337852,1.484823227,1.423047304,2.167601347,1.145075202,1.212821603,0.9041104913,1.335863352,1.701740146,1.622873902,0.8308001161,0.5430619717,0.6165474653,1.113514781,0.8784375191,0.5872372389,0.3685151041,0.7820163369,0.8802486062,1.435372829,0.9705508351,1.358911633,0.7649720907,0.6348586082,1.370302796,1.15387392,1.004784942,0.420299679,0.7368860841,0.9410512447,0.9694361687,0.9227505326,0.9244565368,1.257018209,1.217860222,1.649567962,1.591174841,1.257545948,1.124001384,1.457147717,1.900300384,1.748111963,1.595495224,1.350939989,1.24664402,1.286234498,1.58313489,1.003240108,0.9058643579,0.5458942652,0.9172419906,0.9833543301,0.8336920142,0.5212010145,0.5050139427,0.5037908554,0.5767074823,0.8050526381,0.3500325084,0.3298052549,0.2857278287,0.4100117385,0.5378522873,0.4699290693,0.3506694734,0.4084304273,0.4715830386,0.6784885526,0.8817179203,0.5770034194,0.5276266336,0.4189796448,0.4506748617,0.3692423403,0.4028730094,0.1417711377,0.207509324,0.1066839248,0.1637467891,0.1438256353,0.07913707197,0.02955860458,0.0486166738,0.01672942936,0.01843771338,0.02126484551,0.01433868334,0.008466616273,0.008852971718,0.006303281523,thakana
1.192380905,1.183399439,1.567777395,1.518750906,2.576241016,3.612784386,2.701968908,1.682827234,1.753079772,2.939404964,3.867372751,2.191687822,1.773281217,2.109224796,2.077745676,1.65459311,1.588760138,2.157145977,2.777590036,2.756906986,2.82629323,3.617449045,2.923561335,2.706383467,3.125429869,3.823132753,4.352157116,3.859942198,4.169015408,4.346110344,3.617794275,3.841586351,4.009430408,3.648249865,3.109699011,2.406708002,2.665780544,2.890234232,3.251309156,2.193575621,2.432531118,2.34318018,2.799526691,3.43905735,2.956775904,2.287436485,2.504490376,3.65857172,4.053339481,3.306789875,3.59010911,3.561155558,3.93503499,4.231540203,3.600199223,2.540298939,2.275913239,2.831119299,2.755351305,1.857135892,1.425142646,1.183838129,2.383567095,2.580661058,2.337720633,1.732052445,1.507040858,2.017733812,2.464760542,2.338609219,1.999360919,2.066763163,2.282346725,2.498726845,2.496813536,2.176267147,2.009400845,1.937538028,2.092567682,2.224202156,2.159044266,2.226299763,1.983347893,2.104985952,2.077093124,1.667760611,1.958061695,2.192792892,1.943549633,2.17539525,1.846440077,1.747254133,2.226407528,1.802186012,1.948017597,2.033295631,2.255261421,2.278469563,1.963997602,1.657142639,2.111685753,1.879925847,1.587692142,1.25219214,1.22604692,1.605878592,1.570287704,1.185319424,1.238686204,1.110690355,1.747346759,2.157376051,1.548370481,1.354753375,1.254784465,1.214010835,1.862487555,1.790322304,1.393705845,1.171768427,0.9665364027,1.164311171,1.279656529,1.003442645,0.7123710513,0.9150475264,0.9391824603,1.160613894,0.873912394,0.792098701,1.069769859,1.238694549,1.187642455,1.493145108,1.133507133,0.9601563811,1.086223483,0.7995697856,1.349192142,1.114062071,1.052950859,0.911018312,1.298017144,1.746699691,1.004225135,1.532690406,1.426111698,1.109708667,1.942868829,1.689332843,1.338112712,1.635180235,1.560862064,1.353197098,1.455879569,0.9271509051,0.8426867127,0.7529786229,0.8004049659,0.8623148799,0.678632021,0.5707138777,0.5551193953,0.4393414557,0.4252190888,0.5299804807,0.4484876096,0.4066506326,0.2595205009,0.3127478361,0.3295854032,0.2215401977,0.1851707399,0.2576600015,0.2471771538,0.1971175224,0.308526665,0.3285617232,0.2961243093,0.3654154241,0.2681464255,0.2020599842,0.2954947948,0.269766748,0.2471492141,0.207456097,0.2063401788,0.1215615124,0.1159503832,0.1490533054,0.15282543,0.1192673072,0.09837959707,0.09434673935,0.06515477598,0.05209519342,0.03666821867,0.03171978146,0.02350047044,0.02579067089,thakana
0.4826285541,0.6992264986,0.7793400884,0.9549473524,2.0806849,2.489269972,1.642700434,1.328971028,1.314566731,2.831293583,3.403899193,1.417047977,1.35611105,1.867019653,1.680262327,1.86629355,1.15085423,1.979848742,2.683284521,2.597476721,3.651566982,2.833981514,2.106401205,2.408289909,2.513274908,4.378430367,4.468637943,3.878139257,3.781944752,3.651360273,3.665685177,4.434398651,3.353178263,2.400634766,1.910207152,2.506771564,3.653309584,2.462231874,2.295661211,1.888121843,2.464924335,3.492504358,2.524879694,1.703023076,2.198982239,2.170826435,3.999542475,3.812968016,2.709160328,3.037542582,3.741170883,4.615795612,4.421374321,2.052695274,1.981940269,2.890908718,2.984149456,2.985219002,1.644019723,1.127444029,1.306520343,1.068083525,2.580977201,1.40351069,1.47406292,1.667440653,1.90212512,2.629771471,2.042095661,1.312978745,1.913417697,2.276243925,2.490392923,2.222777128,1.779919028,1.878377199,1.958997488,2.225451231,2.233126402,1.410153031,2.108175039,1.729571462,1.982538939,1.840471506,1.214453101,2.007352352,1.718629599,1.993804932,1.882549167,1.567585468,2.043999195,1.351691246,1.545402646,1.782233715,1.724536777,1.714215398,1.388993263,1.996739864,1.857348919,1.673006773,0.754478395,0.9569714665,1.894364119,1.318903089,1.543452978,0.7812182307,1.181103706,1.563710451,1.43902576,2.123040915,1.603671074,1.326336503,1.55258584,1.279513478,1.878363729,1.549862862,1.466869116,1.609850526,1.470317245,1.484877586,1.418776512,0.9395669699,1.080928087,0.8769285679,0.8248499036,1.425723433,0.8417683244,0.8948771358,0.9272637367,0.6517603993,1.842041731,1.418732047,0.8909119964,1.262017965,1.091822147,1.512027025,1.33914268,0.8476390839,1.078160167,1.142203093,1.109789491,1.020661235,1.423557639,1.38903296,0.6328778863,1.819459438,1.313642621,1.157800674,1.751342773,1.354237437,1.551662445,1.63993156,1.500034571,1.756382823,1.105446935,0.8566706181,1.289080739,0.9363991618,1.333841205,0.7060306668,0.6705572009,0.5931566954,0.5225630403,0.5642473102,0.3523389101,0.2330723256,0.3408932686,0.2214603573,0.255171895,0.2551513016,0.1393463165,0.08369866759,0.1197907403,0.1462447196,0.1689717621,0.08630443364,0.06516782194,0.2112654448,0.1479013562,0.2448764145,0.1663244665,0.2093240768,0.2343005389,0.206660375,0.1957095861,0.1038218066,0.04038775712,0.1704934984,0.1393427104,0.1889056116,0.08739259094,0.02261050791,0.09076948464,0.0526165925,0.02338890359,0.02317536995,0.0107902959,0.01233233139,0.006994785741,0.008162582293,thakana
1.058670878,0.9270230532,1.335390806,0.9614374042,2.583074093,3.134704351,2.16803503,1.489782572,1.693786621,3.450651884,3.89642477,1.779200315,1.641306877,2.620536566,2.258517981,2.283012867,1.718008518,2.153820038,2.953860521,2.695631981,3.810468674,3.746290445,2.639052629,2.425516844,2.706379652,4.281804085,4.944549561,3.981262922,3.507344484,3.551914454,3.456241608,4.595690727,4.098501205,2.674946308,2.32102561,2.505204678,3.493638754,2.517934561,2.194395304,1.923056126,2.329681158,3.416828871,3.015850067,2.134398937,2.440032005,2.625382662,3.404495239,4.137286663,3.194742203,2.916907549,3.750514507,3.860785246,4.590079784,3.352777719,1.981929064,2.316521406,3.296818495,3.753635883,2.64436698,1.574036241,1.281531453,1.101229906,2.843649149,2.654208183,1.923661351,1.299190998,1.771464467,2.581091881,2.768586397,2.127848625,1.360430241,2.19536829,2.639730453,2.88028574,2.490623474,1.457301021,1.948124409,2.290254354,2.441845179,2.162801743,1.667332292,1.975965858,1.959265351,2.047018051,1.987096548,1.748892784,2.272488832,2.04922843,2.132374525,2.075087547,1.505465269,1.807706118,1.893994331,2.158498526,1.72122705,1.602646232,2.00243926,1.797154903,1.812901974,2.057569981,1.664378166,1.337010145,1.370365262,1.450993061,1.491615176,1.686817288,0.968549788,0.9777764082,1.472514153,1.743957281,2.156958342,1.937125564,0.8855313063,1.384519935,1.705446839,1.853797913,1.831965327,1.137273073,1.446208954,1.518836737,1.558977127,1.5529145,0.7042893171,0.6207223535,0.5218341947,1.057491302,1.119382501,0.7875924706,0.5110448599,0.5937386751,0.9396058321,1.283241153,0.9289569259,0.7221406102,0.7309176326,0.7649310827,0.7242532372,0.5437105298,0.5724018216,0.8779181242,0.8461117148,0.7594977021,1.102800488,0.9232167006,0.5003162622,1.537847042,0.9970799685,1.120648026,1.099920273,1.410130262,1.775470972,1.611853838,1.607802749,1.399325728,1.441842794,1.233791947,1.383817911,0.9187510014,0.904297471,0.7412077188,0.8386511803,1.125823975,0.6303038001,0.5743797421,0.4625255764,0.5104441643,0.4629971683,0.3193458021,0.3020911217,0.2140799016,0.1896136999,0.2092631459,0.177081719,0.1685550362,0.2740541101,0.1594689935,0.1104526371,0.1559430361,0.1508007646,0.1633004397,0.1008298099,0.1977366358,0.2056442797,0.1691975296,0.1642459035,0.1070488319,0.1227808818,0.1391938478,0.1241713166,0.1218779832,0.09516131878,0.07115231454,0.1034099013,0.04852028191,0.03152093664,0.02118376829,0.0163139943,0.01712490246,0.01997521147,0.00900901854,thakana
1.027716517,1.013712406,1.904963255,1.526705503,3.540971518,3.511306286,1.758887172,1.451714993,2.148516893,4.014674664,4.11955452,1.774472117,1.884315848,2.668212414,3.029808521,2.089395761,1.810605168,2.34378624,3.216524601,2.567352295,3.382136583,3.768721104,2.396156788,2.947952032,2.594459534,3.517806292,4.850497246,3.468557596,4.108850002,3.574133396,3.247939825,4.644506931,3.421475887,3.509695292,2.4185431,2.269510746,3.289256334,2.763450623,2.289630175,1.731814384,2.183421135,2.768660069,3.287091017,2.74408412,2.206297159,1.892484665,2.846720219,4.312355518,3.199079514,2.587234259,2.859091282,3.345474958,4.470019817,3.191997051,1.918513656,1.841540813,2.530059099,3.429457903,2.565793037,1.385228634,1.150951862,1.052117825,2.663311481,2.65973568,1.510843396,1.174667478,1.595507145,2.29812932,2.775644302,1.616777897,1.333968878,1.645664215,2.021188498,2.845282078,2.187602997,1.391324282,1.588145614,1.733739614,2.352178574,2.052662611,1.452186823,1.162981153,1.153791428,1.590734124,1.539393544,1.483468413,1.529249787,1.230354309,1.240095377,1.654561877,1.686361313,1.166010022,1.299770594,1.076423764,1.610503912,1.886976838,1.681237102,1.120786786,1.4001472,2.168887854,1.71684444,0.855394125,0.7804966569,1.150260925,1.218980908,1.805734158,0.8167704344,0.7385495305,0.9710022807,1.754811883,2.18657136,1.852112412,0.8027576208,0.5273541212,1.324592829,1.884910583,1.770145178,1.047717571,0.8763255477,0.9278354049,1.596616983,1.644577742,0.8235513568,0.2900117636,0.2786453664,1.097814441,1.014826059,0.767596066,0.325725615,0.1966947466,1.019363761,1.393050909,0.9496481419,0.6121116281,0.4913008213,0.5957460403,0.7958312631,0.5855909586,0.5989066362,0.5028765798,0.4928840697,0.8378595114,1.375304699,1.174733639,0.3740818202,1.124083042,1.133220792,1.452136397,1.609805703,0.8910082579,1.238818884,1.640799284,1.446235895,1.304103255,1.053889275,1.063126802,1.073720455,0.8465707302,0.6492179632,0.5467478633,0.6663337946,1.006824255,0.6849423647,0.4121854603,0.4214774668,0.3934069276,0.5539240837,0.5329585075,0.3060209751,0.2257315218,0.2662278712,0.2789602578,0.3735523224,0.2336342782,0.2248595208,0.2460201383,0.2683578432,0.2805981338,0.3749384582,0.3354341388,0.2649156153,0.3364985287,0.3271027505,0.4097176194,0.2704155445,0.2888613641,0.2076929808,0.2096358538,0.3018371463,0.2695997357,0.1576666683,0.04680435359,0.03889857605,0.07620887458,0.02916334197,0.03881033882,0.01610542089,0.01390012726,0.01317214034,0.01143275481,thakana
0.6614963412,0.6321613789,0.8432859182,0.5128914118,2.222432137,2.646220684,1.634079218,0.998945117,1.424429893,3.11558795,3.62890625,1.607595682,1.608925223,1.961275339,1.970244408,1.916335225,0.9483306408,1.761366367,2.690427065,2.669104576,3.607455015,2.66787076,2.211509466,2.520611763,2.721712589,4.648382187,3.961881399,3.102567196,4.250555038,3.666670084,4.097436428,4.01738739,2.669554949,3.315187216,2.278172493,2.827235699,3.21434927,2.713242769,2.905326366,1.765310884,2.290722847,2.986149073,3.140625954,2.782656193,2.414715052,2.193655014,3.78507638,3.960588932,3.187962055,2.914565802,3.702529907,4.710711479,3.644105196,2.104891062,1.897626281,2.790361166,3.677912712,2.560709,1.163301349,1.035249352,0.9880862236,1.529654384,2.13839674,1.10364306,1.058605909,1.424695969,2.376985788,2.594554424,1.480184436,0.9715124369,1.661505222,2.624911785,2.542059422,1.723943472,1.32612586,1.678985476,2.511778831,2.476377249,1.568463326,1.1870718,1.70394361,2.114861965,1.933834076,1.772576332,1.199553251,1.650266528,2.394963264,1.680226564,1.690057158,1.661684036,1.859069347,1.992963552,1.457351685,1.35158813,1.727441907,2.018918991,2.083658218,1.613770366,1.921235204,2.027909994,1.549509168,0.8606872559,1.917196512,1.886609077,0.8782097101,0.6434953809,0.905973196,1.724383235,2.08539319,1.203937888,1.074770451,0.9785524011,1.716057777,1.896049857,1.144463301,0.7824706435,0.9253104925,1.558487177,2.2996912,1.526777029,0.8258504868,0.5557464361,0.965706706,1.445540309,0.8073958755,0.6970413923,0.5184468627,0.7224550843,1.029418945,1.016351223,0.9625378847,0.8574969769,0.747603178,1.586788297,1.380180478,0.8637179732,0.7091850638,0.534165442,1.160139084,1.428604841,0.9635073543,0.4421307445,0.8910615444,1.254827142,0.8156419992,1.463534117,0.6814432144,0.6615555286,1.508314967,1.410013914,1.033130527,0.9439724684,1.278220296,1.458716035,1.071908712,0.4164620936,0.7502907515,0.8658649325,1.004673958,0.7825441957,0.5106157064,0.4455501437,0.3930906355,0.4848431349,0.2932920754,0.1956588328,0.1545882821,0.1532029808,0.2037483752,0.2224587798,0.1216164306,0.04712063074,0.05791649967,0.07118739188,0.08922491968,0.05885891616,0.05187345296,0.0990671739,0.08598922938,0.1148744151,0.1380993128,0.07538197935,0.09790467471,0.06014574692,0.07885633409,0.08594356477,0.04478195682,0.05253886431,0.04416390881,0.07244448364,0.0571940802,0.02678724751,0.04375629127,0.02648391388,0.01326263137,0.00907802023,0.02407149039,0.0141311055,0.01298589911,0.00762994308,thakana
0.6631618142,0.5935443044,0.9626483321,0.7750219107,2.435896158,2.893266916,2.022568464,1.176202416,1.522430182,3.344850779,3.676032543,1.677666545,1.466953754,2.131408453,2.20569706,1.950839639,1.288119197,2.074034214,2.889538527,2.689254761,3.643453121,2.838413954,2.366952419,2.615785599,2.810600519,4.751297951,3.944705725,3.190269947,4.321813583,3.918717623,4.301427841,3.991726637,2.782356739,3.203490257,2.44882369,3.150889874,3.337148666,2.624830484,2.614864588,1.912096381,2.611922741,3.169523001,3.222868204,2.659529209,2.60603404,2.478700638,4.158695698,3.934693098,3.093645334,3.103082657,3.881853819,4.891804218,3.349864244,2.315945387,2.134659052,2.853101969,3.518728495,2.336579323,1.344765663,0.9790149331,1.400116324,1.490641236,2.074711561,0.9356257319,1.409458518,1.659499288,2.48804903,2.568939209,1.39089787,1.551627398,1.984587073,2.667761564,2.569888353,1.400993943,1.538554072,1.848515511,2.574609995,2.436923504,1.397744417,1.454706192,1.769237757,2.050955296,1.90246439,1.293524146,1.322174907,1.748228908,2.144329548,1.638380408,1.686276197,1.866663933,1.780048847,2.005717278,1.437543988,1.603676558,1.86831522,1.856884956,2.174786806,1.657105088,2.033446074,1.957182527,1.487695217,1.193610668,1.808852077,1.805450559,0.8065119386,0.7655501366,1.025960684,1.581819057,1.868432403,1.135528088,1.01482451,1.303704858,1.728571057,1.795800567,0.8430282474,0.5927681923,1.300032377,1.642011166,2.201276064,1.5755831,0.63084203,0.7326178551,1.062642097,1.209449649,0.7179783583,0.3454113007,0.5968059897,0.7368742824,0.7083644867,0.9584423304,0.6430861354,0.9869847894,0.7893329263,1.124921441,1.488272667,0.5836402774,0.8211927414,0.6520732641,0.8712692857,1.565342665,0.7560038567,0.72821033,1.143500686,1.069732428,0.6293947697,1.376911521,0.7222974896,0.8445222974,1.440341711,1.512830734,1.239883423,1.22337997,1.74282825,1.715040803,1.379794836,1.079029918,0.7104479074,1.179204583,1.3529917,0.9045522809,0.7794895768,0.3500015736,0.7088578343,0.716576457,0.4819831252,0.4453248978,0.2156280726,0.2920493186,0.3607071638,0.3112046123,0.2599959373,0.1155829281,0.1006365567,0.1176869944,0.1198516116,0.1314386278,0.07184359431,0.09950687736,0.1604982167,0.2755646408,0.2923109233,0.2095324993,0.08862435073,0.1078022942,0.1075847894,0.1654904038,0.1022101417,0.05066799745,0.07835975289,0.1004005298,0.09876669198,0.0520433411,0.05046821386,0.03443213552,0.01602178626,0.03556254879,0.01313363947,0.01190340426,0.009984171949,0.004924476612,thakana
0.6399493217,0.8707875609,1.076144814,0.7209997773,2.123574257,3.232824802,2.282354593,1.239092946,1.304766893,2.676189899,3.578549623,1.876118779,1.375534773,1.334032655,1.586876392,1.863855839,1.474543691,2.079138517,2.701184988,2.963484764,3.782046795,3.481687546,2.501335144,2.232516766,3.15956521,4.397006512,4.68501091,2.855481148,4.230781078,4.467175007,3.810222864,4.44204855,2.514623642,3.852341413,3.094424248,2.616838932,3.543047905,2.069738626,3.828377962,2.707834959,2.762918234,3.280807018,2.595649242,3.961408377,3.255131245,2.439195633,3.772851706,3.750786781,4.188967228,3.271398544,3.677442312,4.510455132,4.356264591,2.502491236,2.111532211,1.819257379,2.560553312,3.498372793,2.147406578,1.191940784,0.9650195837,0.7009325624,2.823962927,1.885976315,1.484232306,1.386900425,1.515173554,2.564195633,2.261627913,1.31032896,1.633350134,1.886815667,2.492512226,2.506937504,1.529885888,1.536574364,1.747863412,2.163758755,2.294216394,1.375100255,1.60712564,1.711734295,1.8056674,1.902841687,1.313192487,1.606753111,1.979447484,2.099516153,1.819579959,1.637814879,1.61196363,1.598958969,2.100742817,1.509610772,1.404869795,1.560439587,2.041237354,1.961050391,1.740003109,1.571150422,1.556554794,1.501635432,1.149742723,1.126259208,1.160598159,1.221756577,0.6251198053,0.6709477305,0.7156763673,1.54403162,1.263523102,0.8185653687,0.7702056766,0.7301622033,1.343441844,1.10746336,0.651363194,0.6013292074,1.014271498,1.073643923,0.9993054271,0.4707357585,0.3390954733,0.5937674046,0.4857978523,0.7021129131,0.3085747957,0.2738106251,0.4803560674,0.4722356796,0.7645468116,0.7948886156,0.502409935,0.8274884224,0.5894263983,0.6039448977,0.7424352169,0.3367438614,0.5851388574,0.5333068967,0.7168981433,0.607092917,0.4671832919,0.6920039058,0.4038847387,1.164363265,0.8397799134,0.3538866043,0.9502384663,0.9870442152,1.290316463,1.436026573,0.5921995044,0.938401103,0.99332726,0.8321415782,0.9269778728,0.4971800148,0.7541091442,0.7772818208,0.6863301396,0.7682859302,0.4586828649,0.5589784384,0.5608623028,0.6020608544,0.4366202354,0.3505509794,0.2016746551,0.2347802818,0.1707273871,0.1320521981,0.08372893184,0.06187697127,0.1195150763,0.07162706554,0.08787301183,0.1156566292,0.1545094699,0.2045136988,0.1378032565,0.2821373641,0.1154320762,0.180283919,0.2435878068,0.08586692065,0.1796858311,0.08393520117,0.1363714337,0.09643537551,0.02334252745,0.03599883988,0.03124779277,0.03739249706,0.01593292877,0.01541011222,0.01662648283,0.0108719375,0.01174274925,0.005295967218,thakana
1.228904009,1.548730731,2.00237298,1.490148306,3.139213562,3.686703205,2.237383127,1.781149983,2.134998798,3.69021368,4.29954195,1.929125905,1.92805624,2.010215521,2.42865181,2.287766218,1.852919579,2.531166077,3.135808945,3.078569412,3.793288708,3.792411089,2.578061342,2.928162575,3.143300295,4.216432571,5.003904343,3.520042658,4.72527647,4.362153053,3.573262215,4.854874134,3.05442524,4.203819275,3.047578573,2.557973623,3.612508297,2.77406168,3.813300848,2.465924501,2.796268225,3.379216909,3.667368889,3.914281845,3.117372513,2.255337,3.369987011,4.613458633,4.023207664,3.366328716,3.736333609,3.918974876,4.987936497,2.799988031,2.226506948,2.225849867,2.716514587,3.422470331,2.384074926,1.372117162,1.244205594,1.041134,2.896380186,2.538146019,1.528333068,1.438046813,1.952104449,2.542524815,2.807158232,1.572193027,1.549159527,2.479823828,2.421653032,2.656950235,1.667090058,1.484569907,2.25848484,2.26925683,2.421109676,1.793507576,1.551277518,2.004020452,1.880302072,2.033117533,1.57683599,1.657233,2.077558756,2.039179325,1.767762542,2.110434771,1.89718473,1.829667807,2.109957457,1.286441803,1.722946882,2.207983017,2.238737106,2.001092196,1.759930491,1.81234026,2.110038519,1.302748084,1.050092459,0.952624917,1.303367138,1.598217607,0.7455955744,0.8780350089,0.834471941,1.390070677,1.801563859,1.29501164,1.220696211,1.013097286,1.573728323,1.675701141,1.295139432,0.8895899057,1.014132261,1.167494893,1.481473565,0.8311488628,0.7961637378,0.7804262638,0.7069230676,1.25506866,0.9856075644,0.6408233643,0.5715016127,0.6897847652,1.217309475,1.736295342,1.308829784,1.459803104,1.246069312,0.9359543324,1.478612423,0.9311588407,1.240747333,0.9558420181,0.7521760464,0.8823900819,1.393372416,1.417478561,0.6736946702,1.251508355,1.023663759,1.207947373,1.578587055,1.223361373,1.411712289,1.830675006,1.567672968,1.108224869,1.248040676,1.074727893,1.067651272,1.109614611,0.7330054045,0.5859128237,0.5480028391,0.5661463737,0.518640995,0.2880559862,0.1643069237,0.22348544,0.3176229596,0.2797992826,0.1952508092,0.2031204551,0.2014225721,0.172897011,0.1638653576,0.1484579891,0.188492313,0.07823599875,0.09740193188,0.09580227733,0.162299931,0.2391185313,0.1571893245,0.1212098226,0.08668207377,0.113140814,0.1176777333,0.07793357223,0.0383611694,0.04815104976,0.1019610241,0.1448197067,0.04089199379,0.02149900794,0.02967340872,0.03549129516,0.02206085809,0.01592267491,0.006418314297,0.00902261585,0.006098535378,0.006493656896,thakana
0.7305039763,0.7559041977,1.095688581,0.8412482142,2.261126757,2.827997208,1.273627043,1.029881001,1.649342895,3.180892229,3.795991659,1.477657795,1.231340766,1.848483801,1.676192284,2.12113905,1.093178988,2.144906759,2.690454006,2.729667425,4.100834846,2.857412815,2.437464237,2.459915161,2.783463717,4.840399742,4.533327103,3.176156044,4.534828663,4.106711388,3.930444479,4.454375744,2.300145864,3.32979846,2.193863869,2.513418913,3.63873291,2.571905375,3.316024542,1.961240053,2.240110159,3.484182358,3.054411173,2.956635714,2.522195816,2.196377516,4.031077385,4.274493217,3.627959251,3.109740257,3.7333951,4.925073624,4.279244423,2.874663353,2.208369732,2.829049587,3.774873734,3.389858484,1.575233221,0.9959586859,0.8726550937,1.497540355,2.929274559,1.541469455,1.372518182,1.254008532,2.057477236,3.103738308,1.698218226,1.299082756,1.644050121,2.558461428,2.830790758,2.000652552,1.524934292,1.827388048,2.361935139,2.691834688,1.940768361,1.193897128,1.848310351,1.727927208,2.110043287,1.878642917,0.7061836123,1.69440949,1.822717428,1.860539794,1.747081995,1.206337929,1.654932976,1.802900434,1.88049984,1.582190037,1.334801555,1.782951713,2.183321714,1.727137804,1.794050336,2.088935852,1.563360333,1.186227798,1.393304467,1.538425684,1.247225881,0.8054956198,0.9573661685,1.30831182,1.682724118,1.835550189,1.43453753,1.264268756,1.550386667,1.835582733,1.92977798,1.318448663,1.101416111,1.236006737,1.865111351,1.898259044,1.166458726,0.8746291399,0.9640862942,1.046980977,1.045347095,0.9072802663,0.4411338568,0.6529058814,0.755564332,0.8185853362,1.07937324,0.5330041051,0.8151822686,1.131360292,1.193891287,1.18799603,0.5980041027,0.6306635737,0.7925220728,1.333461642,1.400886655,0.8122982383,1.285510063,1.117349744,0.7360759377,2.215490103,1.150086403,1.194929004,1.622191548,2.121665716,2.224413633,1.670866489,1.430247664,1.870453477,1.53890264,1.335751057,1.012861609,0.5880858898,1.316794038,1.113649487,1.001516938,0.7901946902,0.4300896227,0.4952562451,0.3155768216,0.4330631793,0.3609705865,0.1465868652,0.2148237824,0.24765791,0.2421904504,0.1269109696,0.07329791784,0.06171989813,0.08479344845,0.04124189913,0.05093793571,0.07918743044,0.09564020485,0.1950053573,0.1832920164,0.1253279299,0.1260570139,0.06086289883,0.1022326425,0.07449871302,0.09585025907,0.08796611428,0.06255114824,0.1182591245,0.08821492642,0.05526841432,0.06440401822,0.02001424506,0.01172337402,0.01398156583,0.01037638448,0.008568708785,0.005830613896,0.003117548535,thakana
1.415939689,1.611798286,1.810875297,1.571253896,3.530680418,3.610850811,2.199127913,1.857336521,2.212720633,4.254864216,4.279886246,1.983969331,2.137399912,3.074649572,2.749592781,2.450151443,1.5702281,2.508817434,3.863594532,3.268950701,4.234515667,3.223653555,2.76105094,3.365589857,3.219138622,4.818992138,4.84995985,4.341190815,4.47090292,4.011565208,3.914065123,4.958423615,3.832038403,2.955951929,2.213096619,3.073784351,3.997028589,3.184494734,2.954956293,2.130165815,2.301007271,3.804415226,3.22473979,2.664375067,2.505510092,2.47201705,4.473740578,4.293215752,3.381372929,2.927640438,3.679851294,4.844942093,4.550719738,2.846320868,2.425782204,2.762130976,3.534194946,3.662933826,1.80479908,1.32375288,1.738129258,1.441764832,2.975547552,1.873705864,1.852734685,2.540183544,2.103018045,3.071780443,2.32852006,1.986260533,2.327764034,2.025106192,2.732334852,2.620877981,2.457100391,2.258278608,2.059488535,2.672835827,2.522988081,2.125191927,2.106963396,1.575593352,2.150590658,2.468208551,1.906054139,1.882668614,1.655410767,2.091108561,2.271994114,2.224288225,2.120151997,1.4405725,1.683553815,2.187923193,2.204218626,1.762482047,1.717968106,1.623955607,2.445119381,2.185081482,1.281247497,1.024302721,2.073586702,1.80997622,1.717333674,1.154904842,1.140601158,1.618458033,1.628121376,2.261947632,1.801948071,1.491881251,1.271641493,1.717234254,2.243705273,1.741974711,1.178412557,1.507923722,1.731962323,2.075061321,1.890661955,1.104080558,0.8838996887,0.9181240201,1.016751885,1.492664814,1.04499352,0.7664524317,0.7315011621,0.6777592301,1.737589598,1.666774392,0.8548357487,1.199800611,1.281427026,1.359963894,1.450259089,0.7443424463,0.9015428424,1.572812796,1.300357819,0.9767344594,1.106815338,1.140598774,0.9314441681,1.9314394,1.135636568,1.017341971,1.502890348,1.958385587,2.031066895,1.626361489,1.390404344,1.558697581,1.657650948,1.542790651,1.271414757,1.008504629,1.122471571,1.089388013,1.102370024,1.079217076,0.6960818768,0.6950874329,0.6159600019,0.803674221,0.6878218055,0.4519710541,0.4710933566,0.4396514297,0.3433039486,0.2769421041,0.254440099,0.2099070996,0.243964076,0.1459169984,0.217574358,0.2051824778,0.1688508987,0.2462014556,0.2351661772,0.311573565,0.1675820798,0.2195595503,0.2010320872,0.1948662102,0.1875903755,0.1102869138,0.1731466651,0.1910359263,0.1202258393,0.1344228089,0.07080090791,0.1002857015,0.08702416718,0.05092207715,0.04423283041,0.03612741828,0.02663620748,0.02113789693,thakana
1.314049244,1.563697457,1.867176056,1.502992749,3.300454378,2.544603586,1.848313212,1.560796857,2.312044621,4.585448742,3.551234245,2.041255713,1.755063057,3.485909224,2.757079124,1.774719715,1.728748798,2.822132111,3.528241873,3.341186285,3.046594858,2.647158146,3.476249933,3.810707808,3.866795301,4.098586082,2.767426014,4.495625496,3.912150621,4.510589123,4.540341854,1.958404064,4.056017399,2.586806297,2.508994341,2.574087858,1.374454498,2.789195299,2.457311153,3.171784878,3.451125145,3.577465057,2.920925617,2.516967773,3.034395456,3.265488625,3.671639919,2.818978786,3.084765434,4.251443863,4.217377186,4.568617344,3.1399436,3.628460884,4.360876083,4.00203228,2.337605238,1.923793316,2.129279852,3.038393259,3.589909792,2.022312403,1.822589517,2.401330948,2.553884268,2.749291897,1.361028433,1.192086101,1.965539932,1.925159812,1.633051515,1.188327074,1.296897531,1.399752021,2.388781309,2.390127182,1.205870986,1.450470209,1.818002343,1.941617012,1.585455894,0.8306409121,0.932862699,1.457172036,1.311891913,1.247622848,0.9567573071,1.259887934,1.637942672,1.083860636,1.451799154,1.166636705,1.60307157,2.128474474,1.486267328,1.750192881,1.057391286,2.387441635,1.765549302,1.323271751,1.66357553,1.435217023,2.470469952,1.438794494,1.786907315,1.969335914,1.795836091,1.471281767,1.830058932,2.035403252,2.70593071,1.705893278,0.7806976438,0.6010647416,1.070520282,1.233076811,0.4405065775,0.4010513127,0.6385809779,0.796826601,1.215171218,0.7308568358,0.4591547251,0.6448373199,0.8988553286,1.593758106,1.156469107,1.000321269,1.168400049,1.610541582,1.979367256,1.266214848,1.125204206,1.264927149,1.366090536,1.081061721,0.7782221437,0.7269434333,1.107630134,1.366111398,1.244391441,0.8756707907,0.7366377711,0.7083710432,1.111038208,1.603083134,0.7860648036,0.8869277239,0.9566217065,0.8878356814,0.9645887613,0.7423692942,0.7693037987,0.7114316821,0.3250772059,0.4139298797,0.4664766192,0.1648480445,0.2878546715,0.2039406449,0.06005937979,0.1206592321,0.06933142245,0.08168806136,0.04822107777,0.0653173998,0.0450560227,0.03945067152,0.02454621717,0.02334850281,0.02460438013,0.03649124131,0.05426926538,0.08422967046,0.1825778335,0.2385329455,0.1761718541,0.1756591052,0.1035525724,0.153294161,0.1167861894,0.1001690924,0.1649639755,0.1696013808,0.1482484788,0.1051764414,0.1534564793,0.1048627272,0.06676519662,0.06469572335,0.1413934976,0.1704221517,0.09686528891,0.05731480569,0.06974056363,0.08572669327,0.06552407891,0.09871536493,0.09876009822,0.08811604232,tyakana
0.93884027,0.8329336047,1.335380077,1.241364717,3.133123159,2.2062819,1.703728199,1.199870825,3.259424925,4.20699501,2.184954882,1.444150567,2.048937321,2.352107048,2.561726093,1.117521644,1.387888789,2.68737793,3.25375843,3.353842258,1.959083676,2.653232574,2.308976412,3.003198385,3.731770277,4.277955055,3.711193562,3.224874496,4.303732872,4.614924431,3.665519714,2.759338856,2.475371838,3.402039766,3.558858871,2.971712351,2.423726082,2.485537052,3.40073657,2.979656458,2.767388105,2.551713943,3.04749608,3.770881414,3.603067875,3.04134798,2.853479385,3.764165163,3.870793343,4.000478745,3.240692377,3.785505772,4.032007694,3.671855211,3.42148757,2.644953012,2.950422525,2.675420284,2.307323217,1.716939926,2.42840457,2.310247898,2.545716524,2.027084589,1.917309761,1.79765451,1.870846391,1.916599512,1.731524944,1.741948605,1.53450501,1.932271957,1.857506514,1.558961391,1.671496868,1.675943017,1.709739208,1.595761299,1.309509516,1.119914055,1.31327498,1.18744874,1.135801792,1.323030829,1.222059488,1.070953608,1.416003585,1.186220169,1.528266311,1.958352804,1.748785734,1.58732748,1.775182724,1.524642944,2.120791674,2.349436283,1.699312091,1.888841033,1.711560965,2.253786087,2.080667734,1.456944466,1.114856482,1.340954542,1.391063213,1.548281193,1.924058557,1.314076781,1.224897027,1.088208079,1.446026564,1.115857482,1.731415391,1.083894134,1.418522,1.09364152,1.197496057,0.8681486249,1.161623716,0.9388296008,1.497160316,1.319198012,1.359246492,1.26386559,1.526851296,1.676796794,1.578822494,1.625888586,1.725963473,1.670188785,1.188996196,1.590638757,1.303178191,1.047503471,1.556124568,1.163982868,1.278981209,0.8325836658,0.7058479786,0.9842649698,0.8055613637,0.8600740433,0.5755689144,0.4071850479,0.6092986465,0.2903418541,0.4936459959,0.2793222666,0.4761582613,0.5345546603,0.6274660826,0.499489516,0.5313990116,0.4236897528,0.4110911191,0.7940348983,0.7167006135,0.7109366655,0.8073525429,0.6243972182,0.7843516469,0.4442257285,0.4363625944,0.4577580988,0.2578389347,0.2190047354,0.2019722313,0.134526521,0.113619253,0.1513843536,0.1042840555,0.05219176039,0.1388271302,0.1159528792,0.06054106727,0.05388695374,0.1418905705,0.05175394937,0.1086212397,0.1237006336,0.1487922817,0.1015215069,0.1623349041,0.05251705647,0.07507175207,0.1239409298,0.1080976725,0.1944217682,0.08991122991,0.0389597863,0.1163968891,0.1636322737,0.2403089553,0.131516397,0.04356516153,0.03586122021,0.04784556106,0.01993637532,0.03463993222,0.04935221002,tyakana
0.9042841196,1.223236084,1.497900009,1.094112754,3.223651171,2.119591236,1.718235493,1.459880352,3.219426394,4.276826859,2.18308568,0.7738507986,2.05561161,2.252033949,2.673602581,1.062092423,1.188774943,2.912475586,2.762506485,3.453190327,1.712083817,2.695974112,2.05888176,2.906891346,3.801161766,4.272369385,3.645354509,3.268414974,4.052894592,4.774021149,3.288128853,2.411681652,2.654739618,3.818416834,3.599135876,2.751076937,2.138501883,2.611804962,3.835408211,2.754894495,2.443352461,2.497170448,3.457863331,3.656159878,3.423532724,2.655704975,3.297793388,3.890696764,4.086632252,3.9465096,3.528242826,4.044265747,4.132814884,4.352455139,3.635807753,2.917645931,2.935046196,2.834072113,2.679075003,1.836638451,2.071242332,2.16663003,2.175460815,1.844489336,1.598115563,1.26784277,1.806940675,1.901805639,1.705169916,1.233431101,1.280370116,1.872335315,1.731083393,1.265881062,1.179447651,1.480482578,1.765212774,1.541815162,0.9234921336,0.7559941411,1.164503932,1.152917981,1.071148872,0.8962694407,0.5055275559,1.127474666,1.358623505,1.596598029,1.19112289,1.32841301,1.540440798,1.986474395,2.111128807,1.804503679,1.805450916,1.510146141,1.849966049,1.619676471,1.915488005,1.960449457,1.359020948,1.038141012,1.112374783,0.962003231,0.9642475247,1.261500239,1.346947312,0.8975089788,1.118914485,1.274010897,1.441475391,1.019958615,1.659476876,0.9441782236,1.244637132,0.9695262909,0.7196230292,0.7319144607,1.147852421,1.04817307,1.28643167,0.9193639755,1.438096285,1.086719751,1.402886629,1.623902202,1.126079559,1.909114003,1.670915723,1.693491817,1.26939106,1.725748539,2.035379648,1.283420682,1.534664869,1.506775379,1.463635445,1.021646619,0.7409370542,0.6284522414,0.6441266537,0.5093209743,0.2486803979,0.1757987887,0.1262701154,0.07737575471,0.0850604102,0.07324521989,0.1227387786,0.1821791679,0.1751242429,0.1362863928,0.1880460829,0.1184170619,0.2930295169,0.4330021441,0.4867879748,0.4888374507,0.3777773678,0.3443263471,0.4502263367,0.2960570455,0.2584626079,0.2822851241,0.1155941859,0.09844941646,0.08496658504,0.08965387195,0.05320075527,0.09777139127,0.05182461813,0.05774294958,0.05874720588,0.0653160736,0.02241394483,0.02903190069,0.09384313971,0.03273116797,0.04872630909,0.05731827393,0.06380072981,0.04969980568,0.0371808745,0.05287826806,0.07913950831,0.08330839127,0.06865413487,0.08728720248,0.03765556216,0.06295630336,0.05524870753,0.05235169828,0.04122144356,0.0352092199,0.02815768123,0.05451562628,0.02681160532,0.05056390166,0.04290836304,0.02521715872,tyakana
1.231814981,1.316261768,2.146559238,1.57675755,3.201168299,2.725429058,1.911176085,1.406515002,2.497919321,4.220452309,4.037780762,1.43895483,1.381404519,2.454713106,2.366903305,1.596651912,1.450859427,2.455842733,3.204962969,2.761219501,3.364351273,2.400990725,2.655278683,3.366618395,3.242566109,4.604715347,2.586504221,4.346772671,3.644866943,3.624312162,4.817847729,1.849906683,3.639624119,1.833316922,2.483966827,3.50376749,1.676012993,2.938504934,2.160782576,2.522822142,3.678422451,3.67294693,2.56601572,2.282083035,3.002743006,4.34948349,3.946727514,3.159237862,2.816393614,3.893569708,5.061969757,3.789284229,2.718343258,2.769130945,3.121620893,4.200995922,2.32962656,1.539156556,1.690889716,2.188636303,3.144469261,1.893532991,1.600358248,1.615082622,2.000126123,2.747054338,1.927401543,0.85179317,1.140581012,1.05246377,1.656157255,1.370794058,0.9087250829,0.9951663613,1.727750659,1.851411581,1.239613414,1.194853663,1.269656539,1.060832381,1.41230011,0.9385677576,0.8196769357,1.103290915,1.450700402,1.017661333,0.9306799769,1.066099167,1.230470777,1.392981052,1.202960491,0.8289126754,1.416997313,1.92398119,1.796507835,1.116191268,1.055945635,2.185005188,0.7458947897,0.9710761905,1.649641871,1.820592284,1.541982532,1.104874969,1.459389687,1.148337483,1.712225199,1.004768729,1.01163733,0.763906002,1.188242793,1.179709554,0.2962574661,0.1978395581,0.3202275634,0.2204977125,0.1189868525,0.08446373791,0.1587968171,0.1541829854,0.3217276037,0.3581890762,0.2848130167,0.2811555862,0.3246303797,0.4398142993,0.7431536913,0.7176021934,0.7657875419,0.7959463596,0.8389409781,1.061578274,0.9233739972,0.7397294641,1.059441805,0.4089939594,0.4079695046,0.4703557789,0.8247861266,0.6251131892,0.3096143007,0.6454235315,0.4503269196,0.266155839,0.4955372214,0.7220537663,0.8199477792,0.4603632987,0.6139595509,0.3586185873,0.4927978814,0.7812589407,0.5024581552,0.3563723862,0.2585374415,0.1400343925,0.1388226002,0.1932317764,0.3646885455,0.1716347635,0.07687144727,0.08800100535,0.08000561595,0.08913030475,0.06585089117,0.05490183458,0.02716125548,0.03988251463,0.03029118106,0.02813393623,0.03365023434,0.01872708835,0.0312839523,0.06759352982,0.071292907,0.06766098738,0.08080080897,0.1121514887,0.08690662682,0.09704924375,0.0691165328,0.03595137596,0.07067414373,0.1482578367,0.09865067154,0.07793089002,0.07634913921,0.07037335634,0.06190442666,0.06255596876,0.06417895108,0.05652425066,0.03999617323,0.02631994896,0.02107492089,0.02936059609,0.04911779985,0.02942195348,0.03260049224,0.03598074242,tyakana
1.278417706,1.227354884,1.718364239,0.9906770587,2.883434057,2.515907764,1.59348917,1.582250118,1.157881379,3.949570417,3.530568838,1.1755023,0.8154342175,1.97596705,1.878634453,1.247913003,1.253076553,2.402395248,2.534430742,3.162778854,2.98236537,2.300426006,3.167657375,2.592462778,3.662109613,4.271194458,3.357694387,2.937043667,2.840164185,4.568443298,4.723357677,2.212373972,1.5267874,1.948902965,3.448017836,3.104414225,1.743814826,1.391191602,2.170040846,3.017982483,3.611960649,1.765154362,1.51131773,2.180587769,3.704297781,3.734327078,1.798378468,1.936915517,3.312132359,4.51631546,4.373383999,2.727089167,1.726138592,3.38161397,4.367341518,3.908827066,1.546939611,1.19357872,1.935486078,2.825417519,3.3674891,1.283440471,1.792958379,2.081640959,2.517644882,2.452043533,0.8489797115,0.8760266304,1.23661375,1.25483501,1.597645283,0.943900764,0.9731226563,0.8299244046,1.578057766,1.710327864,1.11343646,0.8680922389,0.8409779072,1.060557842,1.347109914,0.7717558146,0.5547187924,0.7978826165,0.9640390873,0.9544881582,0.6431221962,0.993673563,1.195045829,1.082813025,1.521618009,0.9315010309,1.326419234,1.517533302,1.854869723,1.447679877,0.8337150216,1.737933755,1.363412023,1.329079509,1.831225038,1.384043813,1.818715692,1.553943276,1.98150897,1.985320091,1.26521647,1.540936232,1.915292978,2.159764051,2.507553339,1.074283123,0.2843675017,0.310180217,0.9471996427,0.7575622797,0.1897246093,0.2102725804,0.2652159929,0.4362846911,1.104379535,0.5191729069,0.3932703137,0.5701479912,1.107823014,1.649045825,0.9488833547,1.275656939,1.232425094,1.686158419,2.216826677,1.389851689,1.317484021,1.187921762,1.11275363,1.245904088,1.004482746,0.8593921661,1.015221357,1.210318208,1.093836665,0.5089725852,0.5109340549,0.4073233306,1.353631496,1.536812425,0.8340300918,0.6833689809,0.7401245236,0.9447342753,0.8899034858,0.5413948298,0.403914243,0.4797155857,0.2503083348,0.3108192086,0.4430716038,0.2653748989,0.2989462018,0.275691092,0.1876548082,0.2272493839,0.0816925317,0.09063050896,0.07579282671,0.1108494401,0.04959834367,0.04023415595,0.01546550356,0.01354323421,0.02803499252,0.01564299315,0.03134029731,0.02118449658,0.06717254221,0.05299079418,0.03361725062,0.05296188965,0.07699862868,0.0701219961,0.0513058044,0.08129341155,0.07440315932,0.1513288319,0.07799903303,0.02048619278,0.02846774645,0.01419883221,0.009006771259,0.02168901265,0.02111110836,0.01180196553,0.008978874423,0.01086714305,0.003641371615,0.003542638617,0.004597842228,0.004796448629,0.003432487836,0.006499755196,tyakana
0.9212145805,1.486817241,1.959458709,1.236357212,3.216124773,2.326225519,1.857686162,1.174426913,2.126351118,4.283781528,2.939410686,1.367858648,1.221803904,2.932316303,2.597072363,1.138334036,1.485548019,2.901454926,3.02848959,3.874304056,2.288315773,2.497437954,3.927959204,3.102716923,4.277719021,3.502772331,3.021354198,3.789607048,3.068202019,4.896856785,3.58356905,3.532728195,2.051502943,2.271100044,3.00161767,2.688506365,2.271589756,1.83957231,3.068557262,3.467009068,3.477989197,2.002079725,2.028964758,3.249217749,4.120183945,3.46366024,2.16012764,2.942514658,4.502875805,4.852390766,3.443753242,2.559952497,2.989666224,4.244609356,3.518198013,2.596649885,2.01767087,1.79328239,2.728476763,2.580629587,2.95381546,2.358985424,2.82696867,2.841028452,2.407566071,2.295811653,1.972948313,1.592268467,2.1012187,1.548440456,1.672572494,2.026127815,1.839642406,1.859012008,2.227039814,2.01531291,1.801458359,1.786697745,1.605707288,1.744612575,2.007671595,1.578757167,1.122977138,1.333535671,1.53611517,1.693249941,1.770628929,0.9314847589,1.259719849,1.709792256,1.768715978,0.8663355708,1.02437067,1.478368044,2.341628075,1.001432538,1.150256753,1.402387381,1.219375491,1.661272645,1.60828495,1.242375493,2.465498924,1.703920364,2.285924911,1.71985805,1.631712198,2.023982286,1.734925508,2.310006142,1.701141357,0.8475464582,0.7596129775,0.5567278862,1.595760703,0.6794427633,0.3060903251,0.5145379305,0.2979423106,1.14364481,0.967146337,0.8320819139,0.6735682487,0.8307214379,1.593619227,0.9995120764,1.327419996,2.082228422,1.418078542,2.156927109,1.339786053,1.70945704,1.939504743,1.445441246,1.796025276,0.7827833891,0.9201136827,1.218456268,1.363590121,2.379208088,1.096963763,1.040220022,0.7414206862,0.8845077157,2.314790249,1.069850326,0.882605195,0.9179774523,0.7797825933,1.305147409,0.7203283906,0.6343570948,0.4460317791,0.3761597276,0.4840899408,0.3781870604,0.2571644187,0.4045445621,0.7596761584,0.4675579965,0.2401667982,0.4689759016,0.324256748,0.5396544337,0.3709138334,0.3180060387,0.1037305519,0.1440911889,0.08121212572,0.02502920665,0.09835541993,0.1697566956,0.4509783387,0.332611829,0.2099363208,0.667096734,0.7655433416,0.4123314321,0.5031893253,0.3565202057,0.5942406058,0.5863674879,0.6419227719,0.4311799705,0.2369969487,0.2071897537,0.1544988751,0.3407693803,0.2832415104,0.3229998648,0.1990778148,0.2495019585,0.3410441875,0.337236017,0.315551281,0.2200549543,0.1874035448,0.3053116202,0.4868525863,0.2992658019,tyakana
0.5319902897,0.6436439753,1.077810168,0.6446573734,1.779580474,1.334191561,0.5667976737,0.5318660736,1.025663137,3.138015747,2.608522177,0.6462467313,0.602730751,1.309993029,1.312459588,0.55303967,0.7114010453,1.719448686,1.983143568,2.791213989,1.890634894,1.501384258,2.681147337,1.857452869,3.559247017,3.207551956,2.206059217,3.289303064,2.557799816,4.473703861,3.816806316,2.9609797,2.202708006,1.407049775,2.902338028,2.486940384,2.643374681,1.849568009,1.895233512,3.034510374,3.339651823,2.293687105,1.755011916,1.760049224,3.40857482,3.598162889,2.096383572,2.310195446,3.060832977,4.419833183,3.648300886,2.573592663,2.357566595,3.612184048,4.407351017,3.05812335,1.503595591,1.778806686,2.29138279,2.832722902,2.527804136,1.215104818,1.62370491,2.51366663,2.711765766,1.49075222,0.7357960343,0.9997963309,1.593840241,1.695628881,0.8651859164,0.7856359482,1.075394034,1.696330786,2.433193684,1.289619565,0.9520106912,1.309616089,1.51305151,2.103982925,1.182203412,0.8338863254,0.7635062933,1.172869563,1.487583041,0.7518274188,1.164870381,0.7892632484,1.205409527,1.154644966,0.803447485,1.002828121,0.6734336019,1.025990844,1.407906175,1.566526651,1.140654802,0.9043909311,1.167640924,1.532091856,1.420060635,0.8543793559,1.85600698,2.035568237,2.380741596,1.589087725,1.496640563,1.747987747,2.465354443,2.497617483,2.282387495,0.8399803638,0.8449855447,0.908999145,1.657174587,0.8732566833,0.4798159301,0.6327795386,0.5685372353,1.105448365,1.146952271,0.7562252879,0.4543452859,1.30953598,1.560410857,1.466495872,1.222921729,1.353058815,1.87770319,2.013501167,1.714570642,1.425036311,1.349578619,2.087782383,1.777237177,1.227606297,1.228605866,1.37527895,2.360947609,2.19032383,1.44553113,1.044335485,0.8866354823,1.696236968,2.170858145,1.374104977,1.164528608,1.735952258,1.941302538,1.617931962,0.9011505842,1.247926116,1.187777877,1.051206589,0.693995297,0.5477920771,0.7887425423,0.7704696655,0.8417863846,0.6578856707,0.1988174319,0.2481830865,0.1125804037,0.1704389751,0.09585570544,0.1537777781,0.1163318977,0.09389919788,0.07332839072,0.03320500255,0.02121425048,0.01589471102,0.01326603536,0.01880549267,0.02035619877,0.01811893471,0.01631263085,0.01559804007,0.02326674946,0.01978604309,0.01203176752,0.00798120629,0.02769778483,0.03355902433,0.02587929368,0.01499122847,0.01827996783,0.01719652116,0.0139564611,0.009455898777,0.006544831209,0.00566478027,0.007698480505,0.006462899502,0.005702191498,0.006292454433,0.006322097965,0.004020173103,0.005291142501,0.004095822573,tyakana
0.79750067,0.8555207849,1.343391299,0.8084834218,2.353331327,2.604486227,1.401391625,1.127811074,1.465556741,3.554007292,3.924280643,1.282719493,1.066105723,2.518522024,2.031993151,1.73365891,1.380892396,2.440576792,2.701349974,2.211126089,3.360701084,2.737866163,2.356642008,2.735462904,2.395890951,4.450976849,3.793405056,3.90605545,3.243542433,3.285852432,3.781942368,2.870698214,2.984674692,1.801786542,1.562005281,2.050486326,2.550836325,2.510609865,2.318221092,2.111569881,3.169574022,3.541132927,2.892646551,2.303295374,2.145358324,2.875299692,3.712850809,3.476228952,2.748614788,3.231283903,4.096680164,4.630223751,3.867664337,1.570744276,2.768403292,2.967673302,2.397203445,2.395074129,1.435637712,2.33867979,3.322475195,3.154529572,2.500590801,1.554466367,1.818196893,2.242060423,2.233689547,1.981032729,1.028127074,0.560634613,1.117976665,1.508559346,1.132225752,0.9555488825,1.037926435,1.115177035,1.269095421,1.38763988,0.9989748001,0.6949332356,0.6888993979,0.6406172514,0.6302660704,0.7253243923,0.8349590302,0.5412501097,1.094981313,0.9923931956,1.211054206,0.9584532976,1.016671777,0.9769804478,0.9789376259,1.475001097,1.025838017,1.104582667,1.247021437,1.521896601,1.267623901,0.6675297618,0.6802716255,0.8495801091,1.377541423,1.185901642,1.21848464,0.9516995549,1.259511709,1.622966051,1.583341241,1.473980069,0.9715916514,0.5705400705,0.2720115185,0.3165897429,0.6358931661,0.3528228402,0.2763262391,0.390080452,0.2189859301,0.262380302,0.4447068572,0.3307688832,0.3963445425,0.5643357635,0.9930775762,0.9614806771,1.0039711,1.486724854,1.399393082,1.497462153,1.325615525,0.982323885,1.073943257,1.223437667,0.8643165231,0.8127480149,0.7510465384,1.066862583,1.307875633,1.311279535,0.9025546908,0.3701216578,0.308496356,0.4589780569,0.9563311338,0.7812971473,0.4992752373,0.941239059,0.6068190932,0.5766541362,0.4501454234,0.3837558627,0.2988314927,0.2150010914,0.1380294263,0.2093425393,0.2016358376,0.2441762537,0.1749126911,0.06563723087,0.07310169935,0.1241317764,0.06845349818,0.06530878693,0.04871468619,0.2058454752,0.08517186344,0.1372145861,0.1345925629,0.0502596423,0.02992968634,0.06383892149,0.07437728345,0.08734501898,0.186839208,0.2518648505,0.272977531,0.2356941849,0.3925141394,0.1567412764,0.2633358836,0.3155617118,0.3472013474,0.4927531779,0.2218462527,0.2660708725,0.2173468024,0.1137073934,0.1344783455,0.08586739749,0.1487740427,0.08143097907,0.0718075186,0.07846868783,0.08286017925,0.1186035722,0.1360616833,0.111208491,0.1451065689,0.1162160859,tyakana
0.5526344776,0.6961161494,1.093941689,0.6987270117,1.787406206,2.055056334,0.9662052989,0.7016681433,1.027484417,3.336947918,3.37507844,1.402841926,1.007688761,2.088101625,1.410595179,1.494493365,0.8370406032,2.741982698,3.093425989,2.319241285,2.798577309,1.811424613,3.442748547,2.899057627,2.585773706,4.237789631,2.391263008,4.180142879,2.118988514,3.096501589,4.19230938,2.461406231,3.485328674,0.9925993085,1.613867879,2.613570452,1.974212885,1.062066913,0.919479847,2.29756999,3.49689126,2.969249725,1.306477904,0.8452646732,2.38503933,3.648469448,2.258349895,1.446414113,1.512024283,3.066559076,4.633300304,3.132650137,1.55369544,1.408166528,3.450726986,3.962861776,2.198128462,0.9581392407,0.7114441991,2.033116817,3.407184362,1.994690299,0.9073436856,1.018276811,1.668591261,2.323457003,1.549542546,0.4451150894,0.3940156102,0.5804550052,1.455014825,1.396092415,0.46455881,0.5242920518,1.231044292,1.764178038,1.245138764,0.4393033683,0.4844264984,0.7777865529,1.395456433,0.9113788605,0.4888158441,0.440875262,0.5379956365,0.6123183966,0.8464909792,0.7361574173,0.5000708103,0.3994014561,0.500710547,1.007328629,0.6071187258,0.3520073891,0.5461682677,0.893468678,1.694808125,0.7239383459,0.2078603357,0.5344347358,1.230708361,1.157472253,0.6951668262,0.4238912463,1.142361522,1.37663877,1.625102162,0.6870581508,0.3517567813,0.8873445392,1.660776019,1.306454062,0.4223981798,0.2331556231,0.3047850132,0.3256503046,0.2633261085,0.2186692655,0.07745750248,0.2820807993,0.6570618153,0.5698375106,0.295132935,0.335675478,0.648848474,1.106147289,1.478173852,1.21536696,0.5782517791,0.9208363295,1.261144161,1.86071682,1.508748531,0.8083275557,0.7221676707,0.685967803,1.150634885,1.272005439,0.8250739574,0.9040002227,0.9395014048,1.350160241,1.023597121,0.3454083502,0.8693183661,1.369422555,1.645793915,1.282128692,0.473512888,0.9509785175,1.030701995,1.030026793,0.6237957478,0.3506267369,0.3378966153,0.3405944407,0.3812022507,0.1922827512,0.2835786641,0.1893226951,0.05452845991,0.07421454787,0.05147678033,0.05861981586,0.03884753212,0.04158871621,0.02450793982,0.05220461264,0.03766352311,0.008536746725,0.02756456845,0.02545867674,0.03060366958,0.06605625153,0.05603634939,0.09969794005,0.07768800855,0.07764200866,0.08042675257,0.03199642152,0.05141336098,0.08391899616,0.1146150827,0.07975297421,0.07398311794,0.07277073711,0.05455203354,0.03577592596,0.03952412307,0.07172639668,0.09629674256,0.04689365998,0.02628618665,0.02786281705,0.02657785453,0.05534512177,0.07183942944,0.04322147742,0.03295941278,0.04054123908,tyakana
0.3951231241,0.6930075288,1.30463028,0.9027392864,2.667457581,2.597826958,1.435480475,1.528568268,1.894968033,3.873024225,3.74627161,1.297043085,1.554665327,3.093413591,2.548736572,1.747202396,1.731364489,1.526180387,3.564322472,2.407077074,3.094388247,2.410429955,3.096259356,3.557251453,2.535860777,4.517647266,2.746301174,4.384821415,3.177023411,2.559341669,3.643444777,2.222962618,3.873250723,1.608298898,1.720869184,2.481823921,1.662494421,2.136318922,1.402556777,2.08284688,3.581537485,4.128726006,2.891285896,1.649224281,2.228495359,3.538862944,4.133432865,2.763241291,1.894195318,2.915480137,4.719570637,4.504639626,2.012049198,1.419927835,2.71868372,3.842451334,3.108758926,1.258208632,0.8707829714,1.452385306,3.226331711,2.999242544,1.197535157,0.6342864037,0.8888540268,1.556982517,1.856312871,0.7768825889,0.424428463,0.459443897,0.8256829977,1.636053205,0.9025825262,0.6633123755,0.9442498088,0.9065688252,0.9667543173,0.733063817,0.6637071967,0.6615567207,0.8380204439,0.583673656,0.6025169492,0.8271209598,0.8664652705,0.6899446845,0.756195724,1.439761758,1.097441435,0.8414410353,0.7162699699,1.011405706,1.786818981,0.8862016201,0.6897341609,0.7641934156,1.276265621,2.507906914,1.064164996,0.4993382692,0.5565633774,1.351979375,2.185026884,1.181737304,0.4354553521,0.8337603211,1.715139031,1.563108563,0.548597455,0.2609429359,0.7764473557,0.7786081433,0.6220190525,0.15164271,0.1940851361,0.1611771584,0.2237511873,0.2569749653,0.08095740527,0.1774947792,0.2348344177,0.4069617689,0.5790744424,0.4001455903,0.3509341776,0.7191163301,1.207658291,1.822631001,1.222304225,0.9136490822,1.117951632,1.29087472,1.920235991,1.433227539,0.9921650887,0.5361071825,0.9044615626,1.343122244,1.440613866,1.260178328,0.7671251297,0.404914856,0.7188913822,0.6340753436,0.8570415974,0.5760167241,0.693211019,0.9390839338,0.6949151754,0.5500172377,0.3707133234,0.3278234005,0.2598918378,0.1902759075,0.1146670133,0.07797121257,0.06634551287,0.08730313182,0.1517983973,0.07278262824,0.03116298281,0.0437403284,0.02116141468,0.03214070201,0.02441587672,0.04323273525,0.02406390198,0.01646004245,0.01889082789,0.03568061814,0.02720339783,0.0478371419,0.08694284409,0.06812658906,0.08863333613,0.11977157,0.09792201221,0.1306866407,0.05807091668,0.0842923075,0.2075398564,0.1216259152,0.1434847414,0.0940297842,0.1076297387,0.1411577761,0.09781060368,0.04242957011,0.1034618095,0.09666680545,0.05088959262,0.08879354596,0.1057767868,0.06038805842,0.05525257438,0.04829789698,0.1107695997,0.1035202295,0.07843814045,0.05688878894,tyakana
1.920276999,1.97208488,2.496679783,2.269484043,3.966941118,3.484103441,2.544113636,2.031793594,2.801244974,4.818321705,4.493477821,2.300593376,2.180356503,3.30608058,3.436434031,2.417715549,1.895372272,3.176704168,4.080252171,3.210043907,3.957566023,3.011183977,3.175369024,4.25084734,3.137140751,4.98552227,3.092317581,4.198366165,4.432302475,3.468457937,4.4852705,2.191271544,3.666241884,2.613908291,2.48466754,3.450494528,2.454851627,3.533391714,2.661640167,3.019660473,4.034196377,3.8214643,3.960316896,2.587837696,3.17471242,4.317382336,4.530226707,3.952533484,3.36501956,4.017794609,5.039478779,5.076280594,3.671103001,2.760388613,3.140702009,3.629709482,3.753823996,2.260220766,2.266425371,2.400075674,3.597382307,3.649293661,1.989870906,1.853856802,2.624999523,3.162111282,3.04164362,1.395279408,1.285962462,1.142958164,2.100195408,2.536073923,1.260990024,1.327282667,2.702459574,2.679761887,2.497788429,1.917634606,1.738939285,2.428072453,2.251378775,2.119816303,1.439279079,1.720088243,2.093143463,1.681928754,1.946918964,1.582184434,2.235237837,1.573287368,1.503867984,1.423380017,1.349826455,2.453892946,1.974110961,1.64932096,1.822148681,2.211665869,2.484634161,1.291119099,1.98692131,2.403868198,3.070425034,2.306075573,1.77090621,1.965734005,2.320391655,2.427643061,1.849031687,0.9930529594,1.629700303,1.334275126,1.207771659,0.4937018454,0.5990493894,0.4760192037,0.4914791882,0.8591512442,0.3708971441,0.7035459876,0.8446415067,1.004027486,1.160835624,0.8974050879,0.7716606855,1.46710062,1.672937989,2.575948,1.590999007,1.182177424,2.136883259,1.900749445,2.63122201,1.87412405,1.033344626,1.47432816,0.9329422712,2.005170584,1.61017251,1.340878487,1.341055036,1.034421563,1.56254971,1.009332538,1.257430196,1.068794966,1.187195897,1.57447207,1.16229403,0.8894354701,0.8520986438,0.9182260633,0.8500292301,0.4835243821,0.344032675,0.3872993588,0.292560637,0.3444404006,0.3034318388,0.2330772132,0.0940355137,0.130507037,0.04666395485,0.05270224437,0.03967032209,0.05570695922,0.04720215499,0.08031632006,0.07531357557,0.07776395977,0.07332957536,0.05223114043,0.06531013548,0.05677903816,0.06578404456,0.06412883103,0.0906817168,0.1089643613,0.05820129067,0.05060328171,0.04225203022,0.05344605818,0.07004681975,0.07699896395,0.08215530962,0.05644587427,0.03219677508,0.06296744943,0.06778092682,0.02511470951,0.04038707912,0.02445959859,0.03273930773,0.01358910929,0.0218504183,0.0267313011,0.0146694351,0.01430697087,0.01243154611,0.01156500541,tyakana
1.11808157,1.494858623,1.910972238,1.920262933,3.780272961,2.532911539,2.267643452,1.769899011,3.300916195,4.678227901,3.172958612,1.879489303,2.19504714,2.948661566,2.927408218,1.65079248,1.594207406,2.758210659,3.849302292,3.6254282,2.274982691,2.815462828,2.789316177,2.992663383,3.925188541,4.175888538,4.326569557,3.097699165,4.240414619,4.624229908,3.852950096,2.812307835,2.599560022,3.458542824,3.388543367,3.320439339,2.355980158,2.482007742,3.536733866,3.264905691,3.241343975,2.499428272,3.092920065,3.856545448,3.5307374,3.61405158,3.042680025,3.772322178,4.021076679,3.811465025,3.846392155,3.828701496,3.950798512,4.18216753,3.171178341,3.079256773,3.108366966,3.196057796,2.632702589,1.912392497,2.428360224,2.200134993,2.92484045,2.548283577,1.557959199,1.836477995,1.787612557,2.069525957,1.955095887,1.632887006,1.508022904,2.166570663,2.044101954,1.506266713,1.409806609,1.554414153,1.854660988,1.726547956,1.205329776,0.8006805182,1.158015966,1.39855206,1.025426269,1.208461642,0.5556519032,0.9547928572,1.37160635,1.519414425,1.258872271,1.275103807,1.591698408,1.425482035,1.973174691,1.915844321,1.778040051,1.826102257,1.8343817,1.738064289,1.213068128,1.954345226,1.625062346,1.639090538,1.200903893,1.13544488,1.388465643,1.455608964,1.723121166,1.188053012,0.8672400117,1.257289529,0.9856164455,1.007454276,1.1547966,0.7237423062,1.041996598,0.6047377586,0.7322823405,0.4426118433,0.5403279662,0.4468400478,1.167000651,0.936691165,0.9507663846,0.6824126244,1.040756106,1.244077206,0.9534832239,1.394877434,1.274842858,0.88741678,1.230243564,0.9117849469,1.059946895,0.8932572603,0.8605900407,0.7882987261,0.5314275026,0.5446013212,0.527205348,0.3463686705,0.6248571873,0.3444474936,0.2625178695,0.2502111793,0.2208348364,0.1517110616,0.152605176,0.1083552092,0.3140853047,0.3229801357,0.218043685,0.2360667288,0.2571349144,0.3618382812,0.3658977449,0.4283151031,0.3087360859,0.4174058437,0.4258603156,0.3545815945,0.4121026695,0.2488860488,0.2764252722,0.2792009115,0.211520955,0.1383682191,0.1065923721,0.06064109132,0.04501391575,0.08756460994,0.04836372659,0.06094390526,0.04383051395,0.08734441549,0.03762576357,0.03821914271,0.03997755796,0.02968888544,0.07184302062,0.0366402939,0.03000770323,0.02717130445,0.03468867391,0.05172105134,0.09703497589,0.155352518,0.09854198992,0.09194581211,0.1034393087,0.1108269691,0.08216568828,0.08060725033,0.09762453288,0.06058996916,0.05713546276,0.07357341796,0.03990327194,0.0527240783,0.04785428941,0.0503375791,tyakana
0.7893950939,1.128465533,1.478430271,1.387306929,3.231564045,2.271818876,1.486254692,1.341846466,2.745565176,4.019215107,2.190887928,1.130330086,1.482216954,2.008165836,2.15063405,1.316596627,0.9517741203,2.222122669,3.336883783,3.329585552,1.80099225,2.226387501,2.709676504,2.490939379,3.709564447,3.423678875,3.908400536,3.221649647,3.853966236,4.663517475,3.097887516,3.017929554,2.511312723,3.371195078,3.529227495,3.463778257,2.479766369,2.03588748,3.042809486,3.141060114,3.072176456,2.363343954,2.355029583,3.587366819,3.81559515,3.167158842,2.189274073,2.847351313,3.975391626,4.054320812,3.418249846,2.686640978,3.323457241,4.130745411,3.72341466,2.349020481,2.233110189,2.66861105,2.271279573,1.960518479,1.790728688,1.629362583,2.653055191,1.986888647,1.442460418,1.156461835,1.510217309,1.956820011,1.830960274,1.456063271,1.253849864,1.74003911,1.794629931,1.494222522,1.293782949,1.26198256,1.431068897,1.756801367,1.143409491,1.041509271,0.8947162628,1.009774089,0.9804930687,1.252558827,1.026188135,0.9304125905,1.066483736,1.05135417,1.677058816,1.461653829,1.390890479,1.246441126,1.630990386,2.308759689,1.889480948,1.878898263,1.753565669,2.051020622,1.968878865,1.521391749,1.252236366,1.510184884,1.62329483,0.9897225499,0.8743759394,1.60345614,1.763008118,0.9742798209,0.8072840571,0.9588656425,1.213161111,0.9280739427,1.114865899,0.5243504643,0.5760518312,0.5956388712,0.5723361969,0.5582369566,0.4104519784,0.6877761483,1.203281641,1.102578878,1.13168478,0.8798776865,1.13226223,1.252039552,1.313110352,1.501297235,1.231198192,1.610440493,1.333111286,1.263111949,1.447733641,0.983579278,1.569103956,1.173763275,0.9522747993,0.8638896346,0.8567990065,1.031085491,1.190836549,0.623711586,0.5712265372,0.4620077312,0.4509659708,0.3410072923,0.5520356894,0.2850335836,0.476709187,0.5473619699,0.3981610537,0.2878058851,0.3977379501,0.2267223895,0.4269184768,0.4332762659,0.4175409973,0.5848938227,0.5459845066,0.5098295212,0.5063604712,0.3188864589,0.2114647776,0.2566592693,0.2484555691,0.2027680725,0.1172934249,0.1061977446,0.09058563411,0.1130880415,0.04373575747,0.05302160233,0.07135814428,0.04874914885,0.03765182197,0.05545184389,0.1084447727,0.03513714299,0.06617341936,0.05570089817,0.03248171881,0.05337271094,0.02878270112,0.03370785713,0.0762360692,0.06459462643,0.05378359184,0.07433762401,0.0507029295,0.05494261533,0.101907514,0.05825202912,0.05955769494,0.05575208738,0.02241146378,0.0639192909,0.03506969288,0.04271402955,0.0503430739,0.09280446917,tyakana
1.394204974,1.294669032,2.050236702,1.554720402,3.582584381,2.690331221,1.928702235,1.84166038,2.220447063,4.630047798,3.404183865,1.957798719,2.152873993,2.960380316,2.711001396,1.725941896,1.757618546,2.339535952,3.856721163,3.819354534,2.836677074,1.841202021,3.136631966,2.31640029,4.003243923,4.654121399,3.780439615,4.269203663,3.70748353,4.850606918,4.474534035,3.92158103,3.016997337,2.531116962,3.536371231,3.694846869,3.29165864,1.976387262,2.849978685,3.376036882,3.830593109,2.506944656,2.805689573,3.023830175,3.914130211,4.187535763,2.775797367,3.518166304,4.021469116,4.361152649,4.516718388,3.611955643,3.163799763,3.656217813,4.046127796,3.152698755,1.825535655,1.995834351,2.137636185,2.032185316,2.572009802,0.9332454801,1.571465492,2.10396862,1.687737942,1.623607993,0.8175658584,1.192435145,1.595979214,1.67344451,1.334829211,1.143734813,1.415208936,1.465924978,1.612763047,1.286607981,1.117248654,1.20730257,0.9593797922,0.8178864717,0.7773503661,0.997913003,0.7125490308,0.8042690158,0.5190165639,0.9007223248,1.015499473,1.010188818,1.023286104,1.009676099,1.578920245,0.841362536,1.517890334,1.701295972,1.686563134,2.291986465,1.068015575,1.17121911,1.426670074,2.00959444,1.908335924,0.3942906857,0.6996230483,1.132772207,1.10048008,1.063786745,0.7859998345,0.6894732714,0.8674134016,0.9930417538,1.23231411,0.6478138566,0.9351964593,0.5418937206,1.027601361,0.8406842351,0.4493570328,0.3909719288,0.7868534327,0.6376089454,1.355509639,0.7215842009,0.5872200131,0.6127246022,0.9407010674,1.241366982,0.6506906748,0.553910315,1.156508803,1.007438064,1.217141151,0.8786590099,0.5692483187,0.5697588921,1.267371774,1.042051077,0.8345149755,0.640408814,0.7548357248,0.824681282,1.185276866,0.5945528746,0.3091796637,0.3310395479,0.3503518105,0.313503176,0.3673856258,0.1518541723,0.3027217388,0.3777884543,0.2448812276,0.2276529819,0.2126861811,0.2800150514,0.3383572698,0.3501762152,0.3706560135,0.4933379292,0.6299108267,0.504298687,0.3991820216,0.2866526544,0.343734175,0.3109841645,0.1824130118,0.1559598595,0.150825724,0.1433707774,0.112193495,0.1097322628,0.1373090148,0.1232659072,0.08266996592,0.120195806,0.06487952918,0.06567434967,0.102600798,0.06842563301,0.05401252955,0.1687523872,0.157770887,0.1780461222,0.071362257,0.1045476794,0.1397757232,0.1510641277,0.202641651,0.1374504566,0.1209790558,0.2167997509,0.1732942313,0.0850122422,0.1619472206,0.1187257245,0.03136349842,0.03406294063,0.03938568011,0.05757799745,0.05628008023,0.06916985661,tyakana
1.195913911,1.288973927,1.682078123,1.296722889,3.517442942,2.439289331,1.921210766,1.69720614,2.50336957,4.633882523,2.985760212,1.693428516,1.696687579,2.670331478,2.370225906,1.323432207,1.292775035,2.973267078,3.21971488,3.176129818,2.26895237,2.026506901,2.491442442,2.739322662,3.611265182,3.919951916,3.308282137,4.516696453,3.859261036,4.739059448,3.885813475,2.498188734,3.522475004,3.166085958,3.666782141,3.16340518,2.971698523,3.482295513,3.165704966,2.616364956,2.80061388,3.573900461,3.093064308,3.044297934,3.750297785,3.398878336,4.089463234,3.492011786,3.503123045,3.948421717,3.949268103,3.771532059,2.986519814,4.138868809,4.565676212,3.307976723,2.727647781,2.40250802,2.003366232,2.12201643,2.740036488,1.436215997,2.115604877,2.938417673,2.353506565,1.71682775,1.0542171,1.432476401,2.285900116,2.097836733,1.444620967,1.529379964,1.758929491,2.021027803,2.027787447,1.549978614,1.234689355,1.567359805,1.712885022,1.181422234,1.152182698,0.7237279415,0.7932053804,1.212525129,0.9341381788,1.135908961,0.7492040992,1.497158885,1.490074635,1.424348712,1.646216989,1.100064993,1.982809305,2.332104921,2.121810913,2.420043945,1.317322254,2.323918343,1.927918673,1.923596382,1.556865096,1.322242856,1.757208347,1.462542057,1.1703825,0.9500032663,1.559644699,1.173455477,1.419493556,1.522001863,1.270818353,0.9504623413,1.437601686,1.242484808,1.36714983,0.9080637097,0.5677224994,1.037633181,1.448933244,1.031584382,1.306873322,0.9752138257,1.685951948,1.366758347,1.523394108,1.275181174,0.8860131502,1.556855202,1.553211212,1.453953385,1.315254688,1.281958222,1.212635875,0.9356702566,1.386045456,1.008964658,0.7379447222,0.7107335329,0.7362785935,0.6191889644,0.5918927193,0.4730963707,0.4050657153,0.3024518192,0.2412540466,0.1352419555,0.255700171,0.2089906186,0.2991850972,0.3728028834,0.3783225417,0.5426830649,0.6056751013,0.426944524,0.2736574709,0.5969431996,0.658483088,1.063108921,0.9128105044,0.570209384,0.7915703654,0.6637456417,0.9798875451,0.9158402085,0.5966069102,0.4968026578,0.3723779619,0.3162038326,0.2089030743,0.2336846441,0.1266777962,0.1658046693,0.1517307162,0.1243167594,0.07713317126,0.03649721667,0.1061377749,0.06099787354,0.1032157168,0.06461192667,0.06163196638,0.09246873856,0.06239904463,0.09348458797,0.09687166661,0.1724173874,0.09939261526,0.1147347316,0.1825306118,0.1748847961,0.1762054861,0.185464114,0.1960632354,0.1505427808,0.1566250771,0.1621138901,0.1313125342,0.1317386031,0.1058658436,0.1161544546,tyakana
0.6939260364,0.6790360212,1.082550168,0.6128536463,2.332331419,2.292854548,1.496821404,1.392638803,1.817528129,3.58614397,3.27951026,0.9673494697,0.8373352885,1.596443534,1.735031486,1.314228058,1.34828341,2.843647003,2.811956167,2.72061801,2.583403826,1.746742845,1.715718985,2.990641832,3.125496149,4.521129131,3.505869865,4.182599545,4.122693062,4.029310226,4.211961269,2.440351009,3.427980661,2.727017403,2.726569891,3.286166191,2.160779476,3.043215752,2.980938435,2.578106642,3.420929909,3.174224377,3.215736389,2.545719624,3.078420639,3.817363977,3.829186916,3.639415979,2.738854885,3.609373093,4.150388718,3.783761501,2.856723547,1.788527966,2.64356184,2.838209152,2.371150255,1.938022137,1.068674326,1.307479382,2.165295124,1.283609867,1.240362048,0.9012879729,0.9246979356,1.055136085,0.9788051248,1.058292866,0.861661315,0.64208287,0.9019729495,1.039036632,1.209410191,0.7474261522,0.6573596001,0.9455751181,0.9012485743,1.091354728,0.6448654532,0.5295484066,0.783433795,0.8300563693,0.8943191171,0.8151552081,0.5313365459,0.8085079193,1.187102914,1.461081147,1.276976705,1.162291408,1.27137053,1.223259807,1.994567513,1.800275207,1.575374126,1.681922555,1.544329524,1.668986678,1.6010077,1.643723726,1.191547513,0.740453124,0.9402519464,0.7036192417,0.430395484,0.5327401757,0.7635127306,0.4498156011,0.2667222917,0.3648576736,0.5435688496,0.2695744038,0.3029367626,0.1768725961,0.2342188358,0.1689599752,0.1162338555,0.1413625926,0.1703662276,0.1704920679,0.4793720245,0.2930381,0.3340224326,0.2552298605,0.4525681734,0.484721452,0.3524448872,0.6024022698,0.5395596623,0.6376836896,0.5859092474,0.6164250374,0.6049116254,0.3306464851,0.696171999,0.5157646537,0.451540947,0.4096388519,0.2952700257,0.267405659,0.3417389095,0.2133933902,0.1001632735,0.1013732031,0.08506479859,0.07714491338,0.1335281879,0.09752130508,0.1169031113,0.1028707623,0.08052973449,0.07431787997,0.07846922427,0.06361113489,0.1036271825,0.1302713603,0.1614889055,0.2087678611,0.2815250754,0.2970438302,0.1947495937,0.1334260255,0.186544165,0.1078783497,0.1960052252,0.1171822548,0.0484460108,0.1124542058,0.0875781104,0.1080044881,0.08642723411,0.09720816463,0.1358953863,0.07398800552,0.06610959023,0.09351984411,0.106161654,0.08708576858,0.08215869218,0.1212514043,0.06513261795,0.07395873219,0.1543103606,0.04250146821,0.09995497018,0.08944248408,0.05708047003,0.1548611075,0.1153116971,0.1225031763,0.1505617648,0.08711081743,0.110233672,0.0526176393,0.04575628042,0.06173986942,0.06212295592,0.1160761863,0.09525527805,0.1248197556,tyakana
1.198212862,0.9250735641,1.441229105,1.233150721,3.30909133,2.339531183,1.930938363,1.570575118,2.196734905,4.291811943,2.275597095,1.214503527,1.324593425,2.049463987,2.335764885,1.070851803,1.214722276,2.959760666,2.798283339,3.319336414,1.697291374,1.741612196,2.699295998,2.555843353,3.869123459,3.005779028,3.568516493,4.06680584,3.804342985,5.059111118,3.058879852,3.470416784,3.215124369,3.70729804,3.863854647,3.151407957,3.466137886,2.57836318,3.600999355,3.427078485,3.423966408,3.197252989,3.017033815,4.384111881,4.437088013,3.975209951,3.089435816,3.532901525,4.928175926,4.726612091,3.698384523,2.993544817,3.143438339,3.574993134,3.536155462,2.56499362,1.774959087,2.360445023,2.675717831,1.797644138,1.644501686,1.064599156,1.789922953,2.247586489,1.764684439,1.045428991,0.8646352291,1.764392614,1.855160117,1.480452657,0.7414932251,1.507934213,1.700489879,1.76639533,1.51713109,0.9642840624,1.412415147,1.722097874,1.525232792,0.9766409993,0.9637216926,0.8761044145,0.9679713845,1.42395997,0.9364198446,0.8943116069,1.207936645,1.277210236,1.665281296,1.61724174,1.382990241,1.547724128,1.896168947,2.193408251,2.009924412,1.977211952,2.0137043,2.038597822,1.505609155,1.692223191,1.988783002,1.429795384,1.112397552,1.030031681,1.028229594,0.7279464602,1.262944579,0.9346646667,0.9271713495,0.8213778138,0.8182024956,0.9372742176,1.530253649,1.208568573,0.7763366103,0.5784682035,0.6556850672,0.8885174394,0.9600951076,0.3896301091,1.416623116,1.149084806,1.763034105,0.8979189992,0.806029439,1.266745329,1.181676865,2.119190216,1.648863196,1.483333707,1.493405461,1.860357285,2.037014961,1.355221272,1.956655502,1.62860477,1.939476013,1.243159771,1.232857943,1.264054894,1.597587585,0.9843403697,0.652123332,0.503030777,0.4519318342,0.3354213238,0.465611726,0.3907354474,0.3113957644,0.4125614166,0.284352392,0.3384455144,0.2978692055,0.2745323777,0.376814574,0.380705744,0.4333297014,0.5108142495,0.717227459,0.4483146966,0.486756891,0.3982440829,0.5485703945,0.6991644502,0.3895856738,0.373742342,0.2966061234,0.2236731499,0.1602984667,0.1775717884,0.2037057132,0.1425781399,0.1250616759,0.09242141992,0.06693411618,0.04951319844,0.07875737548,0.04049507529,0.06209209189,0.03629222885,0.07937208563,0.07749062777,0.05573728681,0.02553016692,0.02038652636,0.04059117287,0.06853983551,0.0618330799,0.08119417727,0.08366885036,0.09029167891,0.09513121843,0.1255840361,0.1202581599,0.0898180604,0.09186113626,0.06281965226,0.05984139815,0.03876833618,0.03975595906,tyakana
1.148813963,1.199439406,1.239125252,1.195039988,3.241259813,2.514091492,1.895112395,1.627646565,2.595844507,4.280496597,2.693165541,1.285887361,1.734534621,2.367156744,2.175852299,0.9916183352,1.114698529,2.651861906,2.808207512,3.242905378,1.881940007,1.884381771,2.751071215,2.628307819,3.454496145,3.687940121,3.470312357,4.321204662,3.811477184,4.713825226,3.27942276,3.390494347,3.415492773,2.982469797,3.414426565,2.722797632,3.311414242,2.852667809,3.135912418,2.754298687,2.789021015,3.396485806,2.812794685,3.305348873,3.76588583,3.826383114,3.548842907,3.494585514,4.112571239,4.341972351,4.006438732,3.500581741,3.192695856,3.609605074,3.641006231,2.70366025,2.006098986,2.15487957,2.301260471,1.651415348,1.94731164,1.00488317,1.658767223,2.030837059,1.748384476,1.464116096,0.9492828846,1.567110062,1.666458964,1.505806446,1.36836493,1.351698399,1.739599109,1.77103889,1.540864706,1.377556443,1.335913301,1.559452653,1.327740788,0.9798882008,1.200976729,0.9047192931,0.9323146939,1.428030372,1.149097204,1.379163504,1.054918885,1.332944036,1.49354887,1.681041002,1.981806874,1.366386771,1.8729074,2.055697441,1.66437757,1.845324993,1.524098873,2.117727041,1.500594854,1.497493386,1.937592983,1.391324878,1.020882249,0.5086687207,0.8044446111,0.6287533045,0.7454471588,0.5057743788,0.3935701847,0.5217782855,0.5832925439,0.8207160234,0.9658508897,0.2984946668,0.1916484833,0.1691277176,0.2879036069,0.3940904438,0.8177420497,0.2578310966,0.5124474764,0.4317205548,0.5071339011,0.6264791489,0.4484480023,0.6378276944,0.4107657969,0.7140086889,1.180957437,0.7660738826,0.5270128846,0.6611320972,0.5864772201,0.6888376474,1.194336057,0.5909945965,0.537768662,0.5073956251,0.6028744578,0.5745444298,0.436054498,0.3153756261,0.3253355622,0.2508793771,0.1778670549,0.1058535576,0.2315830141,0.1307595074,0.3181999624,0.2908495665,0.2214948237,0.1926196963,0.1991604567,0.3349563181,0.2920171916,0.4542141259,0.3339013159,0.3978303671,0.4437377453,0.3984470069,0.3765511513,0.2393851429,0.2217237949,0.3195078075,0.2281593382,0.1582968384,0.1208202541,0.1050668061,0.04959733412,0.07720342278,0.04032287002,0.05002525449,0.05818193033,0.06263022125,0.04663373902,0.03698339313,0.05186933652,0.02344089374,0.03405058011,0.04935795814,0.02248302102,0.02710224874,0.07119807601,0.09206504375,0.0791156441,0.02994066477,0.06932956725,0.06844108552,0.07493666559,0.05479616299,0.1205907837,0.06107134745,0.05481982604,0.04705837369,0.02415337227,0.03382935375,0.0296096094,0.03009702452,0.04956844449,0.05338656902,tyakana
1.450457692,1.247518778,1.801459432,1.445521712,3.742965698,2.692871094,2.095701694,1.755311489,3.589586735,4.445013523,2.510231018,1.599346638,2.277057886,2.814993858,2.443261385,1.122962713,1.49109292,2.65436697,3.05927825,3.500237703,2.433130264,3.14666152,3.060051918,2.85882616,3.77340579,3.849679232,4.010318279,3.496737719,4.127296925,4.919266701,4.346181393,3.791418076,2.833207607,3.641189098,3.444066286,3.939198732,1.971786261,2.198804855,3.211380243,4.153585911,2.737417698,2.429578543,3.11590004,4.253669739,4.16992712,2.921633005,2.66310811,3.609805346,3.986703396,3.967283487,2.87106967,2.984949827,4.674245834,4.829171658,3.395881653,2.124808073,2.988384247,2.644506693,2.744551182,2.074127197,1.368379116,2.809924126,2.648696184,1.428826809,1.292493701,1.671902776,2.030348778,2.563306093,1.904023528,1.209369063,1.838415742,1.534264565,1.51500845,0.9629999399,1.444415212,1.518057585,1.878981233,1.611763358,1.203297257,1.616556168,1.170308352,1.409989953,1.067840338,1.307093143,1.450059652,1.407512426,1.568590522,1.537119985,1.898979664,1.48476088,1.881430864,1.886150956,1.921049953,1.794444323,1.471833825,1.59638536,1.760770559,2.020669699,1.478659749,0.9649164081,1.215992808,1.586229682,0.7266657352,0.4368472397,0.4963582158,1.159958839,1.31888938,0.788962245,0.763774693,1.197808862,1.293364406,1.348023772,1.217867255,0.9833879471,1.070508361,0.8739289045,0.8882691264,1.069482803,1.186640501,0.6028140187,0.7590992451,0.6120212674,0.674400568,0.7919588685,0.3742392957,0.3223565519,0.3063210249,0.3195050657,0.2463550866,0.2746194303,0.4685696661,0.5623805523,0.8283988237,0.9269259572,0.7006694078,0.7748992443,1.364385486,0.8260567188,1.233222961,0.7734214067,0.8380738497,0.7768775821,0.2603397667,0.1810819507,0.2226938754,0.3986705542,0.1815176755,0.3552231789,0.1719938666,0.4401853085,0.1872997135,0.2115175277,0.3362663686,0.3896711767,0.4017128646,0.3634337187,0.721853137,0.5060636997,0.5941030979,0.5719705224,0.4187038839,0.4244732261,0.3264322877,0.2174343467,0.1961240321,0.2677604258,0.1831938922,0.169473201,0.1391590238,0.07406947762,0.0895774737,0.1182308421,0.06226793677,0.0913702324,0.06966146827,0.09103558213,0.09545388818,0.04433985054,0.06627019495,0.06643740833,0.06087256968,0.08027265966,0.1078883931,0.09040777385,0.05825441331,0.03379104659,0.02938073128,0.03867331147,0.01653434709,0.01385595463,0.03341064975,0.02047946304,0.01920467243,0.0368735753,0.05503324792,0.03495738655,0.0675470978,0.04964084551,0.03732935712,0.04041533917,tyakana
0.9097893238,1.068563581,1.139937758,1.456151962,3.414814949,2.501600981,1.84524858,1.859438658,3.781387568,4.163919449,2.137821913,1.862622738,2.478053093,2.847208738,2.572848797,1.188653708,1.626460671,2.249235868,3.642628431,3.294901848,2.486181974,3.280997992,2.829458475,3.431401253,3.298386574,3.856846333,3.906659842,3.987793207,4.972372055,4.319279194,4.223166466,3.865213633,3.13364172,3.75891304,3.636252642,3.560109138,2.092142582,3.131037951,3.523382664,3.641309738,2.90561676,2.943608046,3.598621368,4.262918949,3.844127178,3.215235233,3.302634716,3.981458426,3.98388648,3.420111895,3.4432621,3.91084528,4.454805374,4.137537479,3.100503683,3.478683949,4.024626732,2.917649269,2.642251015,1.738182545,2.160523891,3.229185343,2.636301517,1.880912185,1.788366675,1.887653351,2.092364073,2.148763657,1.716887355,1.83511126,2.429028749,2.201038122,1.723084927,1.471325159,1.582563639,2.150033712,1.821697831,1.754198909,1.790521383,1.66966486,1.543097019,1.541292071,1.336446047,1.306889176,1.733375788,1.426435828,1.844493628,1.55420661,1.783622265,1.495309114,1.663626552,2.066536665,1.383508444,1.76762414,1.332074285,1.762714267,1.519018888,1.631392956,1.665471196,1.552731752,1.365302563,1.239170074,0.9168382883,0.9282752872,0.9551389813,1.104249001,1.773761392,1.328555465,2.179222584,1.732348204,1.552587271,1.987627864,2.425644636,2.600722313,2.151941061,2.442435026,2.155040503,2.051657915,2.208363771,1.273507953,1.610363007,1.528158784,1.565783262,1.534501433,1.052060485,0.9628618956,0.6007444263,0.3700484335,0.2689984143,0.640308857,0.943287015,1.077948332,1.28285563,1.325847983,1.500957012,1.216463804,1.711101174,1.261297345,1.620641112,1.433699369,0.9851420522,1.525857329,0.5936331153,0.6810700893,0.4046729803,0.4344419837,0.4878452122,0.5089251399,0.2521959841,0.5813170075,0.5028552413,0.3795330524,0.7467142344,0.6596210599,0.50266397,0.6627874374,1.253551126,0.6219806075,0.7121106982,0.5679276586,0.9047779441,0.5088579059,0.4427080154,0.2267629355,0.376935035,0.3671883941,0.1280672252,0.1303419769,0.1571997851,0.1077487171,0.08832380176,0.08293841034,0.05524826795,0.08501073718,0.06100641191,0.08242208511,0.0461316295,0.04531159624,0.05779078603,0.0829487741,0.09071181715,0.09346747398,0.1089494452,0.08173739165,0.07198919356,0.0501235351,0.01834956557,0.02754915878,0.03793506324,0.02627402544,0.02586548962,0.03180389479,0.03319757059,0.05911037326,0.03783461452,0.02773609385,0.0350250341,0.02945401892,0.03290938213,0.07765512168,tyakana
0.8171107173,1.091010809,1.575687408,1.094016671,3.241712093,3.077584028,2.038779259,1.692636132,2.071895838,4.098698616,3.600917816,1.667497754,1.641733527,2.834203482,2.12078619,2.014925003,1.271288276,1.406854749,2.934752941,2.917061329,3.442601442,2.335298538,2.678732634,2.769616842,3.032990217,4.634552479,3.295327425,4.230225086,3.367102146,3.543973684,4.404643536,3.916892529,3.587114573,2.986343622,2.428332567,3.037313938,2.279989004,2.275260687,2.266403437,2.75269413,3.296106339,3.985093355,2.879798889,2.755537033,2.584677458,3.593396425,3.915353537,3.106708527,2.543916464,3.129650116,4.401221275,4.253233433,3.510841846,2.730311394,3.246651411,3.963785172,3.670253515,2.501199961,1.590787292,2.407920599,2.127409697,2.484157085,2.045924664,1.296400309,2.006364584,2.407293081,2.154171705,1.961033106,1.703054667,1.712769151,2.03962183,2.011202812,1.551756501,1.595456839,1.493603945,1.77404213,1.685921788,1.503485084,1.578086495,1.301661015,1.35007298,0.9821167588,1.572062731,1.406782031,1.368075728,1.262529492,1.072690487,1.894480944,1.671335816,1.766478777,1.627327919,1.543489456,1.915009022,1.506570101,1.728587866,1.331773281,1.762745619,1.966264963,1.257351875,1.133015156,1.102583766,1.506712437,0.5442903638,0.4933257401,0.4942465127,1.205682397,1.503281474,1.285660386,1.411003113,1.36547339,1.577097416,2.101843119,2.140295982,2.220809221,1.561906934,2.287989616,2.354161739,2.055115461,2.008852959,1.341147065,1.629672408,1.431212783,1.316630483,1.563792109,0.909342587,0.9809669852,0.9012302756,0.4686454833,0.3332896531,0.4667463899,0.763858974,0.9290052652,1.045685172,1.28727448,1.144091606,1.045370936,1.350194335,1.122195125,1.46750772,1.159703374,0.7834082842,1.185985327,0.6376432776,0.645434916,0.5702875257,0.5748254061,0.6592877507,0.7344952822,0.5579017401,0.8712621927,0.6091566086,0.5188282728,0.7066231966,0.9569479823,0.5739383101,0.8398723602,0.9451265931,0.6138793826,0.6761624217,0.6204712391,0.5994567275,0.464402616,0.4554681182,0.2262907177,0.1927447915,0.2108052373,0.1414544284,0.1023080498,0.1137764826,0.1263179034,0.05645553768,0.07709143311,0.1083169952,0.0742393434,0.1112485304,0.1440065354,0.1065178365,0.08450751752,0.08930176497,0.04337925464,0.06979098916,0.1011084318,0.114261359,0.08307062089,0.1277083904,0.07269839197,0.0310749691,0.06682190299,0.03435630351,0.02062153071,0.03385687619,0.02725752443,0.03215888515,0.05950879306,0.06409203261,0.02182655782,0.06383333355,0.03929486126,0.05307148024,0.08958741277,tyakana
0.9213587046,1.10030973,1.063613653,0.8813604116,3.350701809,2.673016548,1.665890336,1.42360127,2.54365325,4.239967823,3.180018187,1.779356837,1.634368062,2.592366934,1.984113097,1.228354216,1.11011517,2.035907507,2.733043909,2.837334156,2.661125898,2.175287485,2.990630388,2.065468311,3.446667194,3.732430935,3.355496407,3.650429487,3.075722218,4.555709362,4.291932106,4.035019875,2.569785595,2.353025436,3.161788225,3.270410299,1.799925327,1.558438659,2.282426834,3.662233353,3.587200403,3.022009134,1.902598977,2.591374636,3.826607943,3.618159056,2.617569923,2.38555932,3.157205343,4.22180891,3.98379612,2.637229681,2.362839222,3.504232168,4.204071522,3.196632147,2.218557835,2.345042467,2.287946463,2.722250938,2.013864517,1.529067159,1.447422624,1.807125688,2.495333433,1.828847051,1.286815405,1.465029478,1.554977059,1.802509427,1.485362887,1.332262993,1.130618453,1.173146009,1.814032078,1.316952229,1.218173265,1.091153145,1.142116547,1.368854761,0.9496025443,0.9022159576,0.8160797358,1.084585309,1.469847441,1.326080441,1.042633533,1.064306855,1.369743109,1.572505355,1.810121536,1.210198641,1.319340229,1.450558066,1.489547253,1.767624259,1.170340538,1.615026116,1.342928529,1.414495468,0.8504500389,0.8677999973,0.4956160784,0.4714184999,0.374615401,0.478900075,1.175912619,0.8100968599,1.413326502,1.646160722,0.8789952993,1.161776423,1.192545295,1.397084951,1.539990067,1.229707718,0.9130718112,1.169481874,1.495858669,1.242483854,0.6578892469,0.4008025229,0.3187398612,0.6395041347,0.6260047555,0.3089750707,0.1869152039,0.1720861942,0.1166306585,0.1257125735,0.4228678644,0.4101751447,0.608867228,0.5287052393,0.7478452325,0.7975725532,1.042889476,0.9604002237,0.8521749973,0.9815251827,0.5485546589,1.106394529,0.3524431884,0.2452303171,0.3832893074,0.4704172909,0.4486955702,0.3126991093,0.1545390785,0.3427105844,0.4726774395,0.2419041544,0.4320249259,0.3561376631,0.2540796101,0.5276963711,0.576153636,0.4707457125,0.3454200029,0.413657099,0.2212893218,0.2639663517,0.1834558398,0.06567043811,0.1025693044,0.1200239137,0.07028298825,0.07371949404,0.08345189691,0.04616673663,0.117146723,0.08547463268,0.03731110319,0.03695131466,0.06791244447,0.1083270386,0.05085488036,0.02024985291,0.01411119662,0.02086107992,0.03038880043,0.07720593363,0.1000488698,0.04813287407,0.01751198247,0.01090438571,0.008178176358,0.01228384487,0.02280351333,0.01677974686,0.01726392657,0.01840165816,0.01691371389,0.02192096412,0.03062792495,0.01171558443,0.01131382212,0.01655419916,0.03519215435,0.04012806714,tyakana
0.9675384164,1.031621575,1.156419873,1.337810755,4.017388821,2.657447815,1.930899858,1.844540596,3.331756115,4.974577904,3.112332344,1.913660407,1.950165987,3.457390785,2.815052748,1.765500784,1.314744353,2.992625237,3.480074644,3.594150066,2.942686796,2.529724836,3.546490192,2.707224131,3.799654961,3.787186384,3.887835741,3.846194983,3.499928713,4.863828659,4.19262743,4.523680687,2.942866802,2.480829954,3.474238873,3.296704292,2.2343328,2.23692584,3.217991352,3.696052551,3.938793898,3.457572222,2.46130538,3.14666748,3.966236353,3.647704601,3.17313838,3.297148466,3.821155548,4.47007513,3.931434631,3.09108901,3.423444271,3.730574608,4.257791042,3.551219463,2.873227835,3.121250868,3.145624399,2.286422968,2.016939402,1.683519721,1.556756258,2.789808512,2.670437336,2.095897198,1.78855443,2.387719393,1.733440518,2.019086838,1.705913901,1.492791295,1.381385446,1.88571775,1.933743834,1.659698129,1.571210504,1.315604448,1.278216481,1.592631698,1.212837696,1.109444857,1.32056284,1.017154694,1.530880928,1.486044765,0.8477343321,1.66911459,1.487202644,1.800794959,1.831762552,1.509839892,1.605809689,1.296871185,1.544998407,1.437494993,1.457880497,1.503005981,1.345173359,1.287677526,0.6068937182,0.6754001379,0.6331717372,0.7379196286,0.3505427837,0.4897736609,1.54124999,1.640535355,1.835431576,1.590374231,0.9306814671,1.714211345,2.181073666,2.242092133,1.858240962,1.910656691,1.876173377,1.80442059,2.344223022,1.273693562,1.246483207,1.02110517,0.8786001205,1.323684573,1.004639149,0.6768473983,0.328900516,0.333306849,0.2781812251,0.3168599606,0.5501300693,0.492430836,0.6257909536,0.9638169408,0.9735613465,0.9256973267,0.748893261,0.7319197059,1.158445239,0.8094609976,0.5947512388,0.484775871,0.2853265107,0.3890987337,0.3528474569,0.2166487426,0.3193207979,0.3249668479,0.372700423,0.2725405991,0.4490067065,0.2757887244,0.7528092265,0.5308895707,0.5009965897,0.544388175,0.5893070102,0.4005660117,0.4014556408,0.4043968618,0.4136145711,0.164269045,0.2317808121,0.129294619,0.1526789069,0.1277425438,0.07108898461,0.07989313453,0.1116970256,0.05582785606,0.08908671886,0.04544463381,0.03405281901,0.04776407778,0.03925203159,0.08762566,0.05871474743,0.04189411923,0.0595648028,0.04207905754,0.0725139454,0.05392399803,0.09332714975,0.08899964392,0.04993246868,0.02861073986,0.01753135026,0.04199352488,0.04242232442,0.01747404784,0.02107172273,0.009936155751,0.01742793806,0.02377267741,0.02098226361,0.01852709055,0.05316897482,0.03960492089,0.02021981217,0.02661982924,tyakana
0.5971839428,0.7750426531,0.7577643991,0.8006485105,2.94924593,2.105953693,1.234396696,0.9984225035,3.102209091,3.876458645,2.373975277,0.9612053633,1.673982739,2.533475637,2.194727898,1.059433818,0.9678525925,2.156671047,2.478687763,3.163791418,2.506408215,2.974554539,2.702887058,2.572509527,3.599202633,4.018149853,3.569861889,3.204024076,3.856442928,4.792230129,4.295778751,3.732815742,2.276898861,2.769634962,3.479578972,3.147673368,1.475565791,2.154154778,3.386240005,3.544577599,3.364916325,2.67972517,2.686460972,4.057802677,3.627981663,3.617788553,2.913011312,3.94183588,3.75396347,4.029063702,4.072123051,3.322710514,3.810359478,4.209490299,3.696112394,3.471204281,3.070729494,2.884853601,2.375224829,1.959669709,1.567709923,1.937889576,2.34265542,2.348648548,2.144302845,2.057204008,1.742507935,1.864861369,1.797638893,1.348120809,1.666754723,1.556614161,1.520164251,1.608374119,1.638840914,1.502887368,1.413409233,1.110424399,1.405444741,1.394685984,0.9483689666,1.033537388,1.511454344,1.449205637,1.708993435,1.234162569,1.149534822,1.928031206,2.086411953,1.753053188,1.831127644,1.694869637,1.832450628,2.215221882,1.470133901,1.630300164,1.490776896,1.346355796,0.9546058774,1.369228721,0.9654024839,0.7961886525,0.4765937626,0.6901896,0.3145271242,0.4492709339,1.331792355,1.233641505,1.477508307,1.496551633,1.400132775,2.023063421,1.9015131,2.106524467,1.848393798,1.906906962,2.302199841,2.002050161,2.622327805,1.552028656,1.719667673,1.674253464,0.9235665798,1.165434837,1.311758876,0.8594980836,1.042612672,0.2936412096,0.3212772906,0.7457659841,0.8079728484,1.138296485,1.057170987,1.137455344,1.501801729,1.126405954,1.704185963,1.384697556,1.452765226,1.542179585,0.9857332706,1.281308413,0.3828412592,0.3770340681,0.40009287,0.2802127302,0.4230269492,0.4320709407,0.171792537,0.3635419607,0.164627701,0.1950415671,0.3497871459,0.2789102197,0.238210395,0.2816743851,0.4167004526,0.3057061136,0.2390074581,0.2238142937,0.1979575753,0.2045877725,0.1390320212,0.06880563498,0.1131961644,0.1371008605,0.1346982569,0.1085947528,0.09521532059,0.1193125397,0.1559852362,0.1595626324,0.1015459523,0.09356175363,0.07808092237,0.1088746265,0.08788662404,0.07489255071,0.101641655,0.1182487756,0.1111382991,0.130578801,0.1078915522,0.07002593577,0.06266193092,0.06332989782,0.05082960799,0.06221260875,0.01361311879,0.01124760229,0.01445180085,0.01215904485,0.0260311719,0.06653778255,0.04112501815,0.0269504562,0.04824394733,0.03704372421,0.04567468539,0.09958442301,tyakana
0.7136727571,0.8974552155,1.042541027,1.349985719,3.580176353,2.576056242,1.183181882,1.731871128,3.907855272,4.415372849,2.856052399,1.772026181,2.726266384,2.922208309,2.410661697,1.464448929,1.47306633,2.320198774,2.785099268,3.310180664,2.775205374,3.062078714,2.423597336,2.401617289,3.534619331,4.091631889,3.242631435,3.286151648,3.550091743,4.745859146,4.09431839,3.506545305,2.52763319,3.206795454,3.204576254,2.972395658,1.494668245,2.226356506,3.255272865,3.354092121,3.130974054,2.395497322,2.93798399,3.519308567,3.61490941,3.203484297,2.905269384,3.317457676,3.463824987,3.803012848,3.58698535,2.923041821,3.185011625,3.927348614,3.953247786,3.119108915,2.517900944,2.773699045,1.881247401,1.935515404,1.757219315,1.903877854,2.425196648,2.350313187,1.861338377,1.518101215,1.038783431,1.613914609,1.927887082,1.668482542,1.187424421,1.617316723,1.668312311,1.451117516,1.357890964,1.185048103,1.150675893,1.399342775,1.47563231,1.190933585,0.8713956475,1.123410225,0.9492254257,0.7569279671,0.8403337598,0.923776567,1.19290638,1.260575414,1.171267033,1.191302896,1.082804799,1.45215106,1.303721428,1.246978045,1.188692093,1.211691022,1.45483911,1.694203734,1.45855248,1.523316622,1.290595531,1.273106217,0.7983592749,0.8262473345,0.7440322042,0.9618723989,1.609606862,1.574948907,1.532348275,1.342836618,0.9523193836,0.7767905593,0.7713437676,1.515340447,1.221758485,1.403817058,1.151266217,0.8730773926,1.062792778,0.8223337531,0.9539862871,0.6265900135,0.5757867694,0.9659121633,0.6510249376,0.6608675122,0.2483341396,0.1344425082,0.1504256427,0.2656981051,0.3384413123,0.3513583839,0.5160212517,0.4943681359,0.9299550653,0.6105094552,0.8145065308,0.6166924834,0.8660626411,0.7668233514,0.1990960389,0.5650519729,0.1551757008,0.1647209823,0.1893646121,0.2494710535,0.1592485905,0.1156374142,0.09425798059,0.225374788,0.09219891578,0.081263192,0.2056887597,0.2631371319,0.2045387626,0.2173228413,0.1708516032,0.1316705197,0.1043733582,0.1583075672,0.1222536191,0.09896943718,0.1034538597,0.07104192674,0.07162064314,0.08686154336,0.1099929437,0.07741252333,0.06393594295,0.0835878253,0.08559217304,0.08617544174,0.05947845429,0.04303380847,0.05721081048,0.08857114613,0.04185390472,0.0223677177,0.08471600711,0.06543024629,0.08674936742,0.0512246713,0.02131780982,0.02547234111,0.03651793301,0.05838058144,0.01180407871,0.01268217247,0.01705614291,0.02124352008,0.009050188586,0.008397395723,0.02184109576,0.01637071371,0.0375745371,0.01309582405,0.03273070604,0.05723460391,0.01319289114,0.0298682116,tyakana
0.9206055403,0.9143181443,1.093231678,1.030305862,3.439591885,2.497627735,1.514949918,1.328009605,2.691976547,4.084906101,2.604758501,1.87451303,1.913255453,2.900247574,2.36872983,1.143571019,1.33006525,2.118919849,3.066412926,3.143630266,2.431121588,2.403289318,3.207369804,2.492268562,3.296824455,2.876307249,3.712417126,3.773028135,3.731775284,4.563823223,3.429254293,4.183908463,2.976848602,2.985121489,2.707563639,3.404273272,2.406250954,2.391039133,3.368340015,3.418633699,3.443232298,3.131637096,2.550779104,3.313243866,3.798788309,3.462588549,3.032023907,3.096832514,3.567817688,3.940503597,3.128368855,3.127337456,3.465364933,4.205103874,3.175908804,2.205251694,2.693606615,3.72758007,3.100414991,1.927613974,1.085704803,1.783023238,2.738393784,2.498419523,1.641674042,1.233911157,1.67184782,2.18946147,1.661199212,1.039083362,1.23453176,1.961647391,1.866725326,1.383546352,1.160465002,1.336381555,1.645268917,1.404448867,1.214339137,0.8765132427,1.472431302,1.298921824,1.535636902,1.232758045,1.340599179,1.698520422,1.633851409,1.738566995,1.588854194,1.953750134,1.941464543,2.01199007,1.974674106,1.761013627,1.708626866,1.430148602,1.424702287,1.702479839,2.055758953,1.496584535,0.9038965702,0.9555101395,1.034461737,0.6804165244,0.4952326417,0.879244566,1.527740955,1.571185946,1.642201066,1.422600269,1.767666459,2.063351154,1.679580688,1.567169905,1.474883437,1.480645299,1.89921844,1.940222859,1.572177529,0.9697092772,1.321115851,1.110808492,1.118975759,1.115222692,0.6654499173,0.3258245587,0.4319872856,0.2572323978,0.1957057565,0.3212530911,0.590860486,0.494487673,0.5987814665,0.992480278,1.128578663,1.018231511,1.039467216,0.9256203771,1.331792116,1.070302606,0.7147906423,0.7633942962,0.4129810035,0.4502994418,0.3366609812,0.2499630153,0.3311131001,0.4383904934,0.3253397346,0.4959139824,0.3170954883,0.3292492628,0.6265435815,0.5792257786,0.3139927685,0.7373745441,0.7065891027,0.5990231633,0.778019309,0.5788784623,0.7955685854,0.5124013424,0.3233445883,0.1779229194,0.2554628849,0.294962883,0.1015308127,0.1420719773,0.1615862399,0.1136174873,0.1097131297,0.07820447534,0.07608888298,0.05158871785,0.08511401713,0.08256634325,0.07393457741,0.07800869644,0.1424611211,0.07185839862,0.1082135886,0.1181932837,0.09977241606,0.04381866753,0.03858303279,0.03379943967,0.03301271051,0.03893688321,0.01682897657,0.009442495182,0.01127617713,0.01867081597,0.02302399091,0.02775042318,0.03436930105,0.02058860846,0.04089485854,0.04132572562,0.02318795957,0.02581819892,tyakana
1.668535352,1.678831935,1.815182924,1.500317812,4.081612587,2.988712788,2.107284546,1.614351392,2.852217436,4.90880394,3.423286438,1.527486324,1.787345052,3.091286182,2.462911844,1.703560472,1.43350172,1.943521142,3.296735525,3.623625755,3.245650768,2.085524082,3.15206337,2.767596006,3.713737965,4.31550169,3.384875298,4.453186989,3.693403721,5.074090004,4.715059757,3.833280802,3.171500444,3.300639629,3.099766493,3.332589626,2.441052198,2.478893995,3.072151899,3.727162361,3.565953255,3.280656815,2.835989237,3.077384472,3.445772648,4.223826885,3.668034315,3.013087749,3.504688025,4.147019386,4.250747204,3.572628736,3.285153389,3.682838917,4.148118496,3.524837494,2.962071657,3.096256256,3.271763563,2.915074348,1.63955152,1.778454423,2.300553083,2.732532024,2.510459423,2.282377243,1.537412524,1.799487352,1.914180517,1.095969796,1.262443662,1.268160939,1.961761594,1.747293353,1.771591306,1.241204143,1.128368497,1.517509818,0.9890684485,0.9209831357,0.8699817657,1.319952965,1.416248798,1.111358404,1.484194279,0.9112026691,1.412686467,1.509798884,1.215967298,1.42177999,1.638365388,1.596915126,1.767012835,1.608092785,1.573800206,1.581562161,1.363006711,1.168002725,0.9532775283,1.377321839,1.4759444,1.010584116,0.5297834277,0.3405850232,0.6384829879,0.4726184309,0.6826196909,0.5925549269,1.220333338,1.490031838,1.118303895,1.574043274,1.830305338,2.087603807,1.920509815,1.764920115,1.484127998,1.38795042,1.411984921,1.423673511,1.205924273,1.013561726,0.726670146,0.5249111652,0.4067389071,0.215020597,0.2133172899,0.1818897277,0.1405159831,0.2198470235,0.4193372726,0.5610755086,0.7554751635,0.4790569842,0.7284492254,0.5643112063,0.9996868968,0.9613310099,0.9827892184,1.123380542,0.8114746809,1.088261008,0.5120304823,0.3355519474,0.283549726,0.5980609655,0.4593485594,0.4289123416,0.2716194093,0.6531262994,0.7185409665,0.4189093411,0.4737070799,0.572275579,0.81267941,0.8182733655,0.8817508221,0.7792010307,0.9066384435,1.418066144,0.628082037,0.4381828904,0.5140641928,0.296543628,0.1841087043,0.3562775254,0.2588769794,0.2957292795,0.2924845517,0.1254732311,0.08677025884,0.1054667234,0.09699556977,0.1428023577,0.09753724188,0.1435065418,0.1810544878,0.1586842686,0.1758785844,0.1362254173,0.1167041063,0.1928596199,0.1634390056,0.2017854154,0.1767894626,0.1364745498,0.1218726933,0.1006141081,0.1109417155,0.03076486662,0.04460936785,0.02352740802,0.01917957515,0.05499447882,0.0433903262,0.02344615385,0.02403457463,0.04420050234,0.05703466386,0.07291826606,tyakana
1.995734811,1.654880285,1.784994721,1.459752202,3.685301065,2.871405125,1.420454144,1.865174055,2.218192816,4.50780344,3.34500742,1.296200275,1.737529397,2.450419188,2.499307871,1.610881329,1.456524134,2.508906364,2.746995926,3.831018925,2.988647461,2.422896862,2.7216506,2.331112385,4.286165237,4.282371521,3.672413588,3.470748186,3.390726328,5.126508713,4.667391777,3.822355032,2.496804476,3.141662598,3.929948568,3.896294832,2.185214043,1.979180694,2.602415562,3.913717031,3.743868828,2.506309509,2.381771564,3.548032522,4.329122543,4.298616886,3.00720191,3.07148838,3.884142399,4.551846504,4.697062492,3.153675795,3.584749699,4.793518543,3.888188362,3.206758261,2.594943047,2.270159483,2.973344088,2.969455481,2.206535816,2.013792753,1.97200048,1.712675095,1.479899406,1.55002737,1.370900273,2.01309824,2.222062349,1.515390754,1.514043331,1.075094581,1.020591855,1.019517541,1.291427374,1.166663885,1.136124492,1.315621972,1.285687089,0.6956954598,0.9430490136,1.055159926,1.242163539,0.7802781463,0.937114656,1.061926126,1.387451887,1.671540856,1.375117183,1.504694581,1.514746428,1.990770459,1.547440171,1.435181856,1.223680496,1.068489194,0.8316539526,1.5843997,1.469869733,1.047724247,0.5883719921,0.6869133711,0.5995765328,0.5094791651,0.3298923373,0.7546294332,1.136059523,0.826409936,0.6649252772,1.015047908,1.071682453,1.684107661,1.193089128,1.031353712,0.6870010495,1.239665747,1.380637884,1.126137376,1.047596812,0.7964568138,0.9498704672,1.119646311,0.9117551446,0.8064211011,0.9074785709,0.9825008512,1.022192121,0.4413648546,0.3706808984,0.6833002567,1.099930763,1.549539208,1.585324049,1.041535378,1.028688073,1.411249876,1.889609933,1.430856109,1.146113873,0.951366663,0.7972694635,1.077728629,0.4875225127,0.2638804317,0.3569601178,0.33349666,0.4888148904,0.340192169,0.09103764594,0.1794360131,0.1846964359,0.1667278111,0.3898861706,0.3442726433,0.533415556,0.8551858664,1.196944356,0.7673813701,0.445086807,0.5723583102,0.4928373992,0.4977312088,0.5120177269,0.3954874575,0.5020545721,0.5845043659,0.4017757177,0.2464606911,0.2680728734,0.2320430726,0.272156775,0.3016569018,0.1266438812,0.1326341629,0.1519877613,0.164692089,0.1476324797,0.1010986716,0.2152152956,0.2552679479,0.2781797349,0.2010472268,0.1493640989,0.1931429803,0.1976252347,0.0748058632,0.03791352734,0.05106123909,0.0577095449,0.02103912085,0.02351147681,0.01332730521,0.01777576096,0.04151963815,0.08944932371,0.03473535925,0.03434851021,0.06775300205,0.04743215442,0.02426094376,tyakana
0.9729534388,1.630992651,1.380304337,1.177820444,2.060832262,3.819620609,1.970174074,1.473457813,1.590685248,3.226788521,4.417478085,2.01994586,1.362550378,1.288462043,1.841522813,2.496509552,2.027706146,2.275722265,2.592406273,2.522564888,3.711247206,4.253844738,2.537270308,1.773281574,2.748376369,3.677014112,4.972517014,3.614889383,2.833822012,4.616558552,3.992295027,4.284676075,4.160522461,1.67644155,3.101654768,2.693054914,3.475871325,3.5261693,2.435090065,3.049007177,3.070385695,2.773673773,3.373570681,2.840724945,3.457352638,2.913273573,2.85579586,4.431102276,4.266324043,3.951136351,3.309251547,3.519804001,4.36755991,4.236956596,2.806845427,1.624387026,1.982842088,2.377409697,2.968340397,1.988545537,1.487393856,1.286846042,1.971530557,2.644328833,1.968875408,1.425435424,1.078587651,1.465378046,2.257581472,2.328789234,1.476429105,1.564906836,1.201687932,1.98734796,2.270687103,1.58853209,1.585931182,1.508257866,1.578418136,2.096501112,1.766892195,1.408171296,1.761789799,1.521122217,1.420793056,1.942129493,1.203449488,1.958341479,1.499984384,1.678770423,2.193190575,1.382323027,1.317939997,1.418573856,1.537611604,1.805925727,1.137714624,1.086178422,1.708423376,1.719310284,1.731338143,1.233207226,1.164654613,1.055263996,1.428592086,1.602160573,1.620841265,0.7021113038,0.3920097053,1.08061409,1.687254548,1.937907815,1.15393889,0.5674833655,0.4544433653,0.6388636827,1.210597515,1.266286612,0.5316423774,0.5002107024,0.3068301082,0.4287967682,0.4374808073,0.2888984978,0.1960897893,0.3480568826,0.2554206252,0.9740439057,0.8265075088,0.4980626702,0.5363328457,0.7817504406,0.8946194053,0.7797272801,0.964626193,0.6440028548,0.5413333178,0.4752690196,0.7313944697,0.4973874986,0.3768976033,0.6075792909,0.8521761894,1.493218541,1.490777373,0.7455409169,1.199948668,0.9203546047,1.970753312,1.690722466,1.21762836,1.508261561,1.567985296,1.656035423,1.128032446,0.7132886648,1.195929646,0.9245900512,0.948094368,0.9365050793,0.5915255547,0.6329835057,0.7392460108,0.3363155127,0.4386370778,0.4177649021,0.2745155096,0.1857085824,0.1534666866,0.2060120851,0.1552302092,0.1534635872,0.1430562735,0.1526299566,0.2150591761,0.2375399172,0.2902944982,0.202331081,0.3281079233,0.3343575299,0.4813411534,0.4341074824,0.1967104822,0.3043828607,0.3137452304,0.5989954472,0.2916913331,0.247594595,0.3153095543,0.293693006,0.1560894996,0.2196053416,0.1132912338,0.06377405673,0.05436974019,0.1118104756,0.07220865786,0.060265176,0.05086807534,0.064251028,tyakana
0.9305636883,1.067878723,1.508603215,1.135020852,2.212672949,3.380261898,1.87285018,1.423932552,1.55033052,2.966809988,4.111460209,1.808853507,1.374269366,1.369958282,1.638689518,2.147339106,1.590937972,1.961597443,2.910984516,2.93600893,3.376689911,3.9220016,2.619854212,2.365534306,2.918753147,3.60384059,4.833612442,3.300938129,4.167966366,4.619834423,3.712560177,4.519319534,3.188979626,3.124337435,2.585217953,2.595403671,3.791162491,3.179282904,3.564840555,2.730191231,2.678193092,2.845888138,3.542606831,3.436412334,3.141543627,2.739771128,3.015763044,4.78336668,4.229175091,3.720384121,3.21742177,3.496821404,4.522586823,2.991373062,2.117759943,1.643988252,2.133434057,2.589109182,2.702003717,1.367114782,1.191350818,1.123257399,2.208516121,2.606901646,1.550838947,1.205149055,1.29378283,1.989360094,2.510047674,1.607302189,1.26185143,1.580587626,1.731438041,2.291509628,2.235172749,1.429324508,1.638352036,2.001795292,1.701661706,2.023301363,1.976481676,1.428693295,2.007625341,1.954590082,1.873191833,1.959969759,1.899297476,2.066483736,2.062022448,1.879746795,2.105819225,1.857694745,2.236441135,1.936415315,1.474346519,1.456457376,2.206147432,2.098228693,1.117584109,1.649065137,2.068166971,1.389961004,1.161685586,1.007060528,1.487420797,2.169665337,1.014580131,0.47072348,0.7124578953,1.224149823,1.785095334,1.258644104,0.3731968701,0.5093394518,0.44600752,0.8509225249,1.087972045,0.4294304252,0.4858599603,0.8283560276,0.483476162,1.011812568,0.2010650039,0.2824324667,0.2145512104,0.4720522463,0.9536223412,0.5471256375,0.560153842,0.6293072701,0.7834935188,1.575593948,1.277329922,0.4973331392,0.8556172848,0.7814819813,0.9679903984,0.9333899021,0.3915240765,0.5398703814,0.7519082427,0.8464358449,1.360096216,1.086831927,0.910546422,1.239926457,1.32136476,1.408017159,1.242258549,1.060382366,1.188765287,0.8554848433,1.355974078,1.049998403,0.538192153,0.6603192687,0.5364317894,0.472117424,0.494012475,0.2128558606,0.3655619323,0.3040854633,0.2625803649,0.2711621821,0.1760956496,0.2926991284,0.280243516,0.2210952044,0.1448146552,0.09077460319,0.07743066549,0.09599603713,0.09746606648,0.09603463858,0.1479961574,0.1556521058,0.2186021954,0.1358449459,0.09676079452,0.3080891073,0.1292690337,0.1217639148,0.1365173161,0.1129912585,0.1937853843,0.1862008125,0.1264652014,0.08361346275,0.04902910441,0.06305344403,0.05089182779,0.04001509398,0.03861061856,0.02573156357,0.02659254335,0.03057574853,0.08712836355,0.06256358325,0.04909497127,0.06504295766,tyakana
0.7575548291,1.067182183,1.379933596,0.9386698008,1.763249874,3.183564186,2.115291834,1.709053278,1.616144061,2.927627087,3.997829914,1.942337275,1.659533143,1.517983437,1.681675196,2.009310961,1.463140488,1.909175754,2.59368968,2.734045506,3.52069664,3.681550264,2.413087606,1.959779501,2.893481016,4.026720047,4.631556511,3.050976753,3.591651678,4.799458981,4.041459084,4.317376137,3.223991871,2.607400417,2.839462996,2.456236839,3.862616062,3.056192875,3.094983816,2.944816589,3.058894634,3.150291443,3.280652046,3.258104563,3.219367743,2.94311595,3.747051954,4.587274551,4.256089687,3.736085653,3.583137512,4.343523979,4.5566926,3.504725456,2.565531254,1.947192669,2.559211016,2.523314238,2.546868086,1.401340961,1.122592568,1.224012256,2.316536903,2.246674061,1.623869658,1.385992885,1.36289525,2.10642314,2.278164625,1.573297262,1.176190972,1.757999897,1.683278561,2.008841991,1.828736544,1.561983466,1.688700199,1.867152095,1.634972692,1.727018118,1.770432711,1.47034502,1.811032772,1.575857878,1.602159977,1.851103306,1.470059156,2.041942596,1.53343904,1.895144105,1.954544783,1.509237766,1.892870307,1.395706534,1.600672007,1.611511469,1.258618593,2.251220942,1.356633782,1.578496933,1.290014863,1.219301224,1.907829285,1.341455102,1.494543076,1.43755281,1.001424074,0.7108312845,1.270594478,1.668806672,1.794881344,1.328523755,0.7695410848,0.7873860002,0.6831546426,1.024798632,0.7499923706,0.824947536,0.531766355,1.018645525,0.6952545643,0.4159412384,0.3459201753,0.2202323377,0.4351257384,0.5578117967,0.292747885,0.5615287423,0.5402649641,0.8764992356,0.6888083816,1.281160116,1.007646322,0.4752566814,1.400159836,0.7740490437,1.260878205,0.5820037127,0.5427542925,0.70704633,0.826721549,0.9528495073,0.9302565455,1.515519738,1.359298348,1.12930429,1.83129251,1.323186398,1.555305719,1.544905901,1.717083931,1.705828905,1.386198044,1.279224873,0.9005599618,0.9743577838,0.9079185724,0.7592660785,0.5044635534,0.4148874283,0.5135895014,0.5519117713,0.3248513341,0.2324711233,0.2341197133,0.217424944,0.2034434229,0.2190540582,0.1312275529,0.1428658068,0.1128889844,0.1780616492,0.1756580472,0.1479094923,0.2039251626,0.2179684043,0.3279468119,0.4906632304,0.5783444643,0.3574320078,0.4697009027,0.5980854034,0.359213084,0.3353016078,0.4392411411,0.2366930097,0.2775606513,0.3982757628,0.228189975,0.1826467514,0.131787017,0.128743425,0.09056802094,0.07752542198,0.07058210671,0.03874134645,0.06790623814,0.06777446717,0.07106862217,0.05345615745,tyakana
0.6114974022,0.4299810231,1.048138976,0.6323378086,1.466764569,2.808585167,1.517413855,1.184505105,1.122072339,2.430913687,3.392329454,2.406403303,1.230987668,1.422451735,1.346209526,1.122055531,1.648721218,1.354424357,2.626661539,2.126847029,2.170591593,3.190383434,3.302275658,2.268939734,1.816386938,2.988543272,3.356083155,4.499340057,4.033997536,3.267962456,2.548258305,2.534143448,3.709927797,3.494617224,2.283761263,1.820098758,2.189112663,2.836997032,3.251903772,2.781761646,1.98957026,2.281530142,2.464715481,2.79704833,3.315988302,2.682225704,3.005868912,3.245572805,3.311055183,3.79016614,4.198530197,3.971142054,2.934141636,3.828209162,4.139887333,3.514276028,3.072358847,1.764482498,1.987537265,1.976874352,2.2950418,1.728636384,1.814092875,1.863407373,2.01700902,2.011880398,1.614095807,1.673292518,1.738322854,1.977590084,2.184417009,2.325606823,2.079411268,1.828250408,1.829745054,1.874493837,1.867612958,1.741364479,1.512362957,1.444469213,1.787457585,1.704532862,1.537155032,1.842010736,1.652748585,1.29399538,1.31032443,1.534100294,1.814349771,1.840080142,1.818756819,1.216565609,1.457480192,1.942549944,1.76230669,1.656736374,1.1241678,1.62369144,1.58609128,1.651795149,1.627898216,1.208986402,1.897418261,1.273657441,1.429750562,1.696589708,1.661858916,1.15713954,0.9282648563,1.034532309,1.297289729,1.327833652,1.098727942,1.249797583,0.5758213401,0.7669743896,0.6917167902,1.038395405,0.9222831726,1.009600043,0.4696848691,0.4383637607,0.3625985682,0.5168022513,0.3178054988,0.2818337083,0.3152216077,0.6718114018,0.7749701142,0.707070291,0.5745409727,1.015318751,0.8672578931,0.6388788819,0.9324502945,0.6661898494,0.651602447,0.2118405104,0.3971763551,0.3800211549,0.3426387012,0.3826115131,0.5513759255,0.8291374445,0.8941749334,0.5717675686,1.12579906,0.8069958091,1.132874846,1.02092433,1.145111322,1.055971146,1.018464684,0.8784682155,0.7704687715,0.5641285181,0.6693789959,0.3527965546,0.3948721886,0.2135437727,0.3093979955,0.239830792,0.1942079812,0.1648936421,0.1910371631,0.1819841117,0.2270590514,0.1476151347,0.1490935534,0.1691298187,0.1482747048,0.1529407352,0.07636580616,0.08390639722,0.09878513962,0.1438057423,0.1270017773,0.1602535397,0.2198413759,0.3084802032,0.1863444448,0.3582438529,0.1715486497,0.2679678798,0.1275283843,0.1874733567,0.1244870424,0.1313454062,0.1043557674,0.1346994787,0.08475895971,0.05142943561,0.126163274,0.06039293855,0.04154200107,0.04065280408,0.03925417364,0.0530708544,0.01978781633,0.03665478528,tyakana
0.6020266414,1.09695375,1.171744823,0.936648488,1.826649189,2.920257092,1.284119844,1.060514688,1.413082957,3.014346123,4.059461594,1.270047069,1.350754857,1.208093762,1.860439062,2.216065407,1.599332213,1.408619642,2.70574975,2.449973106,3.200914621,3.665537119,2.09621501,2.302463531,2.358749628,3.771297693,4.759003162,2.903436661,3.977949858,3.98791194,3.361707926,4.313211918,3.459583521,2.828846455,2.227296591,2.159510612,3.659974337,3.217006207,2.678463459,2.129922867,2.035625935,2.931247234,3.383798122,2.192245245,2.398161888,2.283040524,3.464193821,4.528633118,3.626813173,3.172120094,3.213118315,4.27199316,4.782137871,4.184204102,2.259296417,1.859014273,2.488461733,2.897820473,2.921239853,1.440037012,1.130960584,1.409317374,1.837032199,2.719389915,1.658379555,1.037377119,1.606114388,2.409358025,2.593604803,1.938889623,1.205380797,1.590597987,1.632612348,2.458000898,2.525060177,1.430635929,1.405070543,1.675372243,1.733820319,1.978921413,1.263333201,1.511871457,1.561798453,1.583901048,2.067435503,1.498190165,1.751517177,1.437306881,1.46417439,1.724075437,1.897042155,1.582437634,1.410345912,1.52267015,1.581397772,1.752360106,1.07035327,1.053832412,0.7106022239,1.942057371,2.182726622,1.842759013,1.129579306,1.461548805,1.815876603,1.961024284,2.059989214,0.8486593366,1.213844299,0.965662837,1.768796206,1.626733899,0.8423168063,0.9061240554,0.6716926694,1.033138871,0.9420740008,1.010180473,0.3226539195,0.6891468167,0.4199388623,0.6009244323,0.4290330708,0.2488354295,0.3877089322,0.6666312814,0.5508722067,1.195693016,0.694991231,0.502838552,0.7392029762,1.695441842,1.332706213,0.7434535623,0.8999907374,0.6771710515,0.7685336471,0.3030033708,0.6090177894,0.2609492242,0.4626401067,0.3962809741,0.387650609,0.5634164214,0.6209440231,0.6168113351,0.9571575522,0.6202122569,1.0645082,0.5673126578,0.6832923889,0.9602917433,0.9852730632,0.9428909421,0.7280994058,0.7992135882,1.019279122,0.6517868638,0.3485701382,0.2358448356,0.302745223,0.449306339,0.3711983562,0.1926060915,0.2232360095,0.3434056342,0.414866209,0.2487806827,0.1525845826,0.1361515671,0.13781856,0.2913467288,0.2951546609,0.1545581967,0.1671957821,0.307254076,0.3288469911,0.3088244796,0.4781607091,0.3853669763,0.2176852673,0.561529696,0.4332104921,0.2022257745,0.3325378299,0.1950600147,0.2819293141,0.1809982955,0.1514536142,0.1248605251,0.09825380892,0.06235033274,0.06674069166,0.03347529098,0.04662165046,0.05611242726,0.09017241001,0.03968248144,0.05379258096,0.04879002273,tyakana
0.8870589137,0.7971169949,0.9757694602,0.8403131366,1.481872201,2.689831018,1.587164283,1.263989091,1.281579971,2.639580011,3.822316408,1.594428658,1.216383219,0.982586205,1.751842976,1.813573003,1.524582505,1.475618958,1.567914963,2.744445801,2.667420864,3.597971916,1.533809304,2.016866446,2.126349449,3.341154099,4.59430027,3.216570616,4.053460598,3.477280617,2.834737778,3.569501877,4.14920187,2.651960611,1.850468516,2.027918816,3.034729958,3.415287971,2.948631287,1.742476583,1.96833849,2.466333866,3.05869174,2.853818417,1.991744161,1.899636865,2.924040318,4.040782928,4.382097244,2.596383572,3.091592312,3.731617689,4.066654205,4.386586666,2.666484118,1.593573689,2.059243202,2.248824358,2.711479902,2.023506641,0.9594523311,0.8625187278,1.747328043,2.232812881,2.251870632,1.057284594,1.336412787,1.728895783,1.794560432,2.059365273,1.335459828,1.549046516,1.390831232,1.83932364,2.125123024,1.550407887,1.72153163,1.469659448,1.11879921,1.412873149,1.626830697,1.598610282,1.484011531,1.397013187,1.26545763,1.592595816,1.935339928,1.612711191,1.359341621,1.156208992,1.850410819,1.834092855,1.297682881,1.068871498,1.297710657,2.1528368,1.65605092,0.8726369739,0.8776454926,1.708322406,1.970180988,1.771696925,1.694087863,1.41867435,1.249788523,1.491421938,1.439958572,1.118169069,0.7786621451,0.5744655728,0.8507342339,1.111253619,1.060232997,0.5263588428,0.4075248241,0.3811580837,0.5546026826,0.7740972042,0.5829626322,0.5896273255,0.2124832869,0.3868125677,0.2739450037,0.3531008661,0.1998565346,0.2341421545,0.290032804,0.8330354691,0.8484371901,0.4500212669,0.3093020618,0.6524856091,0.7312123775,0.6300330162,0.7373666167,0.2853446603,0.2565052807,0.1876042336,0.2590785027,0.5238879919,0.2743342817,0.2371850759,0.2180636376,0.5556795597,0.6695080996,0.5554951429,0.6246194839,0.3000469506,0.8180401325,1.00129962,1.055752873,0.5154885054,0.738499999,0.999001503,0.7739768028,0.8924825191,0.3086383939,0.2327212095,0.4777375162,0.3981256485,0.3287009299,0.2673485577,0.1204154342,0.13002716,0.104652904,0.1822669059,0.07079649717,0.08368000388,0.07307624817,0.07519310713,0.05663096532,0.06332357973,0.03990923986,0.06643139571,0.06412182748,0.05499919504,0.1103532761,0.2063871473,0.1547833532,0.1596924365,0.2234017104,0.349609971,0.3216531277,0.2056133449,0.1124832183,0.09353277832,0.08666358888,0.1268039793,0.06928084046,0.04621933773,0.03654704615,0.0191713348,0.02248787694,0.03250724077,0.03103164583,0.009421505034,0.01916153356,0.02700337395,0.02239476517,0.02333381772,tyakana
0.6193625331,0.6413500309,1.02621913,0.8490967751,1.695699334,2.791883469,1.626600862,1.222859263,1.042421818,2.269140482,3.610248327,1.793002725,1.451629996,1.28059411,1.302706838,1.596607208,1.631406665,1.817299008,2.453057289,2.461600304,2.800476313,3.56010294,2.135412693,2.288484097,2.137273073,3.425304651,4.495100975,3.737419367,3.922660112,3.699267626,3.294056892,3.820565939,4.199463367,2.503885508,1.850089073,1.924327374,3.18602705,3.476805925,2.979959249,1.954239726,1.763967276,2.662802219,3.156824589,3.403768063,2.25135994,2.130647421,2.845067978,4.21585083,4.670525551,3.688992262,3.110742092,3.583279848,4.368436813,4.272544861,3.44423151,1.696000576,2.363975763,2.193776608,2.436543226,2.167045116,1.18540144,1.095973015,2.06549859,2.461003542,2.243270874,1.841397882,1.446677446,1.870993972,2.434763193,2.344881058,2.159116745,1.445483804,1.253938317,2.047449827,2.404319763,2.154817343,1.721303701,1.223968029,1.677588105,1.732535243,1.825789213,2.133293152,1.472316027,1.919915318,2.027703524,1.347274065,2.075153112,1.844669104,1.940232992,1.647259712,1.764077425,1.836188555,1.718693495,1.43074131,1.637977004,1.663378358,1.610219836,1.201645732,1.152017832,1.641977787,1.554690123,1.262106657,1.895033121,1.340914845,1.431632996,1.685707808,1.354720116,1.061047435,1.384232759,1.335114479,1.701367378,1.56071043,1.365964532,1.609548569,0.5563731194,0.8050344586,1.04301548,1.228557348,1.186094046,1.158198595,0.4038828611,0.6808095574,0.436111331,0.6146786809,0.551117301,0.464654237,0.5917859077,1.102309585,1.256961226,1.242692113,0.8251174688,1.327687621,1.136337876,1.014604807,1.696286559,1.214188457,0.7305565476,0.4663364887,0.5485793948,0.5449736714,0.9738670588,0.2827080786,0.5704929829,0.9415783286,1.22425437,1.22405982,1.121412277,1.038680911,1.378656268,1.509996653,1.418747663,1.252968431,1.252882957,1.093095183,0.7300623655,0.8171361089,0.8173969388,0.5925247669,0.5135012865,0.3361979127,0.3437936902,0.2548500896,0.1523368806,0.1388662308,0.1340019703,0.142346099,0.1392755806,0.1044287011,0.05451500416,0.05789626017,0.06126691028,0.08339190483,0.05828006938,0.04310522601,0.08570288867,0.1979421824,0.124173373,0.09627323598,0.1876911074,0.1643752456,0.1475982368,0.1698409468,0.3130096495,0.2637447417,0.2977291346,0.2572570741,0.1448192894,0.08411298692,0.06210426241,0.08302862197,0.07855477184,0.04321790859,0.04866624624,0.03361841291,0.02184542827,0.0228696093,0.01030504704,0.04206055775,0.03671439365,0.02289689146,tyakana
0.7046445608,0.8442262411,1.058255434,0.8107708097,1.676273584,2.706139803,1.555669308,1.007244587,1.022121191,2.473800182,3.648578167,1.599376559,1.157030821,1.161112189,1.380130529,1.853048563,1.334841251,1.350396752,2.256717682,2.617795467,3.14840889,3.383358717,2.572780132,2.292780161,2.451095104,4.000685692,4.673762321,3.034300089,3.955411911,4.179943562,3.727067232,4.296021461,2.853703022,2.957246304,2.22913003,2.372949839,3.631406784,2.679840565,3.1300385,2.337125301,2.305048704,3.108523607,3.306089401,2.949007034,2.839905977,2.439422369,3.213225126,4.337518692,3.61042881,3.389161348,2.561218023,3.998955011,4.73051548,3.488125324,1.620650649,1.369925499,2.682682991,2.544478178,2.329075813,0.9213014245,0.9471699595,1.325521231,2.722061872,2.322351694,1.045935035,0.9161927104,1.137219667,2.21833396,2.437451124,1.528112173,0.9612029195,1.085491657,1.579083443,2.247964859,1.984480262,1.076151133,1.340608001,1.502702117,1.818364859,2.033345938,1.582435489,1.250992775,1.348317146,1.790785074,1.739151359,1.975705266,1.421770096,1.469262123,1.834938765,1.505918622,1.846364856,1.333661914,1.521549106,1.491619468,1.100728393,1.494060278,1.601635814,1.276931882,0.9647630453,1.498429656,1.770550489,0.9690730572,0.8568713069,1.308903098,1.707712412,1.833968282,1.306592464,0.6904076338,0.9901969433,1.257906795,1.735712647,1.219252348,0.6318132877,0.5213211179,0.5281836987,0.8141278028,0.9486774802,0.6629681587,0.5975133777,1.018111706,0.5634039044,0.6577928066,0.1905656308,0.2797318399,0.2938409448,0.7067753673,0.6631605029,0.9460763931,0.7885642648,0.9455544353,0.9402325153,1.826336265,1.351333022,0.8667528629,0.9941453934,0.8766558766,0.9990090728,0.4464302063,0.4705498219,0.3178665936,0.3871602118,0.4976700842,0.6738874316,0.7530953288,0.4125104845,0.777911067,1.04924202,0.9785106182,0.8224642277,0.9328008294,1.182517409,0.7847858071,0.9681967497,0.7610173225,0.5136143565,0.5351723433,0.6442298293,0.441021353,0.3691091835,0.2911509871,0.3801629841,0.2541539669,0.247691229,0.2235655189,0.1637103409,0.2042101622,0.1995168924,0.2082045525,0.108009547,0.1402426064,0.05981861055,0.06566533446,0.07824187726,0.09863961488,0.1162541136,0.1149045974,0.09142698348,0.08552092314,0.1689884067,0.1741921902,0.16789864,0.1742788255,0.1473730057,0.09837622941,0.1975265443,0.0938411057,0.05447085202,0.05394633487,0.04803807288,0.06698362529,0.07041864097,0.04562453926,0.01533971261,0.01098599471,0.01057186816,0.02016526461,0.04201986641,0.01602899656,0.01618720777,0.01476118341,tyakana
0.5290874243,0.8593595028,0.8687257171,0.6199826598,1.619966507,2.670082808,1.099528074,0.9149737954,1.207094789,2.463894367,3.718684435,1.341498256,1.067804217,1.141253352,1.586542845,1.812507629,1.201566815,1.352849841,1.554815531,2.597878695,3.297286987,3.468297243,1.964593053,1.994299889,2.43652153,3.51403451,4.615115643,2.810988665,4.061157703,3.93418932,3.364364386,4.468744755,2.192834139,3.081549644,2.404829979,2.375160694,4.068427563,2.889499187,3.381955862,2.26995635,2.107784271,3.080650806,3.602670431,2.845540047,2.543445349,2.456423521,3.3773036,5.089612484,3.574249744,3.077216864,2.670059681,3.9582026,4.775680542,2.643642664,1.622115612,1.383044004,2.322283983,2.978121519,2.474138975,0.9377944469,0.7943114042,0.960039258,2.230084419,2.60448122,1.108419895,1.065912843,0.9663404822,1.929334998,2.678087711,1.127870679,1.036552668,1.176153898,1.304647565,2.432931423,1.787668228,1.158343196,1.389754653,1.36059916,1.896579385,1.678433895,1.558978438,1.242791295,1.037519336,1.896860957,1.453252316,1.755898595,1.80736959,1.233251452,1.926642656,1.28894341,1.711851954,1.558938146,1.293963552,1.634778619,1.506021619,1.598607183,1.787356734,1.240045071,1.129487634,1.889982224,2.154544353,0.9677080512,0.8234640956,1.225710273,1.961070895,2.40700984,1.000389099,0.5407437682,0.8547142744,1.583130598,2.10117054,1.087131739,0.4211763442,0.6036702991,0.493712306,1.119250655,0.812520504,0.2789438069,0.41017887,0.808645606,0.5354449749,0.6114197969,0.1014888808,0.1241028681,0.2607395947,0.6435835958,0.6399375796,0.3173172176,0.3489292562,0.7324969172,0.7242620587,1.839166999,0.8505423665,0.3186443448,0.867323041,0.6522054672,1.178654432,0.4745682478,0.2317755669,0.3128875792,0.6149706841,0.5122602582,0.6269922853,0.2210480571,0.2101370096,0.6037533283,1.425351381,1.2721802,0.4400779009,0.966755271,1.461527944,1.102782488,1.160143495,0.740433991,0.3225890994,0.488155365,0.8250111938,0.4775943756,0.2711240947,0.2040354908,0.2421082556,0.2580329478,0.1488633305,0.1581550539,0.06797499955,0.07286627591,0.1083384752,0.1945814192,0.0923653096,0.0804169029,0.06610091031,0.05566909537,0.06074997038,0.1403694451,0.07870879769,0.0686038211,0.1459703296,0.2494704574,0.2172365636,0.1610699147,0.1075215563,0.09894426167,0.1830273569,0.4869157672,0.4977384508,0.1783495098,0.07458881289,0.1176620424,0.1496628821,0.1681209952,0.03702686355,0.02340924181,0.03386273608,0.04137329012,0.01603435352,0.02511745505,0.03670271486,0.0180835817,0.04029699042,0.03822936118,tyakana
0.708547473,0.7943195105,1.098460197,0.7511202693,1.94361496,3.15753746,1.60192132,1.39333415,1.324301481,2.993408918,4.164648056,1.989278436,1.476171494,1.308443904,1.759562612,2.172101021,1.391468406,1.986002326,2.360164165,2.138373375,3.705274343,3.565497398,2.172121763,2.021884918,2.292970419,4.252291679,4.840137005,3.222311974,3.833556414,3.623556376,3.522675991,4.84769392,3.535416603,2.988196611,2.666303158,2.782253265,4.055037498,3.012042999,2.959882259,2.029476881,2.127851248,3.159762621,3.145304918,2.585805416,2.305651188,1.928441763,3.566165924,4.187553883,3.769761562,3.120766878,3.239805222,4.116558552,4.328122139,3.634839535,2.801656246,2.030292511,3.544789791,3.605316639,2.501000404,1.53381753,1.307899952,1.187485456,3.031061172,2.391938448,1.68917954,1.306641817,1.420459509,2.564542532,2.525597811,2.031209946,1.646369696,1.737490892,2.571291924,2.407145023,2.280190945,1.604810715,1.519491911,2.418371916,2.380662203,1.87635076,1.663789034,1.067146778,1.782588601,2.072680235,1.561467409,1.364935517,1.21149087,1.570390344,1.736379385,1.786584735,1.62876606,0.9907072186,1.321475029,1.450686455,1.648801088,1.64057982,1.587027311,1.350209713,1.855402589,2.106031179,1.835076213,1.45454216,1.104542017,1.956719041,1.635473967,1.818532705,1.490753651,1.149514914,1.781277895,2.277606487,2.002983332,2.288128138,1.501214385,1.247531295,1.820800662,1.694809079,2.136559248,1.878179908,1.550680399,2.030832529,1.652311563,1.5352,1.570043206,0.9845023751,1.258650541,1.397931576,1.334415317,1.663666487,0.8320778012,1.058260679,1.600621581,1.599077463,1.589783072,1.907250047,1.623017788,1.416862369,1.353638768,1.131778359,1.691256404,1.679325342,1.707179666,1.091865063,1.397080183,1.710901141,0.9670975804,1.830989361,1.405246496,1.107356191,1.926576376,1.589324474,1.767023087,1.026586056,1.347289205,1.302308679,1.492381215,1.271554112,0.6028177738,0.6321683526,0.8099187613,0.9153552055,1.152570009,0.5246549249,0.3459655046,0.5124830604,0.310669899,0.3482565284,0.3235325813,0.2096157372,0.1335622519,0.1603538394,0.1873214096,0.1602763087,0.08027890325,0.1040855721,0.1079826131,0.05920498073,0.09276862442,0.07416331768,0.1150246337,0.09740102291,0.1804312766,0.17046839,0.1458537281,0.06944471598,0.07747105509,0.08567009866,0.1047693714,0.04518437386,0.04247203842,0.06293608248,0.04718715325,0.02798693068,0.03612978384,0.02149817906,0.01966690645,0.01984082721,0.0269588232,0.02774631977,0.03083196841,0.01950523816,tyakana
0.9746235609,1.479889154,1.558673143,1.053956985,2.633773088,3.832720518,1.811473608,1.114797831,1.497302771,3.216450453,4.408792973,1.533578873,1.228531957,1.697661757,2.062626123,1.958521843,1.919837713,2.162561417,2.778878689,2.650320768,3.142616987,4.195379734,2.127483845,2.517940521,2.620206118,3.545406103,4.692476273,3.322042227,3.952458143,3.653749466,3.160026312,4.478553772,4.427984715,3.423156023,2.843759537,2.289060593,2.809376955,3.608434677,2.862570524,1.87189281,2.131820917,2.611210108,3.097579718,2.939511776,2.688634872,2.015908003,2.927394629,4.076491833,4.267865658,3.140045166,3.296699047,3.267757654,4.035360813,4.252332211,2.313930273,1.744763255,1.966849804,1.972301841,3.168537855,1.89344418,1.190058112,1.045951724,2.225690126,2.422350645,2.475492477,1.36128211,1.466736555,1.835332751,2.427340269,2.790678024,1.543707252,1.989501119,1.751551151,1.827011228,2.743658304,1.909143448,1.828808665,1.676506758,1.658387542,2.019668102,1.977967739,1.618057013,1.674023151,1.39434588,1.187079072,1.820755482,1.818539739,1.773775458,1.467486501,1.289856076,1.969667196,1.767881036,1.671989202,1.437228799,1.217048645,1.91586411,2.079374552,1.744884491,1.039192557,1.472668886,1.89679122,2.096526146,1.205170512,1.120589018,0.759955883,1.436742902,1.646903753,1.074240565,0.7360572815,0.9897997975,1.261956453,2.134943008,1.69908464,0.6574331522,0.706549108,1.208572507,1.485049248,2.426820755,1.192752957,1.097615004,1.077412128,1.19702673,1.718678355,1.347857833,0.544116199,0.872646153,0.9337249398,1.242080331,1.512927532,0.5908652544,1.022489429,1.136214852,0.8086084723,2.300949812,1.056843877,0.579062283,1.114166498,0.688837111,1.70803988,1.293623805,1.117451072,0.9237604141,1.389863729,1.715939879,1.35766685,1.318693399,1.274334311,0.9892964959,1.625529528,2.151879311,1.183030725,1.398840189,1.661450505,1.969671845,1.724482536,0.9534341693,0.9260792136,0.9914346337,1.202101469,1.111656904,1.152708769,1.103528023,1.060020566,1.195447564,0.8344860077,0.7559422851,0.4454319179,0.5072592497,0.4365800917,0.5954265594,0.5817415714,0.4189486206,0.3334004879,0.3852366507,0.5417111516,0.4121496081,0.4145129621,0.2380422056,0.4071481228,0.3433140218,0.6636294127,0.7066298723,0.3696034551,0.1445135325,0.5249132514,0.3811143339,0.4544639587,0.3303553164,0.1810995936,0.1430574059,0.1721754968,0.07801325619,0.06398281455,0.04838998243,0.04056962579,0.02784242295,0.02741330303,0.02090345882,0.02374182642,0.02088590339,tyakana
0.8341515064,1.019374132,1.209101558,1.074727654,2.930152655,3.105677843,1.892657518,1.562492728,1.800943136,3.648311615,4.005590439,1.507370591,1.38881743,2.215696096,2.348459959,2.018066883,1.368038774,2.546472549,3.037323236,2.56667757,3.887349844,2.90418911,2.411378145,2.53797698,2.503220797,4.749185562,4.325109482,3.324334383,4.155215263,3.736719131,4.422959328,4.268889904,2.914127588,3.128953934,2.39925456,3.406311274,3.752126217,2.644266844,3.085377216,1.90765059,2.101029634,2.928478479,2.591167212,2.439002514,2.062099218,2.318721294,3.795094013,3.713953733,3.330969572,2.692311049,3.139952898,4.398002625,4.010276318,2.727610826,2.43384409,2.657223463,4.04142952,2.7338624,1.947913527,1.41176486,1.317440391,1.634143233,2.262665749,1.702038884,1.438203931,1.500581026,2.170851469,2.394901752,1.742639422,1.460909724,1.782657504,2.53260088,2.44029212,1.826160192,1.803524137,1.840542674,2.375505447,2.565692902,1.454954863,1.675796509,1.812885523,2.006601095,2.17119503,1.28385222,1.418511868,1.682922959,2.11248517,2.090307474,1.14048481,1.395537496,1.73052609,1.873414755,1.940433502,1.114566803,1.578082085,1.905076385,1.96424365,2.069249153,1.688591123,2.065933228,1.750596642,0.9069148898,2.278440952,2.036868095,1.230733871,1.368504405,1.027761817,2.000237465,1.986033678,1.547057271,1.502555728,1.379826903,1.683467507,2.038936377,0.986271143,1.446875215,1.327709913,1.60047245,2.519084692,1.320978403,1.297690034,1.158409953,0.9975539446,1.873200774,0.7240833044,1.270230889,1.015904188,0.9954574704,1.829148173,0.8386609554,1.53492403,1.681099415,1.070140481,2.282973766,1.523805618,1.195771337,1.640317082,0.8786299229,1.487861514,1.341884017,1.165859342,1.294782758,1.201551795,1.637576938,0.9843124747,0.8761631846,1.659709215,0.8475835919,1.858928561,1.5868752,0.9574666023,1.564160109,1.158384919,1.805508137,1.629647017,0.9807155728,0.8735376,0.9132810235,1.105807066,1.242008209,0.9189211726,0.8065914512,0.8086090088,0.8848407269,1.051050425,0.5750575066,0.4575109184,0.5746158361,0.3169511557,0.7740888596,0.3817327619,0.2523651421,0.4014882445,0.2257905006,0.3704812825,0.2979460657,0.1490994096,0.1729689837,0.2512453198,0.5258229375,0.31382972,0.1372289211,0.2136152387,0.2804072797,0.3614368141,0.2224246413,0.07680576295,0.1201177314,0.1323828697,0.2904611528,0.2741603255,0.1003279909,0.072833471,0.06327863783,0.1988503933,0.1483342052,0.1190940216,0.1698282808,0.06467854232,0.06992628425,tyakana
0.7798749208,1.119956613,1.771714807,1.410277128,2.015687227,3.797689676,2.201725006,1.69119978,1.448503256,3.103283167,4.149555206,2.160198927,1.789900422,1.7354002,2.028858662,1.98568213,1.936975479,2.316700697,2.738791704,2.457310915,2.889304399,3.720242023,2.349232435,1.969718218,2.933283329,3.560395479,4.564142704,3.608307838,3.091730118,4.315480232,3.458144665,3.971111298,4.255496025,2.110354185,3.142058372,2.456225634,2.480902433,2.979885817,2.242535591,2.205722809,2.02545166,1.836665869,2.711116314,2.551537514,2.91968441,2.125372171,2.464848995,3.247981787,3.970879555,3.523771048,3.490943909,3.186199427,3.395874023,4.38864994,3.247291803,2.496890068,1.988536954,2.785225153,3.32769227,2.041152716,1.088491082,0.7275608778,1.670945048,2.517119408,2.494540215,1.357953668,1.282483459,1.393972158,2.139087677,2.628434181,1.554034352,1.666550517,1.420444965,1.979888201,2.72136879,2.107312918,1.943939328,1.594341397,1.691984296,1.864385843,1.96843195,1.747143745,1.700402856,1.67893517,1.373916507,1.662310839,1.130574703,2.032480478,1.734887719,1.362723231,1.91230011,1.299168587,1.645940542,1.695600271,1.393661022,1.794099212,1.761078358,1.494832993,2.006848335,1.33909905,1.411398888,1.831685185,1.555028439,1.486981034,0.6851374507,1.25494957,1.532527804,1.488047242,0.8578463793,0.5675504804,1.335711837,2.27981329,2.01069355,1.296173573,1.011253834,1.001216054,1.715050817,2.154900074,1.754413843,1.179452658,0.8745282888,0.9950045347,1.524985075,1.487702727,0.5314695239,0.6920682192,0.7385646701,1.277591586,1.310503602,0.7757022977,0.9726125598,0.7213380337,1.1203022,1.977919221,2.100306034,1.085173965,1.048478246,0.8536483049,1.400637746,2.167430401,1.470721245,0.9070217609,1.209111214,1.472688556,0.9627287388,1.449640751,1.109912634,0.7349299788,1.644583941,1.675788999,0.9828404188,1.155523896,1.246328592,1.347912312,1.467798114,0.7573409081,0.8877081871,0.7761349082,0.8311469555,0.97014606,0.7023094296,0.8507553339,0.597314477,0.4535884559,0.4631203711,0.3764896691,0.3071260154,0.4583413899,0.3118282855,0.2717072368,0.2670218945,0.1621661335,0.2542253435,0.1691047549,0.1907530874,0.1551135182,0.1266012788,0.1440186948,0.128162533,0.1233915314,0.1811808646,0.1816016883,0.1089488417,0.08696389943,0.1171863452,0.08689939231,0.2538754642,0.1972504854,0.2089226097,0.1679080874,0.1387331486,0.1018166244,0.136548534,0.1157331765,0.07095689327,0.04394971579,0.02382604405,0.02865832113,0.02978165634,0.0305032935,tyakana
0.4806415141,0.4641310573,0.8262403607,0.5635094047,1.878943086,2.65155673,1.84006381,1.382124543,1.3309412,3.044230938,3.544641733,1.726694345,1.487926126,1.761968851,1.70532918,1.724235177,1.24180758,2.095483303,2.707086086,2.264977217,3.618695974,2.322440386,2.331011772,2.374153852,2.545967102,4.448651791,3.91624856,3.195281982,4.070881844,4.020795345,3.854881048,4.006007671,2.400310755,3.247914553,2.686358213,2.701459646,3.387595892,2.100663424,2.983786345,2.171738625,2.297377348,2.933150053,2.412884712,2.647279024,2.408823967,1.961785436,3.631385565,3.518147469,3.427336693,3.015949011,3.241948843,4.188445091,3.557183027,2.650908232,2.422935963,2.343698025,3.22134614,2.473213673,1.544879913,1.212230802,1.239525676,1.147641301,2.008766174,1.120582223,1.113547802,1.605401635,1.564168692,2.195163012,1.117464185,0.9919247627,1.672797561,1.801471949,2.319696426,1.6644696,1.502702713,1.531746864,1.900174379,1.973788857,1.907550693,1.703495264,1.964754462,1.668337822,1.959823251,1.824347258,1.706270337,2.08404994,2.094699621,1.973952413,1.785611749,1.844555497,1.682887316,1.974529266,1.79754138,1.620103478,1.659192801,1.794326901,2.096933842,1.763855815,1.961729169,1.949125767,1.518412709,1.10862565,1.485817552,1.982017994,0.8210039735,0.6631552577,0.9695483446,1.495640159,1.944716096,1.272212148,0.6943814754,1.255465388,0.8797478676,1.517847776,1.190638185,0.7940951586,0.8976898789,1.189019203,1.801465392,1.627239585,0.4111452401,0.516133666,0.6543978453,1.015956521,0.9271900654,0.477974236,0.5863232017,0.5647162795,0.7273446918,0.874727428,0.6690028906,0.5117354989,0.5666316748,1.215019584,1.575532913,0.9939642549,0.6574215889,0.4327214658,0.8312491775,1.472437739,1.705286145,0.7762194276,1.116472602,1.049204469,0.8138567805,1.817039728,0.9614006281,0.6315425038,1.047275066,1.325479746,1.408292651,1.081578016,1.13181448,0.8485566378,1.379494548,0.6219124198,0.5771898627,0.6405271888,0.610891521,0.7429792285,0.559663415,0.2881105542,0.31805408,0.2808712125,0.1952958554,0.2375743538,0.1820789874,0.2003935426,0.1794169247,0.1456778497,0.04786799103,0.093452245,0.08671060205,0.07190300524,0.1083413064,0.04560864344,0.0931634903,0.07576789707,0.06194167584,0.1051444709,0.07015989721,0.05588998646,0.04118905216,0.04466861859,0.05338968337,0.1105865091,0.07188915461,0.03220629692,0.02715400606,0.05154736713,0.05786650628,0.04780681431,0.06006741524,0.01883736998,0.01697599702,0.02528447658,0.01294048782,0.0267961733,0.03221619502,0.01470139064,tyakana
0.7549131513,0.7690847516,0.9860822558,0.7062446475,1.560166717,2.908511877,2.045120001,1.633077621,1.567394137,2.319738865,3.51738739,1.603461862,1.339269996,1.154820085,1.125108242,1.466747999,1.364748478,1.859761953,2.092892647,1.899743438,2.634482861,3.530254602,2.429483175,1.771658182,2.176828861,3.151327133,4.163075447,3.402485609,3.537746906,3.950393677,3.435740232,3.652929544,3.930926323,2.776207209,2.510331869,1.801529646,2.41907692,2.927768707,2.790084839,1.928506136,2.10738492,1.767515063,2.565637589,2.746817589,2.342833281,1.826545119,2.452490807,3.358919144,3.978533745,3.111979723,3.047887564,3.091378212,3.487247467,4.088775158,2.985211134,1.868996024,1.859941602,1.952726007,2.52116251,1.794376969,0.7379649282,0.5744020343,1.239278197,1.725581884,1.965816379,1.156073809,1.006799221,1.554389358,1.919763684,2.043762207,1.492554665,1.133301497,1.574274898,1.533643007,1.996379852,1.769322038,1.091349959,1.710327983,1.53686738,1.48282361,1.815615177,1.503487349,1.605774164,1.917650819,1.235644698,1.622363091,1.85226512,1.246954918,1.865661621,1.244536042,1.725659728,1.498744369,1.409258485,1.705205441,1.296941757,1.38193965,1.800686479,1.558340192,1.050830126,1.024968266,1.414392591,1.635404229,1.185472012,0.6169708967,0.7096568942,1.432400346,1.342648983,1.278491974,0.7468509078,0.7237044573,1.432687879,1.972274303,1.779237866,1.38046515,0.6658042669,0.8592111468,1.756214261,1.924871802,1.925759673,0.9129199386,0.5722853541,0.8054980636,1.053249717,1.268859506,0.505671382,0.6519467235,0.9184094667,1.200355053,1.029995084,0.7898757458,0.5472199321,0.690605104,0.8995580673,1.515114903,2.071093082,0.6521180272,0.8661749959,0.8092933297,1.177616,1.971369147,0.864179492,0.2481767237,0.7466343045,0.7911266088,0.6599223018,1.011741996,0.5408681035,0.5290008187,1.049993038,1.073394299,0.892334342,0.616705358,0.7663377523,0.8617545366,0.6564493775,0.4817323983,0.4231021106,0.4833179116,0.6384355426,0.4573309422,0.2906724513,0.2017367929,0.1626616567,0.1587977856,0.1118243486,0.1196994931,0.07509413362,0.08272452652,0.1014088392,0.1098604947,0.1128428653,0.05713980645,0.065320611,0.05718765035,0.1099198759,0.05159166828,0.04777527973,0.03209913522,0.05377786607,0.03924324363,0.03951591998,0.09109631181,0.04485736787,0.07867334038,0.0766345039,0.06637767702,0.06008991972,0.09129480273,0.06949601322,0.03868194297,0.02732182667,0.02570417896,0.024860356,0.0242025163,0.01003916096,0.009766298346,0.01402259897,0.01901292801,0.01943315193,0.01613130234,tyakana
0.5777440667,0.5978021622,0.8491208553,0.6647948623,2.102911711,2.696592569,1.752262235,1.42308712,1.59313798,3.263262749,3.6717875,1.412226319,1.342700601,1.888653517,1.935342669,1.849579692,1.149082541,2.021859646,2.791858196,2.191574812,3.687407494,3.070937157,2.163885355,2.274031162,2.142671585,4.258007526,4.475975037,3.081679821,3.992236853,3.661941051,3.594631195,4.481238842,2.500796556,2.751763821,1.931415558,2.337250233,3.618248224,2.490148067,2.424125671,1.743539691,1.93111074,3.228246212,2.720859051,2.045610428,2.002022743,1.797943115,3.488713741,3.815777302,2.88274312,2.759700537,3.307806492,4.306678295,4.345065594,2.38477397,1.951292872,2.268563986,3.252513885,2.879927158,1.501692533,0.9481264949,0.9755970836,1.171980023,2.452994823,1.446481347,1.116549969,1.171475053,1.456737876,2.325458288,1.779629707,1.282071471,1.431108952,1.58329916,1.988251805,1.554613233,1.470731974,1.569957376,1.674980044,1.768530846,1.424297214,1.441264391,1.669704199,1.66754055,1.541974306,1.568660498,1.138379931,1.773516774,1.868045688,1.731096983,1.344864726,1.598743677,1.970922828,1.476387739,1.07069993,0.9230387211,1.802563906,1.827320337,1.390445948,0.6093373299,1.716505766,1.830396056,0.6971011758,0.5064014196,0.9525380135,1.508161426,0.9169960618,0.5325118899,0.3909528553,1.044872642,1.297506571,1.67210722,1.333078623,0.626247108,1.135277987,1.388795614,1.036440015,0.9759087563,0.4881121814,0.8832077384,1.717733145,1.270653844,1.09987247,0.4612470567,0.6536889076,0.6514818072,0.5890653133,1.074634075,0.4591585994,0.4096917808,0.8946397901,0.5605938435,1.367786407,1.085111499,0.8048239946,1.167156339,0.9706619382,1.020194769,1.131181598,0.4240066409,0.6789264083,1.187311172,1.017044544,0.973444283,0.9378476739,0.9673418999,0.4818986356,1.16474092,1.075994968,0.5407688022,0.9502310753,1.439438462,1.411253095,1.320326209,0.9383408427,1.248235703,1.020028472,0.811629653,0.5562189817,0.4596018195,0.6979510784,0.7739008665,0.5274022818,0.396532923,0.1758830398,0.2331146449,0.2672279477,0.1845492125,0.1278972626,0.1289893091,0.1163506806,0.1297615021,0.08856081218,0.05171625316,0.05473737791,0.05475339293,0.05248369277,0.04578731582,0.04309923202,0.06552888453,0.05351326242,0.0827383399,0.0714750886,0.06773142517,0.06505956501,0.04191393405,0.04813232273,0.03950407729,0.0309592355,0.01867284626,0.02023447305,0.01621917449,0.01761732437,0.01698835753,0.008152578026,0.00543288514,0.004046034068,0.0077384701,0.007874779403,0.009474785067,0.01448697224,0.01017357036,tyakana
0.4570704103,0.6362202764,0.6687667966,0.7448710203,1.632029772,2.637734652,1.698373914,1.231400132,1.448610544,2.673517466,3.650311232,1.739185333,1.596022606,1.494737625,1.786756516,1.807668328,1.112797737,1.922152519,2.373785734,2.473937511,3.746079683,2.807331085,2.312134981,1.784169793,2.62354207,4.43433094,4.281982899,2.881420851,3.448643684,4.358182907,4.212714672,4.573488712,2.885244131,2.339759588,2.989938259,3.059166908,3.626968384,2.064986706,2.544593096,2.544770479,2.945210457,2.693550587,2.303678274,2.372782946,2.94600749,2.172097445,3.165232897,3.587887526,3.2865417,3.320237875,3.447534561,3.892520428,3.83166647,2.962469339,2.400525331,2.873891115,4.069113255,3.177905798,2.433263302,1.610336304,1.438777208,1.358085513,2.463159561,1.792691231,1.41046524,1.329476357,2.374765396,2.761248112,2.165636301,1.478545427,1.413496137,2.252953053,2.510573387,1.998781204,1.779058099,1.385320067,2.11367321,2.444411039,1.931987524,1.685567498,1.459933996,1.427568197,1.766511679,1.918338776,1.661511898,1.846554995,1.301186085,1.908313751,1.485772371,1.822266579,2.085451841,1.444172621,1.549619555,1.460493207,1.768534899,1.985480905,1.630125165,1.936468601,1.903505325,1.953514457,1.384341478,1.307586551,2.005552292,1.940884113,1.155708909,1.474768043,0.9415131211,1.781120658,1.929309487,1.705608249,1.570546269,1.400055885,1.462977409,1.667094469,1.79580152,1.777970672,1.281166434,1.47173965,2.362483501,1.492721915,1.580030799,1.086615205,0.9534186125,1.466221213,0.88346982,1.301039815,0.914306283,0.6263559461,1.118255138,0.7535243034,1.402221203,1.396628141,0.5375608802,1.596735835,1.382710695,1.04297781,1.231472611,0.5739008188,1.000144839,1.191017866,0.8970578909,0.7701083422,0.7359081507,1.103105426,0.686796844,1.2916857,1.15554893,0.8394218087,1.368840098,1.39059782,0.9946517348,1.049074054,0.8832910657,1.220513582,1.180541873,0.8357149959,0.5514625907,0.6821165085,0.7432137132,0.7529370189,0.5349258184,0.4688799977,0.4471529424,0.4548235834,0.3617903292,0.271707058,0.1100206822,0.1511571556,0.129990384,0.1765789241,0.1061462909,0.08328972757,0.09896283597,0.1086492762,0.08996929973,0.1230428144,0.1214151531,0.1825400591,0.1081654355,0.1562920213,0.1107628047,0.1641222388,0.09434166551,0.05927861482,0.08410345018,0.07222045213,0.04192317277,0.04549819231,0.03113070317,0.05690455064,0.06315503269,0.01431643404,0.04018225521,0.02395217679,0.01801979914,0.02026454173,0.01897615567,0.0339294225,0.04063098505,0.0364497602,tyakana
0.8035756946,0.7799478769,0.8473250866,0.9578559995,2.048764229,3.213027239,1.646147132,1.298196554,1.288807273,2.831466675,4.052073002,1.27957499,1.133284926,1.236336946,1.555345178,2.036906958,1.621093154,2.15409708,2.402458906,1.949735045,3.664692879,3.961102009,1.755569935,1.529029727,2.240815639,3.688130856,4.713343143,3.000228882,3.496094704,3.841317654,3.318044424,4.787352085,3.389378071,2.617725134,2.380709887,2.24511075,3.492333412,2.963430643,2.956938505,2.250578403,2.190994501,2.413638592,3.038100004,2.545259476,2.423999071,1.937364459,2.472970486,4.192753792,3.581606388,3.114093781,3.581094027,3.554244518,4.133572578,3.751960993,2.473340511,2.340520144,2.395239115,2.986267567,3.058483601,1.353269458,1.032383919,1.001740932,2.294485807,2.796625137,1.532134891,0.9281807542,1.104769945,1.792840481,2.765579462,2.029502153,1.105042338,1.114557147,1.631281495,2.245326757,2.417766571,1.28734827,1.194232225,1.532953262,1.836080194,2.019728184,1.696758151,1.086350679,1.319096208,1.945323706,1.249101758,1.646891475,1.540704131,1.116321445,1.84269762,1.676086545,1.439828157,1.108502388,1.165015936,1.377655387,1.205423832,1.593936324,1.469567418,1.39350009,1.166322589,1.166169882,2.126453876,1.01526165,0.6621417999,0.5670982003,0.8048548698,2.209607601,1.31422317,0.7858710289,0.7632417083,0.8784008622,1.706450462,2.391211033,1.052941442,0.7468595505,1.090590954,0.8914149404,2.257067919,1.063047528,1.084428668,1.053472757,1.059203625,1.929229259,1.037128806,0.6166204214,0.3593993485,0.7673912644,1.545129895,1.299577236,0.3788238168,0.2874155343,0.8266372681,1.130563378,1.657429338,0.8860920072,0.5197744966,0.4675539136,0.7287755013,0.8610998392,0.7769944668,0.6617509723,0.8758522272,0.8558765054,1.922634482,1.04095161,0.4193623364,1.099753618,0.7464630008,1.48944056,1.390226245,0.9469208121,1.41190958,1.624148726,1.732604027,1.747197986,1.048496366,0.8486348391,0.6149101853,0.7264558673,1.183340907,0.7478636503,0.5796449184,0.8538148999,0.7303749323,0.5923717022,0.429759115,0.2532839179,0.2212465703,0.1214550659,0.2773480415,0.327509433,0.1288949251,0.1308086365,0.151571393,0.1123755947,0.2260627449,0.06937531382,0.08165457845,0.1362866461,0.2718880475,0.3535210192,0.2928129137,0.1838163286,0.1860429049,0.1673059762,0.2879230082,0.2650293708,0.1146655604,0.1203751788,0.1180143803,0.1135481894,0.1632495522,0.03014818951,0.03317089006,0.02839607932,0.02017158456,0.02813019417,0.02859846316,0.02517456003,0.03175624833,0.01952582039,tyakana
0.7152464986,0.9359430075,1.384506345,0.9533634782,2.212137222,3.208610058,1.386389971,0.9919981956,1.323413014,3.096660614,4.113324642,1.796825767,1.407597303,1.413032651,1.747087598,2.076305628,1.302235603,2.107971191,2.589864254,2.405662537,3.804768085,3.730442524,2.322859526,2.211990118,2.444927931,3.748497486,4.771632195,3.214598656,4.090822697,3.621128798,3.370666981,4.967154503,2.473078489,3.277879,2.651328325,2.310726643,4.092038155,2.499231577,3.191118002,1.961676002,1.819049478,3.131855488,2.907032013,2.772473812,2.422861338,1.856112361,3.443974972,4.370687485,3.335754395,2.722202539,3.09434104,3.88888073,4.629262924,2.672262669,2.032896996,1.572712779,2.276525497,3.684079647,2.042518377,1.216645241,1.131275535,0.8456338048,2.908289671,2.06663394,1.248501301,1.224933624,1.767854571,2.600469351,2.320148468,1.278914094,1.38846612,1.874397993,1.972926021,2.389965534,1.26923883,1.551864862,1.821591854,1.906019449,2.3165555,1.129857063,1.727778435,1.557065845,1.718956709,2.107673168,1.168197513,1.683357239,1.91411984,1.612419844,1.861305833,1.472365618,1.39247036,1.581802368,1.610245347,1.612322569,1.680967331,1.738220453,1.806326747,1.284991026,1.647579789,2.479290485,1.615327358,1.004986405,0.9379119873,1.372089505,1.790457726,1.590232849,0.6140273213,0.7457262278,1.100166202,2.000519037,1.661942482,1.024521708,0.5212883949,0.5623701215,1.851156235,1.76865983,1.005529761,0.7026933432,0.9055613875,1.106436491,1.736740589,1.153558135,0.3845269382,0.4439401031,0.7528892159,1.657629132,1.032525659,0.6009185314,0.5778479576,0.5470839739,1.593617439,1.532379985,0.8253839612,0.8103123307,1.122299671,1.245724678,1.220318079,0.4106091857,0.5307493806,1.271163106,1.313115478,0.7206870317,0.7705981135,0.5164681077,0.3753510416,1.306019664,1.27908659,0.4233181179,0.5222790837,0.8821124434,1.317387938,1.799937963,0.926027298,0.956217885,1.436326027,1.328310251,1.349888444,0.6376729608,0.582069397,0.4930880368,0.5881587863,1.115658283,0.5297828317,0.3040820956,0.2563866973,0.3743003607,0.5657804608,0.3461713791,0.2459598631,0.1589253843,0.2064475864,0.2059712559,0.1673148125,0.08554182947,0.09924219549,0.1094923541,0.04851577803,0.1006037742,0.08896946907,0.1256220937,0.07462813705,0.05444394797,0.07743213326,0.06132790446,0.05499819666,0.03631198779,0.05839693174,0.08330275863,0.03805364296,0.02341415361,0.02066842467,0.03565297648,0.04862158,0.0320064649,0.0216111131,0.01128616836,0.007127185352,0.01712682657,0.02333448268,0.01273509022,tyakana
1.526285648,1.286124349,2.222449303,1.527606606,2.188990116,4.380399704,2.226566076,1.449250817,1.745857477,2.844526052,4.537148476,2.208001137,1.614029646,1.553483367,1.703900933,2.109797239,2.31881094,2.473656893,2.192282438,2.454277515,3.336590528,4.349983215,2.497485399,1.629984021,2.533369064,4.171010494,4.357653141,4.259093285,2.295536041,3.148762465,4.145191193,3.919265985,4.284212589,2.012134075,2.410681009,3.924925089,3.223162413,2.787002563,1.876282811,1.461060166,2.880004406,2.312576771,2.222160816,1.53339839,1.428560734,2.829275131,2.742279768,2.288707733,3.267153263,1.860992432,3.804176569,3.202116489,2.561436653,4.059153557,3.271594048,2.405048609,2.064888477,1.679187179,2.41225028,0.9198210239,1.951894164,1.23970449,1.509710789,1.301347613,2.198561907,1.679091811,1.538700223,1.134070158,0.8778659105,1.08573544,1.533177257,1.513139129,1.215282917,1.238098502,1.25703001,1.665669441,1.554695487,1.008285642,1.347181082,0.8920087814,1.177416086,1.135277748,1.015499234,1.027789712,0.8500461578,0.7502900362,0.9841932654,1.319904208,0.5388213992,1.01150465,1.162732124,1.104170442,1.440818667,0.9818354845,1.021700501,1.45468998,1.222406745,0.9364241958,0.9733217359,0.7568007708,0.8319631815,0.768822968,0.752479434,0.4482187927,0.4785169065,0.782308042,0.6149809957,0.7016419768,0.4982120395,0.5141122341,0.4340098798,0.6550713778,0.557054162,0.5527520776,0.531946063,0.5631816983,0.6225811839,0.5261608362,0.3382150233,0.3257064223,0.2316407859,0.2609785199,0.1671282798,0.1153311357,0.0896429345,0.08802545816,0.1026887149,0.09325999022,0.2027445734,0.2778531313,0.1780175269,0.298886627,0.354689002,0.3114506602,0.6723216772,0.4885964692,0.3159860671,0.4742512107,0.3472518623,0.4171781242,0.5434357524,0.4847668409,0.4220041633,0.817353785,0.5920846462,0.7897553444,0.688547492,0.3311882913,0.4258405566,0.4092906713,0.6675687432,0.761726737,0.4052627385,0.38893345,0.2408055216,0.4763027132,0.2350434065,0.1554317623,0.1675210148,0.1132035851,0.1184130013,0.06258025765,0.05418130383,0.03561764583,0.07455229014,0.03978446499,0.048750218,0.04216693714,0.01908396743,0.07305852324,0.06331084669,0.05713378638,0.04058256,0.0406280309,0.06111160666,0.06625071168,0.07621904463,0.06230996177,0.04450948164,0.05313577875,0.04837804288,0.1665387154,0.1113258153,0.08024839312,0.1245263442,0.1071470678,0.174534753,0.1137575433,0.06436028332,0.02982203104,0.06731956452,0.06339998543,0.04721659422,0.02269362099,0.03398198634,0.0500735715,0.09133435041,0.03713454679,0.03080848977,0.03933710605,tyakana
0.4966529012,0.4851910174,0.6455253959,0.7594087124,1.632122397,3.425107956,1.847077608,1.535117149,1.605964184,2.791815758,3.734776974,2.12594676,1.333629489,1.231946349,1.722735405,1.486436367,1.978824377,0.8288550377,1.344772696,2.48934269,2.563734293,4.169496059,2.757457018,2.175121307,2.770109415,3.314032316,3.897561789,4.369500637,3.149614573,4.222613335,3.607541561,3.592585087,4.558161259,2.658471823,3.187458992,3.003172874,2.580415964,3.307985306,3.094367266,2.457679749,2.087177515,1.489930153,2.224415302,2.447015762,2.308740854,1.964585423,2.261071444,2.03434062,3.847033024,3.307676792,3.072526455,2.870365143,2.637027502,4.477925301,4.116080284,2.447934389,2.089066744,1.708500385,2.419975042,2.720861197,1.757048368,0.8473750353,1.630390763,1.752043009,2.578066349,2.12599349,1.234670877,1.247893691,1.633737087,2.533285856,2.583025932,1.526488304,1.493869901,1.781115651,2.099630117,2.711833,1.997040868,1.528690577,1.837453127,1.916509509,2.206573248,2.096420288,1.321219563,1.565046906,1.739228249,0.8858996034,1.616353631,1.303604364,1.009844303,1.371081829,1.220779061,1.58483541,1.753009319,1.752590299,1.460297227,1.630420566,1.611997962,1.654631615,1.671276331,1.187447667,1.289430857,1.083393693,2.128376961,1.694167972,0.976077497,1.228669405,1.160416484,2.019656181,2.09527874,1.764524102,0.9026859999,1.332964301,1.878259063,2.259622574,1.87290895,1.17025578,1.19594121,1.688769102,2.016509533,1.848761916,1.089971185,0.7804997563,0.9147540927,1.050894856,0.7751250863,0.5426707268,0.5095959306,0.5016582012,1.043582797,1.420648217,1.273098469,1.285417318,0.8592473269,0.9365499616,1.510866761,1.518853664,0.7459000945,0.9530466795,0.6736840606,0.9133049846,1.255950689,0.905837059,0.6120786071,1.021315575,0.7265698314,1.159955859,0.9200182557,0.6080486774,0.593141675,0.6681167483,1.103535295,1.036153913,0.7512316704,0.4279361665,0.3475024402,0.4955143631,0.2369483858,0.1744679213,0.1720950156,0.1472638696,0.1164687946,0.1038490683,0.02953957394,0.03420139477,0.04428626597,0.04988287017,0.04420623556,0.03807535395,0.02813084424,0.05725286156,0.03252895549,0.03644907102,0.04973467439,0.05226095766,0.07949633151,0.1468475014,0.1299230754,0.05932554603,0.09397850931,0.07490804791,0.09980513901,0.187005356,0.1042061672,0.1597184539,0.1172918752,0.0136291096,0.06566588581,0.06507141888,0.03568693995,0.02319691144,0.02703989297,0.04208777472,0.04475962371,0.01739745587,0.02153706551,0.0404035002,0.1186020821,0.110987857,0.04912688211,0.04574302584,tyakana
0.6693383455,0.8697938919,0.7273179889,0.804805994,1.963753343,3.100697279,1.627535224,1.304854155,1.374916434,3.078743935,3.96101737,2.587619305,1.362904429,1.761361361,1.619166493,1.281024933,1.93105185,1.551063538,2.42031002,2.045414686,2.45238924,3.719188929,3.704569817,2.07589817,1.97033143,2.814986944,3.24330759,4.608350754,3.615845442,2.876876831,2.26353097,2.227207661,3.263684273,3.647912741,1.977412343,1.436894417,1.682827234,2.776864529,3.865763664,2.72710681,1.746032238,2.576860428,3.093323231,3.093522549,3.859324455,2.530099869,3.036386013,3.354067802,3.728931904,4.208090782,3.886007786,3.439802647,3.448750973,4.113659382,4.315379143,4.029820919,2.790867329,2.35233283,2.368946552,2.61272788,3.412186384,3.19239068,1.748803496,1.966924787,1.720263839,1.541781306,2.363891602,1.620465159,1.515314221,1.408138752,1.512845755,2.18456316,2.290177107,0.8722516298,1.648065209,1.675607085,1.537800074,1.978616714,1.602627516,0.8571133018,1.046990514,1.040999293,1.12013793,1.213580608,0.9514047503,1.146399498,0.9524466991,1.105742931,1.325556517,0.8788922429,1.192395329,0.857762754,1.043076873,1.246169806,1.504373193,1.392728329,0.7988513112,1.025395155,1.294004321,1.260269284,1.127566695,0.8425891399,1.130628347,1.20745492,1.726225853,1.676131129,1.686112046,1.683426261,1.802519321,1.762534857,1.963104963,1.889885783,1.080611706,0.7350743413,0.8996273875,1.069528818,1.182755828,1.31435883,1.034504771,0.8799788356,0.9385130405,1.006972194,1.416032076,0.5425387621,0.5892119408,0.9477449656,0.7939932942,1.766386747,1.635856271,1.265208721,1.234500766,1.355377674,1.418710113,2.149915934,0.9589488506,0.7099474072,0.951030314,0.5593124628,0.4705632925,0.5614239573,0.4513396621,0.3296782076,0.4604155123,0.3918847144,1.088305712,0.836696744,0.3218909502,0.407769531,0.3368736207,0.6096811891,0.5643784404,0.4761862755,0.2421401441,0.4009096622,0.1827785373,0.3749270141,0.5430335402,0.318231523,0.230190441,0.2585756183,0.1283953786,0.1350783557,0.0954592824,0.07431529462,0.07954467088,0.07278484851,0.09119848907,0.09327337146,0.147435084,0.09006151557,0.110598065,0.1298704743,0.081475012,0.08155061305,0.09009956568,0.05867568031,0.1104668006,0.08126152307,0.0788956359,0.1245193928,0.1844963878,0.1480187327,0.04484464601,0.06183117256,0.1941426992,0.04835716262,0.06156832725,0.1159334555,0.2146458179,0.1809397787,0.1004636064,0.1283416003,0.1362851411,0.08821682632,0.09314384311,0.1285051256,0.05329659954,0.1071057767,0.08942896873,0.03059574217,tyakana
