train_size_abs,train_mean,train_std,val_mean,val_std
50,0.808,0.0515363949069005,0.4555043522785458,0.027255538500600838
100,0.836,0.03878143885933063,0.5256016385048643,0.04628447713420508
150,0.8653333333333333,0.030228757463345687,0.6400409626216078,0.07183438375691822
200,0.881,0.012409673645990868,0.6657450076804915,0.0586767214107519
251,0.892430278884462,0.012084263655859033,0.6879160266257041,0.05719018680891807
