{
  "epochs": [
    1,
    2,
    3,
    4,
    5,
    6,
    7,
    8,
    9,
    10,
    11,
    12,
    13,
    14,
    15,
    16,
    17,
    18,
    19,
    20,
    21,
    22,
    23,
    24,
    25,
    26,
    27,
    28,
    29,
    30
  ],
  "train_acc": [
    0.5084745762711864,
    0.5084745762711864,
    0.4915254237288136,
    0.4915254237288136,
    0.6610169491525424,
    0.576271186440678,
    0.847457627118644,
    0.864406779661017,
    0.9491525423728814,
    0.9491525423728814,
    0.9491525423728814,
    0.9322033898305084,
    0.9491525423728814,
    0.9491525423728814,
    0.9661016949152542,
    0.9830508474576272,
    0.9830508474576272,
    1.0,
    0.9830508474576272,
    1.0,
    0.9661016949152542,
    1.0,
    1.0,
    1.0,
    1.0,
    1.0,
    1.0,
    1.0,
    1.0,
    1.0
  ],
  "val_acc": [
    0.4666666666666667,
    0.4666666666666667,
    0.5333333333333333,
    0.5333333333333333,
    0.8,
    0.4666666666666667,
    0.8666666666666667,
    0.9333333333333333,
    1.0,
    1.0,
    1.0,
    0.8666666666666667,
    0.9333333333333333,
    0.8666666666666667,
    0.8666666666666667,
    0.8666666666666667,
    0.8666666666666667,
    0.8666666666666667,
    0.8666666666666667,
    0.8666666666666667,
    0.8666666666666667,
    0.8666666666666667,
    0.8666666666666667,
    0.8666666666666667,
    0.8666666666666667,
    0.8666666666666667,
    0.8666666666666667,
    0.8666666666666667,
    0.8666666666666667,
    0.8666666666666667
  ],
  "train_loss": [
    1.9312725961208344,
    2.0573100447654724,
    0.9657885730266571,
    1.0384938418865204,
    0.6990016102790833,
    0.6135795712471008,
    0.6126438975334167,
    0.5624205470085144,
    0.5244322717189789,
    0.4366578310728073,
    0.38055597245693207,
    0.31038445234298706,
    0.25725940614938736,
    0.20048029720783234,
    0.20462162792682648,
    0.12694847956299782,
    0.09458845667541027,
    0.10300138592720032,
    0.04430831037461758,
    0.09292811527848244,
    0.027888144366443157,
    0.10276525374501944,
    0.02595375757664442,
    0.01785323629155755,
    0.03044179454445839,
    0.019108980428427458,
    0.009149206569418311,
    0.007455843035131693,
    0.028010208159685135,
    0.005355495377443731
  ]
}