{
  "label_names": [
    "sa",
    "sha",
    "tha",
    "tya",
    "ta"
  ],
  "random_state": 42,
  "test_size": 0.3,
  "dataset_npz": "C:\\Users\\edu01\\Documents\\GitHub\\Shuron_YR\\Sound\\ML_fft_dataset\\dataset.npz",
  "n_samples": 300,
  "feature_dim": 427,
  "dataset_extra": {
    "freqs": [
      0.0,
      11.71875,
      23.4375,
      35.15625,
      46.875,
      58.59375,
      70.3125,
      82.03125,
      93.75,
      105.46875,
      117.1875,
      128.90625,
      140.625,
      152.34375,
      164.0625,
      175.78125,
      187.5,
      199.21875,
      210.9375,
      222.65625,
      234.375,
      246.09375,
      257.8125,
      269.53125,
      281.25,
      292.96875,
      304.6875,
      316.40625,
      328.125,
      339.84375,
      351.5625,
      363.28125,
      375.0,
      386.71875,
      398.4375,
      410.15625,
      421.875,
      433.59375,
      445.3125,
      457.03125,
      468.75,
      480.46875,
      492.1875,
      503.90625,
      515.625,
      527.34375,
      539.0625,
      550.78125,
      562.5,
      574.21875,
      585.9375,
      597.65625,
      609.375,
      621.09375,
      632.8125,
      644.53125,
      656.25,
      667.96875,
      679.6875,
      691.40625,
      703.125,
      714.84375,
      726.5625,
      738.28125,
      750.0,
      761.71875,
      773.4375,
      785.15625,
      796.875,
      808.59375,
      820.3125,
      832.03125,
      843.75,
      855.46875,
      867.1875,
      878.90625,
      890.625,
      902.34375,
      914.0625,
      925.78125,
      937.5,
      949.21875,
      960.9375,
      972.65625,
      984.375,
      996.09375,
      1007.8125,
      1019.53125,
      1031.25,
      1042.96875,
      1054.6875,
      1066.40625,
      1078.125,
      1089.84375,
      1101.5625,
      1113.28125,
      1125.0,
      1136.71875,
      1148.4375,
      1160.15625,
      1171.875,
      1183.59375,
      1195.3125,
      1207.03125,
      1218.75,
      1230.46875,
      1242.1875,
      1253.90625,
      1265.625,
      1277.34375,
      1289.0625,
      1300.78125,
      1312.5,
      1324.21875,
      1335.9375,
      1347.65625,
      1359.375,
      1371.09375,
      1382.8125,
      1394.53125,
      1406.25,
      1417.96875,
      1429.6875,
      1441.40625,
      1453.125,
      1464.84375,
      1476.5625,
      1488.28125,
      1500.0,
      1511.71875,
      1523.4375,
      1535.15625,
      1546.875,
      1558.59375,
      1570.3125,
      1582.03125,
      1593.75,
      1605.46875,
      1617.1875,
      1628.90625,
      1640.625,
      1652.34375,
      1664.0625,
      1675.78125,
      1687.5,
      1699.21875,
      1710.9375,
      1722.65625,
      1734.375,
      1746.09375,
      1757.8125,
      1769.53125,
      1781.25,
      1792.96875,
      1804.6875,
      1816.40625,
      1828.125,
      1839.84375,
      1851.5625,
      1863.28125,
      1875.0,
      1886.71875,
      1898.4375,
      1910.15625,
      1921.875,
      1933.59375,
      1945.3125,
      1957.03125,
      1968.75,
      1980.46875,
      1992.1875,
      2003.90625,
      2015.625,
      2027.34375,
      2039.0625,
      2050.78125,
      2062.5,
      2074.21875,
      2085.9375,
      2097.65625,
      2109.375,
      2121.09375,
      2132.8125,
      2144.53125,
      2156.25,
      2167.96875,
      2179.6875,
      2191.40625,
      2203.125,
      2214.84375,
      2226.5625,
      2238.28125,
      2250.0,
      2261.71875,
      2273.4375,
      2285.15625,
      2296.875,
      2308.59375,
      2320.3125,
      2332.03125,
      2343.75,
      2355.46875,
      2367.1875,
      2378.90625,
      2390.625,
      2402.34375,
      2414.0625,
      2425.78125,
      2437.5,
      2449.21875,
      2460.9375,
      2472.65625,
      2484.375,
      2496.09375,
      2507.8125,
      2519.53125,
      2531.25,
      2542.96875,
      2554.6875,
      2566.40625,
      2578.125,
      2589.84375,
      2601.5625,
      2613.28125,
      2625.0,
      2636.71875,
      2648.4375,
      2660.15625,
      2671.875,
      2683.59375,
      2695.3125,
      2707.03125,
      2718.75,
      2730.46875,
      2742.1875,
      2753.90625,
      2765.625,
      2777.34375,
      2789.0625,
      2800.78125,
      2812.5,
      2824.21875,
      2835.9375,
      2847.65625,
      2859.375,
      2871.09375,
      2882.8125,
      2894.53125,
      2906.25,
      2917.96875,
      2929.6875,
      2941.40625,
      2953.125,
      2964.84375,
      2976.5625,
      2988.28125,
      3000.0,
      3011.71875,
      3023.4375,
      3035.15625,
      3046.875,
      3058.59375,
      3070.3125,
      3082.03125,
      3093.75,
      3105.46875,
      3117.1875,
      3128.90625,
      3140.625,
      3152.34375,
      3164.0625,
      3175.78125,
      3187.5,
      3199.21875,
      3210.9375,
      3222.65625,
      3234.375,
      3246.09375,
      3257.8125,
      3269.53125,
      3281.25,
      3292.96875,
      3304.6875,
      3316.40625,
      3328.125,
      3339.84375,
      3351.5625,
      3363.28125,
      3375.0,
      3386.71875,
      3398.4375,
      3410.15625,
      3421.875,
      3433.59375,
      3445.3125,
      3457.03125,
      3468.75,
      3480.46875,
      3492.1875,
      3503.90625,
      3515.625,
      3527.34375,
      3539.0625,
      3550.78125,
      3562.5,
      3574.21875,
      3585.9375,
      3597.65625,
      3609.375,
      3621.09375,
      3632.8125,
      3644.53125,
      3656.25,
      3667.96875,
      3679.6875,
      3691.40625,
      3703.125,
      3714.84375,
      3726.5625,
      3738.28125,
      3750.0,
      3761.71875,
      3773.4375,
      3785.15625,
      3796.875,
      3808.59375,
      3820.3125,
      3832.03125,
      3843.75,
      3855.46875,
      3867.1875,
      3878.90625,
      3890.625,
      3902.34375,
      3914.0625,
      3925.78125,
      3937.5,
      3949.21875,
      3960.9375,
      3972.65625,
      3984.375,
      3996.09375,
      4007.8125,
      4019.53125,
      4031.25,
      4042.96875,
      4054.6875,
      4066.40625,
      4078.125,
      4089.84375,
      4101.5625,
      4113.28125,
      4125.0,
      4136.71875,
      4148.4375,
      4160.15625,
      4171.875,
      4183.59375,
      4195.3125,
      4207.03125,
      4218.75,
      4230.46875,
      4242.1875,
      4253.90625,
      4265.625,
      4277.34375,
      4289.0625,
      4300.78125,
      4312.5,
      4324.21875,
      4335.9375,
      4347.65625,
      4359.375,
      4371.09375,
      4382.8125,
      4394.53125,
      4406.25,
      4417.96875,
      4429.6875,
      4441.40625,
      4453.125,
      4464.84375,
      4476.5625,
      4488.28125,
      4500.0,
      4511.71875,
      4523.4375,
      4535.15625,
      4546.875,
      4558.59375,
      4570.3125,
      4582.03125,
      4593.75,
      4605.46875,
      4617.1875,
      4628.90625,
      4640.625,
      4652.34375,
      4664.0625,
      4675.78125,
      4687.5,
      4699.21875,
      4710.9375,
      4722.65625,
      4734.375,
      4746.09375,
      4757.8125,
      4769.53125,
      4781.25,
      4792.96875,
      4804.6875,
      4816.40625,
      4828.125,
      4839.84375,
      4851.5625,
      4863.28125,
      4875.0,
      4886.71875,
      4898.4375,
      4910.15625,
      4921.875,
      4933.59375,
      4945.3125,
      4957.03125,
      4968.75,
      4980.46875,
      4992.1875
    ]
  }
}