{
  "epochs": [
    1,
    2,
    3,
    4,
    5,
    6,
    7,
    8,
    9,
    10,
    11,
    12,
    13,
    14,
    15,
    16,
    17,
    18,
    19,
    20,
    21,
    22,
    23,
    24,
    25,
    26,
    27,
    28,
    29,
    30,
    31,
    32,
    33,
    34,
    35,
    36,
    37,
    38,
    39,
    40,
    41,
    42,
    43,
    44,
    45,
    46,
    47,
    48,
    49,
    50
  ],
  "train_acc": [
    0.3020408163265306,
    0.23673469387755103,
    0.27346938775510204,
    0.32653061224489793,
    0.4163265306122449,
    0.44081632653061226,
    0.49795918367346936,
    0.5510204081632653,
    0.6244897959183674,
    0.5673469387755102,
    0.6285714285714286,
    0.689795918367347,
    0.7224489795918367,
    0.7387755102040816,
    0.7714285714285715,
    0.7836734693877551,
    0.7224489795918367,
    0.7387755102040816,
    0.7714285714285715,
    0.8081632653061225,
    0.8122448979591836,
    0.8244897959183674,
    0.8244897959183674,
    0.8653061224489796,
    0.8816326530612245,
    0.8653061224489796,
    0.8530612244897959,
    0.8244897959183674,
    0.8938775510204081,
    0.8938775510204081,
    0.9183673469387755,
    0.9306122448979591,
    0.9102040816326531,
    0.9061224489795918,
    0.9673469387755103,
    0.9469387755102041,
    0.9591836734693877,
    0.9755102040816327,
    0.9387755102040817,
    0.9020408163265307,
    0.9591836734693877,
    0.9795918367346939,
    0.9673469387755103,
    0.9836734693877551,
    0.9918367346938776,
    0.9836734693877551,
    0.9755102040816327,
    0.9795918367346939,
    0.9714285714285714,
    0.9795918367346939
  ],
  "val_acc": [
    0.29523809523809524,
    0.21904761904761905,
    0.2571428571428571,
    0.2761904761904762,
    0.3238095238095238,
    0.38095238095238093,
    0.4095238095238095,
    0.4380952380952381,
    0.47619047619047616,
    0.41904761904761906,
    0.5238095238095238,
    0.5142857142857142,
    0.5333333333333333,
    0.5142857142857142,
    0.5523809523809524,
    0.5619047619047619,
    0.44761904761904764,
    0.5523809523809524,
    0.5333333333333333,
    0.5714285714285714,
    0.5714285714285714,
    0.580952380952381,
    0.5523809523809524,
    0.6285714285714286,
    0.6,
    0.6095238095238096,
    0.49523809523809526,
    0.638095238095238,
    0.5619047619047619,
    0.6095238095238096,
    0.6095238095238096,
    0.6095238095238096,
    0.5523809523809524,
    0.6,
    0.638095238095238,
    0.6,
    0.6,
    0.6,
    0.580952380952381,
    0.6,
    0.5904761904761905,
    0.5904761904761905,
    0.6,
    0.6,
    0.6,
    0.6,
    0.5904761904761905,
    0.5904761904761905,
    0.5714285714285714,
    0.6571428571428571
  ],
  "train_loss": [
    1.6504111737012863,
    1.6072532534599304,
    1.5939704030752182,
    1.567756101489067,
    1.5437992811203003,
    1.4817766845226288,
    1.4096189588308334,
    1.2921604961156845,
    1.203001320362091,
    1.132574737071991,
    1.1020772904157639,
    1.041674368083477,
    0.9766934290528297,
    0.8895529434084892,
    0.8275817111134529,
    0.7821381986141205,
    0.7388392463326454,
    0.7753928452730179,
    0.7379627674818039,
    0.6927479282021523,
    0.6187217235565186,
    0.5851982496678829,
    0.5592764988541603,
    0.6041961833834648,
    0.5344862900674343,
    0.4828704707324505,
    0.45499615743756294,
    0.4915119931101799,
    0.4594997242093086,
    0.45089979842305183,
    0.42795134894549847,
    0.34734191186726093,
    0.31651059724390507,
    0.3221686128526926,
    0.3259817026555538,
    0.32136281952261925,
    0.27073259465396404,
    0.23746307007968426,
    0.2769290581345558,
    0.26763847656548023,
    0.28660362027585506,
    0.1980746015906334,
    0.2085297852754593,
    0.2110380413942039,
    0.15064380038529634,
    0.18386991415172815,
    0.13816200848668814,
    0.1484997421503067,
    0.11767493095248938,
    0.15620074607431889
  ]
}