{
  "epochs": [
    1,
    2,
    3,
    4,
    5,
    6,
    7,
    8,
    9,
    10,
    11,
    12,
    13,
    14,
    15,
    16,
    17,
    18,
    19,
    20,
    21,
    22,
    23,
    24,
    25,
    26,
    27,
    28,
    29,
    30,
    31,
    32,
    33,
    34,
    35,
    36,
    37,
    38,
    39,
    40,
    41,
    42,
    43,
    44,
    45,
    46,
    47,
    48,
    49,
    50,
    51,
    52,
    53,
    54,
    55,
    56,
    57,
    58,
    59,
    60,
    61,
    62,
    63,
    64,
    65,
    66,
    67,
    68,
    69,
    70,
    71,
    72,
    73,
    74,
    75,
    76,
    77,
    78,
    79,
    80,
    81,
    82,
    83,
    84,
    85,
    86,
    87,
    88,
    89,
    90,
    91,
    92,
    93,
    94,
    95,
    96,
    97,
    98,
    99,
    100
  ],
  "train_acc": [
    0.2,
    0.24642857142857144,
    0.2,
    0.33214285714285713,
    0.33214285714285713,
    0.2892857142857143,
    0.4035714285714286,
    0.4,
    0.44642857142857145,
    0.5071428571428571,
    0.5678571428571428,
    0.6178571428571429,
    0.6142857142857143,
    0.6464285714285715,
    0.7,
    0.6214285714285714,
    0.6392857142857142,
    0.7071428571428572,
    0.7,
    0.7535714285714286,
    0.7321428571428571,
    0.7714285714285715,
    0.7928571428571428,
    0.7857142857142857,
    0.8142857142857143,
    0.8321428571428572,
    0.8321428571428572,
    0.85,
    0.8428571428571429,
    0.8964285714285715,
    0.8892857142857142,
    0.8071428571428572,
    0.8928571428571429,
    0.8642857142857143,
    0.9107142857142857,
    0.9,
    0.9035714285714286,
    0.925,
    0.9071428571428571,
    0.9321428571428572,
    0.95,
    0.9321428571428572,
    0.9214285714285714,
    0.9392857142857143,
    0.9285714285714286,
    0.9428571428571428,
    0.9428571428571428,
    0.95,
    0.9678571428571429,
    0.9642857142857143,
    0.9392857142857143,
    0.975,
    0.9464285714285714,
    0.9821428571428571,
    0.9571428571428572,
    0.9714285714285714,
    0.9714285714285714,
    0.9714285714285714,
    0.9642857142857143,
    0.9892857142857143,
    0.9857142857142858,
    0.9857142857142858,
    0.9857142857142858,
    0.9857142857142858,
    0.9892857142857143,
    0.9714285714285714,
    0.9821428571428571,
    0.9821428571428571,
    0.9892857142857143,
    0.9821428571428571,
    0.9821428571428571,
    0.9964285714285714,
    0.9928571428571429,
    0.9892857142857143,
    0.9857142857142858,
    0.9892857142857143,
    0.9892857142857143,
    0.9928571428571429,
    0.9892857142857143,
    0.9928571428571429,
    0.9928571428571429,
    0.9928571428571429,
    0.9892857142857143,
    0.9928571428571429,
    0.9964285714285714,
    0.9892857142857143,
    0.9857142857142858,
    0.9928571428571429,
    0.9928571428571429,
    0.9928571428571429,
    0.9892857142857143,
    0.9821428571428571,
    0.9857142857142858,
    0.9892857142857143,
    0.9928571428571429,
    0.9821428571428571,
    0.9857142857142858,
    0.9928571428571429,
    0.9928571428571429,
    0.9892857142857143
  ],
  "val_acc": [
    0.2,
    0.25,
    0.2,
    0.2916666666666667,
    0.26666666666666666,
    0.25,
    0.3416666666666667,
    0.3416666666666667,
    0.3333333333333333,
    0.3416666666666667,
    0.3416666666666667,
    0.4,
    0.45,
    0.45,
    0.48333333333333334,
    0.45,
    0.43333333333333335,
    0.49166666666666664,
    0.49166666666666664,
    0.5166666666666667,
    0.5333333333333333,
    0.5166666666666667,
    0.5666666666666667,
    0.5666666666666667,
    0.5583333333333333,
    0.6083333333333333,
    0.6,
    0.6333333333333333,
    0.625,
    0.6666666666666666,
    0.65,
    0.55,
    0.6916666666666667,
    0.65,
    0.6833333333333333,
    0.6583333333333333,
    0.6583333333333333,
    0.7083333333333334,
    0.6833333333333333,
    0.6833333333333333,
    0.6833333333333333,
    0.7083333333333334,
    0.6916666666666667,
    0.7166666666666667,
    0.6833333333333333,
    0.7,
    0.7083333333333334,
    0.7166666666666667,
    0.7,
    0.6833333333333333,
    0.6833333333333333,
    0.7,
    0.6666666666666666,
    0.7166666666666667,
    0.725,
    0.6833333333333333,
    0.7083333333333334,
    0.7416666666666667,
    0.7,
    0.7166666666666667,
    0.725,
    0.75,
    0.725,
    0.725,
    0.7333333333333333,
    0.6916666666666667,
    0.7,
    0.725,
    0.7333333333333333,
    0.7166666666666667,
    0.6583333333333333,
    0.7083333333333334,
    0.75,
    0.7583333333333333,
    0.7333333333333333,
    0.7,
    0.75,
    0.7083333333333334,
    0.7333333333333333,
    0.725,
    0.7166666666666667,
    0.75,
    0.7416666666666667,
    0.7166666666666667,
    0.7166666666666667,
    0.7666666666666667,
    0.7,
    0.7333333333333333,
    0.7166666666666667,
    0.725,
    0.7166666666666667,
    0.7333333333333333,
    0.7,
    0.6916666666666667,
    0.725,
    0.7083333333333334,
    0.7333333333333333,
    0.725,
    0.7333333333333333,
    0.75
  ],
  "train_loss": [
    1.7046899795532227,
    1.6092664268281724,
    1.6016321182250977,
    1.5774672163857355,
    1.5748964415656195,
    1.5417515966627333,
    1.5515008899900649,
    1.5009907881418865,
    1.4568301836649578,
    1.4142950773239136,
    1.4070195224550035,
    1.3325755596160889,
    1.2702019214630127,
    1.243215004603068,
    1.2018239498138428,
    1.1787485811445448,
    1.1284012926949396,
    1.0663803617159526,
    1.07743501663208,
    1.0164543787638347,
    1.0006691018740337,
    0.9500284459855821,
    0.8850705160035027,
    0.8737378186649747,
    0.8578783406151665,
    0.788160072432624,
    0.7443142202165391,
    0.756179047955407,
    0.7807503276401095,
    0.6587552395131853,
    0.6510251528686948,
    0.6752580735418532,
    0.7251707249217563,
    0.6432617505391439,
    0.622146444188224,
    0.5609500573741065,
    0.5852575964397855,
    0.5731261471907297,
    0.5553537739647759,
    0.4907684491740333,
    0.49549395508236355,
    0.432160390747918,
    0.42941563328107196,
    0.43400581346617806,
    0.4352491961585151,
    0.4170822699864705,
    0.37394873797893524,
    0.36431994703080917,
    0.4238841732343038,
    0.40407399667633903,
    0.43714789549509686,
    0.41263171699311996,
    0.38015929857889813,
    0.3394470777776506,
    0.3347446504566405,
    0.33108287387424046,
    0.3396495481332143,
    0.33715230060948265,
    0.28561735649903613,
    0.3167135930723614,
    0.27260422541035545,
    0.2778249896234936,
    0.2518634912040498,
    0.27153630389107597,
    0.23607943869299358,
    0.2602830214632882,
    0.2706320732831955,
    0.2966294147902065,
    0.2726757675409317,
    0.28653329445256126,
    0.2779373841153251,
    0.2886979712380303,
    0.261949908402231,
    0.19926562905311584,
    0.26334002282884383,
    0.2647029409805934,
    0.2450199690130022,
    0.24568551861577564,
    0.2245350115829044,
    0.2464329699675242,
    0.2176891697777642,
    0.2082346412870619,
    0.2728115643064181,
    0.22383506927225325,
    0.2178718944390615,
    0.21770340700944266,
    0.20456692410839927,
    0.2084375520547231,
    0.21523982865942848,
    0.18664093812306723,
    0.2011142319275273,
    0.24828931440909704,
    0.2406958838303884,
    0.22140193068318897,
    0.2398415489329232,
    0.25680462022622425,
    0.1885302894645267,
    0.1928566810157564,
    0.2153017380171352,
    0.15787857356998655
  ]
}