path,pred_label,proba_NotU,proba_U
PLY\ML2D\U__XY.png,U,0.0001281277509406209,0.9998718500137329
