mora,token_id,start_sec,end_sec
さ,43,1.1040404040404042,1.3446464646464646
か,14,1.3446464646464646,1.5451515151515154
な,13,1.5451515151515154,3.47
